Age,Tenure,NumProducts,SaccoScore,MonthsInactive,BranchVisits,UtilizationRate,Education_Ord,EmploymentStatus_TE,Balance_RobustScaler,Gender_Male,MaritalStatus_Married,MaritalStatus_Single,Churn
32,13,2,19,6,10,0.97,1.0,0.2765167148163434,-0.28735855216553013,1,0,0,1
45,88,1,14,5,9,0.89,3.0,0.2723334021043945,-0.48735978415537856,1,0,1,0
29,151,3,16,11,7,0.71,1.0,0.27391304347826084,0.6682466936472443,0,0,1,0
49,118,2,22,12,8,0.89,2.0,0.2765167148163434,-0.059169392444206256,0,0,1,0
33,108,1,15,7,8,0.64,1.0,0.2723334021043945,0.20970007207140612,0,0,1,0
33,69,3,15,9,11,0.78,2.0,0.265988987717069,-0.24946254442863391,0,1,0,1
41,167,2,11,7,14,0.63,3.0,0.2770060128550695,1.6954059098553027,1,1,0,0
41,68,1,10,10,7,0.95,1.0,0.2641112047177759,-0.3715712182531616,0,0,1,0
49,78,4,18,7,9,0.87,2.0,0.2733843537414966,1.2566327253463432,0,1,0,1
40,143,2,16,9,8,0.66,1.0,0.2723334021043945,0.01186714221474815,0,0,1,0
42,178,1,17,9,12,0.9,2.0,0.2723334021043945,0.19971479435009457,0,1,0,0
30,150,2,19,6,18,0.84,1.0,0.2765167148163434,-0.20291796795594405,0,0,0,0
48,123,4,17,10,10,0.82,2.0,0.2723334021043945,0.79437781432681,0,1,0,0
25,129,1,18,10,11,0.79,1.0,0.2765167148163434,-0.1981501672426219,1,0,1,0
45,160,3,15,4,11,0.95,1.0,0.27391304347826084,1.691414262746475,0,1,0,0
26,134,1,9,11,8,0.98,2.0,0.2770060128550695,-0.5219910187940051,1,1,0,0
45,85,2,13,13,12,0.5,2.0,0.2765167148163434,0.2028070888695877,1,0,1,1
34,157,4,16,9,11,0.96,1.0,0.2641112047177759,2.1388455639125517,0,1,0,0
35,7,3,9,14,8,0.59,3.0,0.2765167148163434,0.24500890112665472,0,1,0,0
54,117,3,15,7,3,0.77,3.0,0.2765167148163434,-0.4825735035943304,0,0,1,0
27,81,3,10,7,10,0.61,2.0,0.2723334021043945,-0.618492783619463,1,1,0,0
45,70,1,12,7,9,0.94,3.0,0.2770060128550695,0.9852007219460511,0,0,1,0
28,128,2,12,6,9,0.9,1.0,0.2733843537414966,-0.5237650841757064,1,0,1,0
35,127,3,15,8,11,0.85,3.0,0.2770060128550695,-0.5533266805881519,1,0,1,0
34,17,2,30,7,8,0.91,3.0,0.2770060128550695,-0.14593227751803325,0,1,0,1
54,79,4,23,8,8,1.0,1.0,0.27474402730375425,-0.48975600441052364,0,1,0,0
48,127,3,17,5,16,0.58,1.0,0.27474402730375425,-0.415263738226797,0,1,0,0
36,17,1,16,5,7,0.5,2.0,0.27812113720642767,2.1388455639125517,0,1,0,0
36,93,2,12,6,7,0.65,2.0,0.2765167148163434,1.174175644792687,1,0,1,0
36,167,1,19,6,9,0.67,3.0,0.2767747230201067,0.5757427358798564,1,0,1,0
21,36,1,11,8,11,0.53,3.0,0.2765167148163434,0.20264693018929525,1,1,0,1
33,12,1,13,7,7,0.65,3.0,0.2765167148163434,-0.377780447089116,1,1,0,1
33,119,2,16,2,15,0.63,3.0,0.2719186785260483,0.37004355084114104,1,1,0,0
26,22,3,11,6,14,0.69,1.0,0.2765167148163434,0.702249613463185,1,0,1,0
34,132,1,20,8,8,0.95,2.0,0.2765167148163434,0.02682965892361047,0,1,0,0
53,147,1,11,10,10,0.96,1.0,0.2723334021043945,-0.4542808567257406,1,0,1,0
31,11,1,20,5,13,0.66,2.0,0.2765167148163434,-0.5790937482675143,1,0,1,0
46,80,1,15,9,8,0.59,3.0,0.2627646326276463,-0.3866569339468643,0,1,0,0
33,54,1,16,12,8,0.98,2.0,0.27621483375959077,-0.25217908204436396,0,1,0,1
38,51,2,16,6,5,0.97,1.0,0.27391304347826084,0.8919329304726529,0,1,0,0
57,93,4,19,8,9,0.5,2.0,0.2719186785260483,-0.3624544933749746,1,0,1,0
38,111,1,19,8,10,0.55,1.0,0.27391304347826084,-0.36606422363079727,1,1,0,0
29,137,2,12,6,14,0.68,1.0,0.2767747230201067,-0.6283918220513863,0,0,1,0
18,59,3,7,6,9,0.93,3.0,0.27621483375959077,-0.34370360788227106,1,0,1,0
30,127,1,14,7,18,0.78,3.0,0.2765167148163434,2.1388455639125517,0,1,0,0
45,39,2,12,3,11,0.68,1.0,0.2767747230201067,-0.570235741257492,0,0,1,0
30,167,2,19,10,6,0.57,1.0,0.27391304347826084,0.05105057934322621,0,1,0,0
43,132,3,14,5,11,0.73,2.0,0.2765167148163434,2.1388455639125517,0,1,0,0
33,58,3,16,3,13,0.96,3.0,0.27474402730375425,0.13390189664837163,1,1,0,0
21,88,2,18,7,8,0.73,3.0,0.2641112047177759,1.2237139565969977,0,0,1,0
18,46,1,18,9,7,0.98,3.0,0.27812113720642767,-0.30753854588238194,1,1,0,0
25,17,4,19,8,9,0.85,2.0,0.2723334021043945,-0.46075496337910177,0,1,0,1
35,127,1,10,10,11,0.64,2.0,0.26641414141414144,0.050305225484942005,1,0,0,0
30,7,3,5,8,8,0.61,2.0,0.2767747230201067,-0.16545315666598906,1,0,0,1
27,61,1,12,11,7,0.75,2.0,0.2767747230201067,-0.4210417706158101,1,0,0,1
36,43,1,17,6,9,0.97,1.0,0.2733843537414966,1.2298800657882578,1,1,0,0
24,25,1,15,16,6,0.98,1.0,0.2765167148163434,0.6586125330327278,1,1,0,1
45,55,1,13,9,6,0.81,1.0,0.2723334021043945,-0.2422307640185045,0,1,0,0
29,73,3,12,6,13,0.82,1.0,0.2767747230201067,-0.4416529607796032,1,1,0,0
33,156,1,9,9,8,0.58,3.0,0.2719186785260483,2.1388455639125517,0,1,0,0
26,122,1,12,7,19,0.68,2.0,0.27391304347826084,0.12150191882418888,0,0,1,0
31,115,3,16,5,10,0.86,2.0,0.2767747230201067,0.38066946328362256,0,1,0,0
18,124,1,9,10,8,0.7,2.0,0.2770060128550695,-0.0649905444779135,0,0,1,0
39,159,1,7,6,12,0.91,2.0,0.27474402730375425,-0.21814536248221314,0,1,0,0
40,22,1,16,5,8,0.64,2.0,0.2767747230201067,-0.000927072360923746,0,1,0,1
45,95,2,14,6,5,0.54,1.0,0.2719186785260483,0.05899691386542975,1,1,0,0
27,140,3,15,16,13,0.77,1.0,0.2723334021043945,0.15751914204226958,0,1,0,1
28,101,3,19,12,9,0.96,1.0,0.2767747230201067,-0.3246447249274666,0,0,1,0
22,48,3,12,4,9,0.7,2.0,0.265988987717069,-0.48527772131157637,1,1,0,1
44,95,3,14,11,8,0.53,2.0,0.27391304347826084,0.3015695550668662,1,0,1,1
30,169,2,11,6,10,0.78,2.0,0.2765167148163434,0.8503409531905457,1,0,1,0
27,25,2,16,9,14,0.93,1.0,0.2723334021043945,2.1388455639125517,1,0,1,1
35,164,1,17,7,11,0.54,3.0,0.2641112047177759,-0.07888738996790666,1,0,1,0
33,143,4,15,6,10,0.89,3.0,0.27621483375959077,1.4167914056388176,1,1,0,0
55,62,1,16,4,10,0.88,1.0,0.2767747230201067,0.9382311089756621,0,0,0,0
28,56,4,9,5,12,0.63,3.0,0.27391304347826084,2.1388455639125517,0,0,1,1
46,13,1,11,11,16,0.75,3.0,0.2770060128550695,0.5636261157208065,1,1,0,0
41,92,1,8,15,7,0.61,2.0,0.27391304347826084,-0.45798298622019357,1,1,0,0
53,19,1,13,6,13,0.51,3.0,0.2770060128550695,2.1388455639125517,0,1,0,0
36,147,2,17,4,6,0.97,3.0,0.27391304347826084,2.1388455639125517,0,0,1,0
35,6,3,12,6,8,0.59,2.0,0.2767747230201067,-0.45104072342443896,1,0,1,1
29,147,1,13,5,8,0.74,1.0,0.2765167148163434,0.10570164901841209,0,1,0,0
23,38,1,14,8,3,0.99,2.0,0.265988987717069,-0.39234872704648915,0,1,0,0
32,3,1,9,9,7,0.52,2.0,0.27391304347826084,0.9812275546849494,0,0,1,1
29,97,1,13,7,8,0.55,2.0,0.2767747230201067,0.19380740302699906,1,1,0,0
30,155,1,12,9,10,0.86,2.0,0.2733843537414966,0.9222090809971726,1,1,0,1
39,36,3,16,8,11,0.98,2.0,0.2733843537414966,-0.16180646671471427,0,1,0,1
31,58,3,14,11,16,0.76,2.0,0.265988987717069,-0.5860052113170587,1,1,0,0
33,146,2,14,4,5,0.67,2.0,0.2765167148163434,0.3591219608350427,0,0,1,0
37,136,1,11,8,12,0.62,1.0,0.2770060128550695,-0.6074911142732183,1,0,1,0
34,22,2,17,13,8,0.93,2.0,0.2723334021043945,0.08077233443596425,0,1,0,0
37,76,3,15,5,10,0.76,1.0,0.2767747230201067,-0.05642205508226612,1,0,0,0
30,124,1,19,13,11,0.57,2.0,0.2767747230201067,-0.1223458318703454,0,1,0,0
45,121,1,20,4,13,0.95,3.0,0.2765167148163434,0.3375190188432847,0,1,0,0
32,20,3,13,6,6,0.79,1.0,0.2767747230201067,0.9299459772451475,0,0,0,1
30,163,2,12,8,8,0.66,1.0,0.2765167148163434,-0.3370693425486174,0,0,1,0
44,77,2,12,8,7,0.94,1.0,0.27621483375959077,1.5967420028458965,0,0,1,0
47,90,2,10,12,9,0.67,2.0,0.2723334021043945,0.3559372670769193,0,0,0,0
31,173,1,21,8,9,0.6,2.0,0.2655860349127182,-0.32313553736317213,1,1,0,0
34,83,2,12,7,13,0.53,1.0,0.2765167148163434,0.7697318574094949,1,1,0,0
36,71,4,15,9,9,0.64,1.0,0.27391304347826084,-0.1768367428652388,1,1,0,1
52,38,3,14,7,10,0.75,3.0,0.2767747230201067,1.0734666346349306,1,0,1,1
44,7,3,16,4,8,0.7,1.0,0.27474402730375425,0.7414022508454531,1,0,1,1
40,74,3,14,10,12,0.99,1.0,0.2719186785260483,0.24191044665791953,0,0,1,1
18,2,2,10,5,13,0.81,2.0,0.2770060128550695,-0.016228386278097067,1,0,1,0
42,56,1,21,7,10,0.5,2.0,0.26641414141414144,0.7000135518883325,1,1,0,0
36,52,4,18,0,14,0.52,1.0,0.265988987717069,0.723131841393627,1,0,1,0
43,50,2,19,5,16,0.59,2.0,0.27391304347826084,-0.009298443380826542,0,0,0,0
42,141,4,12,8,8,0.61,2.0,0.2767747230201067,-0.19333924688460566,0,1,0,0
27,2,4,15,14,8,0.6,2.0,0.2641112047177759,1.8349657198824683,0,0,1,1
32,54,1,9,4,12,1.0,1.0,0.2719186785260483,-0.6135278645303963,1,0,0,1
18,60,1,13,5,6,0.83,2.0,0.265988987717069,2.1388455639125517,0,0,1,0
33,169,2,12,9,12,0.54,2.0,0.2723334021043945,1.2189091961882235,0,1,0,0
18,43,3,22,12,9,0.58,1.0,0.2719186785260483,0.31797965984760285,1,0,1,0
36,15,2,13,13,9,0.74,2.0,0.27391304347826084,0.12074424506742064,0,0,1,0
37,29,1,14,4,12,0.86,1.0,0.27391304347826084,0.7247827077904878,0,0,1,0
29,135,4,20,4,11,0.81,3.0,0.265988987717069,0.09133048743678351,0,1,0,0
35,112,1,21,5,8,0.63,1.0,0.2655860349127182,-0.1879800910440498,1,0,1,0
19,23,1,17,6,7,0.53,3.0,0.2733843537414966,0.3061833570491379,0,1,0,0
39,94,2,20,9,7,0.61,3.0,0.2723334021043945,-0.052818484775685445,0,0,1,0
54,122,2,17,6,15,0.54,2.0,0.27812113720642767,-0.004290404647065709,0,0,1,0
41,70,1,12,13,8,0.79,2.0,0.2765167148163434,0.8094204103758185,0,1,0,0
34,50,2,16,6,15,0.79,2.0,0.2723334021043945,0.2472326428030233,1,1,0,0
32,62,3,14,3,16,0.71,1.0,0.2770060128550695,-0.55872279612416,0,0,1,0
40,114,4,20,5,11,0.51,1.0,0.265988987717069,0.5221203777280875,1,0,1,0
43,173,1,11,7,10,0.78,2.0,0.2627646326276463,-0.35223513758246633,0,1,0,1
34,79,2,14,4,10,0.69,1.0,0.27391304347826084,1.1088678629288096,0,0,1,0
35,94,2,9,4,12,0.99,1.0,0.27391304347826084,0.17243853910643775,1,1,0,0
38,60,2,14,12,10,0.71,1.0,0.2733843537414966,0.0010256315487960378,1,1,0,0
35,123,2,18,9,14,0.63,1.0,0.26641414141414144,-0.3228644995965233,1,1,0,0
43,49,2,20,10,12,0.61,3.0,0.27391304347826084,-0.3665015800269806,0,0,1,0
31,96,1,17,7,10,0.95,3.0,0.2770060128550695,-0.6089879819390288,1,0,1,0
26,154,1,17,2,13,0.91,2.0,0.2723334021043945,0.10644084292745427,0,1,0,0
28,156,1,12,5,12,0.52,1.0,0.27391304347826084,1.3524815355521471,0,1,0,0
38,60,1,13,6,5,0.53,1.0,0.2767747230201067,-0.11250839293084225,0,1,0,1
29,42,1,12,11,14,0.96,2.0,0.265988987717069,0.5175989749844462,0,1,0,0
36,96,2,11,5,8,0.6,2.0,0.2770060128550695,-0.1415956732516524,0,1,0,1
43,17,2,22,2,4,0.51,2.0,0.27474402730375425,-0.4233394316830829,0,0,1,1
40,81,1,7,5,9,0.61,3.0,0.2733843537414966,0.505716432896593,1,1,0,0
21,140,1,17,9,13,0.73,2.0,0.2723334021043945,0.33182106579441784,0,1,0,0
44,180,3,13,5,8,0.52,1.0,0.2641112047177759,-0.6290139769248302,1,0,1,0
25,14,2,13,10,5,0.94,2.0,0.27391304347826084,0.9828845810310523,1,1,0,1
23,75,3,8,10,8,0.8,3.0,0.2627646326276463,-0.6270058334719322,1,1,0,0
35,65,2,12,8,11,0.85,1.0,0.2770060128550695,-0.5068621834556083,0,1,0,0
40,116,3,16,4,12,0.99,3.0,0.27474402730375425,-0.34680206235100625,1,1,0,0
32,99,2,19,4,10,0.61,1.0,0.27391304347826084,-0.3180782190354752,1,0,1,1
34,115,1,19,5,11,0.72,3.0,0.27391304347826084,-0.3823388095282095,1,0,1,0
41,167,2,19,9,10,0.81,3.0,0.27474402730375425,0.09848834845600872,0,1,0,0
42,10,4,14,9,8,0.57,3.0,0.27474402730375425,2.1388455639125517,1,0,1,0
50,161,4,18,10,12,0.78,1.0,0.2733843537414966,0.46690259272263596,1,1,0,0
63,98,1,9,9,10,0.93,3.0,0.27391304347826084,1.462510548913077,1,0,1,0
34,114,4,15,6,8,0.98,1.0,0.2719186785260483,-0.548922316880109,0,1,0,0
48,130,4,13,4,5,0.96,2.0,0.2767747230201067,-0.48216078699511516,1,0,1,0
42,19,4,16,4,6,0.79,2.0,0.2770060128550695,-0.31724662588780267,1,0,0,0
36,157,4,9,7,5,0.81,3.0,0.27391304347826084,0.7630421525326632,0,0,1,1
34,39,3,16,12,11,0.88,2.0,0.2719186785260483,-0.5686895939977454,1,0,1,0
25,61,3,17,3,11,0.56,1.0,0.27474402730375425,0.5787487911099612,1,1,0,0
45,66,1,12,11,10,0.57,3.0,0.27474402730375425,0.40606077405922175,1,1,0,0
45,85,3,21,7,10,0.62,2.0,0.2767747230201067,-0.2547231410813175,1,0,0,0
30,101,3,15,8,8,0.91,3.0,0.27474402730375425,-0.20087286480759398,0,0,1,0
35,139,2,18,8,14,0.78,3.0,0.2767747230201067,-0.5347051540295308,1,0,1,0
46,157,2,14,9,6,0.8,2.0,0.2770060128550695,-0.2067494563844794,1,1,0,1
52,129,3,15,7,13,0.69,1.0,0.27391304347826084,-0.25312771422763475,1,0,0,0
29,80,2,11,8,8,0.73,2.0,0.27391304347826084,0.4219719229513549,1,0,1,0
34,15,2,13,10,11,0.69,1.0,0.2765167148163434,-0.2015196594780059,0,0,1,0
52,84,2,14,5,10,0.76,3.0,0.27391304347826084,1.9113552504327365,0,0,1,0
31,107,3,11,8,13,0.91,1.0,0.2770060128550695,-0.5508195812466505,0,0,1,0
25,88,2,10,13,5,0.76,3.0,0.2767747230201067,-0.5412408601753121,0,0,1,0
38,40,1,20,6,11,0.83,2.0,0.26641414141414144,-0.5422449319017612,1,1,0,1
59,142,1,19,9,16,0.93,1.0,0.2723334021043945,0.5119318216817893,0,0,1,0
27,164,2,12,10,8,0.89,1.0,0.27391304347826084,0.30642975501881864,1,1,0,1
30,78,1,15,6,13,0.88,1.0,0.2719186785260483,-0.44155440159173087,0,1,0,0
34,162,1,13,10,5,0.59,2.0,0.2770060128550695,-0.6173039134157534,0,0,0,1
36,126,1,13,6,11,0.65,1.0,0.2770060128550695,0.22500138598857947,0,0,1,0
31,144,2,12,12,8,0.97,3.0,0.27391304347826084,-0.31234330629115614,0,1,0,1
40,54,1,26,6,13,0.77,2.0,0.2767747230201067,0.13289782492192265,0,0,1,0
28,17,2,15,10,9,0.86,2.0,0.2723334021043945,-0.5844837038542803,1,0,1,1
34,154,3,13,7,10,0.88,1.0,0.27474402730375425,-0.35494551524895435,0,1,0,0
42,176,3,13,15,10,0.58,3.0,0.2767747230201067,1.7826800707162174,0,1,0,0
36,117,3,9,10,9,0.76,2.0,0.2770060128550695,0.48215462704587314,0,1,0,0
42,131,2,17,7,7,0.55,1.0,0.2627646326276463,0.46644675647872663,1,0,1,0
21,5,3,16,11,9,0.81,3.0,0.2723334021043945,0.30788966298917697,0,0,1,1
27,123,1,18,11,11,0.71,2.0,0.27391304347826084,0.088792588349072,1,0,1,0
33,7,4,11,10,3,0.81,3.0,0.2770060128550695,1.0461534196958218,1,1,0,1
19,111,1,11,6,8,0.59,3.0,0.27391304347826084,-0.34719013915325336,0,0,1,0
37,86,2,8,7,9,0.8,1.0,0.265988987717069,-0.5524458078465433,0,0,1,0
44,14,2,18,8,15,0.68,2.0,0.2723334021043945,0.36417311921349765,1,1,0,0
34,120,3,19,7,13,0.81,2.0,0.2767747230201067,-0.3295357246256291,0,1,0,0
19,162,1,19,5,11,0.9,2.0,0.2767747230201067,-0.07907834839440923,0,1,0,0
33,151,4,17,4,9,0.51,2.0,0.2767747230201067,-0.33163010736791526,1,1,0,0
22,58,2,21,7,10,0.71,2.0,0.2655860349127182,-0.24514442000997913,1,0,1,0
32,49,4,13,7,9,0.52,1.0,0.2655860349127182,0.5873111205563666,0,0,1,0
21,99,2,19,5,16,0.58,1.0,0.26641414141414144,-0.5189664837161742,0,1,0,1
18,155,1,16,6,12,0.63,2.0,0.27621483375959077,0.322414823301856,0,0,1,0
44,158,1,11,9,14,0.97,3.0,0.2770060128550695,0.48074399866945094,1,1,0,0
38,108,1,15,6,11,0.98,2.0,0.27474402730375425,-0.5062769882776166,0,1,0,1
23,152,3,12,7,14,0.61,1.0,0.2733843537414966,-0.5079956141161397,0,0,1,0
21,89,3,7,1,9,0.83,1.0,0.2767747230201067,0.4246761406686009,0,0,1,1
23,67,1,9,10,9,0.61,2.0,0.2719186785260483,2.018304289172657,1,0,1,0
30,14,1,7,13,14,0.55,2.0,0.2767747230201067,0.9226587572918399,1,0,1,1
47,76,1,17,11,6,0.65,1.0,0.2765167148163434,2.1388455639125517,0,0,1,1
39,166,3,9,8,8,0.65,2.0,0.2765167148163434,1.2281244802542828,0,0,1,0
25,143,4,14,6,14,0.52,2.0,0.27391304347826084,0.4616481560191944,1,1,0,0
45,125,1,21,8,13,0.89,3.0,0.265988987717069,0.45026456981994467,1,1,0,0
21,21,2,16,5,15,0.75,2.0,0.265988987717069,0.006089109825735036,1,0,1,1
52,55,4,17,5,9,0.6,1.0,0.2770060128550695,-0.3909873782640031,0,1,0,0
32,98,3,18,5,9,0.85,1.0,0.27474402730375425,0.021371943895182304,0,0,0,0
49,168,2,17,6,13,0.54,1.0,0.2767747230201067,2.1388455639125517,1,0,1,0
25,15,1,13,7,9,0.71,2.0,0.2767747230201067,1.585438495986793,1,0,1,0
35,79,3,17,3,7,0.62,3.0,0.27474402730375425,1.2155581838005656,0,1,0,0
30,40,1,12,12,11,0.69,3.0,0.2767747230201067,-0.11598260430334054,1,0,0,0
38,177,1,23,5,12,0.66,1.0,0.2723334021043945,-0.6139590609773375,1,1,0,0
25,11,2,25,8,11,0.82,2.0,0.2765167148163434,0.6626103400907977,1,1,0,0
23,41,1,19,7,13,0.62,2.0,0.2770060128550695,-0.5089750460456206,1,1,0,1
26,146,4,21,5,8,0.69,3.0,0.2723334021043945,-0.2884365432828834,1,1,0,0
53,92,2,12,9,15,0.64,2.0,0.265988987717069,0.02860988425455374,0,1,0,0
37,24,2,12,16,11,0.67,1.0,0.265988987717069,0.3533069687505775,0,0,1,1
27,148,1,13,7,10,0.53,1.0,0.2765167148163434,1.0989996242430962,0,0,1,0
34,105,3,16,11,8,0.61,1.0,0.2770060128550695,-0.6138789816371913,0,1,0,0
32,111,2,10,4,8,0.99,2.0,0.27391304347826084,-0.5265432212838567,0,1,0,0
34,73,2,21,9,13,0.95,1.0,0.265988987717069,0.3991801107558874,0,0,1,0
38,115,2,16,4,17,0.56,3.0,0.2770060128550695,0.14187287096754322,0,0,1,0
27,130,1,20,5,8,0.81,2.0,0.2765167148163434,-0.42300063447477193,0,1,0,0
43,150,2,11,8,8,0.57,1.0,0.2770060128550695,-0.5920358016249946,1,0,1,1
53,113,2,17,6,10,0.94,1.0,0.27621483375959077,-0.1905118301825193,0,0,1,0
34,51,2,11,10,8,0.93,1.0,0.2733843537414966,2.1388455639125517,1,1,0,0
40,9,1,12,9,6,0.95,3.0,0.2723334021043945,0.06091881802893944,0,0,1,0
37,151,1,20,7,7,0.86,2.0,0.27391304347826084,-0.23006486426551845,1,0,1,0
35,44,3,18,7,15,0.8,2.0,0.2765167148163434,-0.3932049599911297,1,1,0,1
39,146,1,15,5,14,0.93,1.0,0.2765167148163434,-0.483448216386697,1,1,0,1
34,101,3,14,10,12,0.69,3.0,0.2719186785260483,0.35872156413431155,1,1,0,0
26,18,1,21,9,14,0.6,3.0,0.2767747230201067,-0.5381608855543031,0,1,0,0
34,87,3,19,7,8,0.87,2.0,0.2723334021043945,-0.34738725752899796,1,1,0,1
47,14,4,12,10,14,0.8,2.0,0.2770060128550695,0.8242227684043884,1,0,1,0
41,51,1,11,11,11,0.54,2.0,0.27474402730375425,0.9206752536359101,1,0,1,0
39,128,3,15,8,8,0.59,2.0,0.2770060128550695,-0.40220464583371834,0,1,0,0
34,92,3,15,9,12,0.75,2.0,0.2733843537414966,0.39672229100832207,0,1,0,0
41,52,2,12,8,16,0.85,1.0,0.2723334021043945,-0.4592211360178392,0,1,0,0
18,57,2,15,8,7,0.53,3.0,0.2723334021043945,0.28209795551284655,1,1,0,1
34,105,2,20,5,9,0.91,1.0,0.265988987717069,-0.319729085432336,0,1,0,0
20,93,2,12,11,7,0.64,2.0,0.2733843537414966,-0.2569776825038962,1,1,0,0
31,50,2,20,11,8,0.92,2.0,0.2770060128550695,-0.5378528880922021,1,1,0,1
21,77,2,12,9,5,0.78,3.0,0.2765167148163434,0.7405090582053604,0,0,1,0
48,114,2,10,5,14,0.57,1.0,0.2770060128550695,-0.5670818472455788,0,0,1,0
28,153,1,12,6,11,0.87,2.0,0.2733843537414966,0.059003073814671764,0,0,0,0
30,72,2,20,11,8,0.57,1.0,0.2719186785260483,1.06043218203882,0,1,0,0
47,75,1,16,7,15,0.92,3.0,0.2723334021043945,0.1382138611177844,1,1,0,1
32,95,1,17,3,7,0.5,3.0,0.26641414141414144,0.8023487886459816,1,1,0,0
18,150,1,21,7,8,0.9,2.0,0.2719186785260483,-0.09481085875852382,1,1,0,0
43,128,1,14,12,13,0.89,1.0,0.27391304347826084,0.013782886429015826,0,1,0,0
31,119,1,17,8,9,0.9,3.0,0.2733843537414966,-0.047810446041924616,0,0,1,0
28,153,1,13,8,6,0.86,3.0,0.27391304347826084,0.43054657229624427,1,1,0,0
30,170,2,18,3,10,0.94,2.0,0.2641112047177759,0.46358238008118813,1,0,1,1
24,158,2,15,12,9,0.89,1.0,0.2723334021043945,0.8569197789810212,1,1,0,0
21,23,4,17,7,11,0.94,1.0,0.2719186785260483,0.3691133985055963,1,0,1,0
25,51,2,11,9,14,0.61,2.0,0.27391304347826084,0.03739397187367176,1,1,0,1
25,83,1,13,5,16,0.77,2.0,0.2723334021043945,-0.5122336591946482,0,1,0,0
32,10,3,20,11,12,0.53,2.0,0.2770060128550695,-0.030390109585497014,1,1,0,0
40,101,4,16,4,16,0.6,1.0,0.27391304347826084,-0.3822094505941271,0,0,0,0
39,67,1,13,8,14,0.74,2.0,0.27391304347826084,-0.1606668761049409,0,1,0,1
18,33,4,21,8,5,0.79,2.0,0.265988987717069,0.6756940722808444,1,0,1,0
50,148,4,18,10,11,0.75,2.0,0.2655860349127182,-0.5079340146237195,0,1,0,0
37,116,2,12,12,15,0.86,1.0,0.27391304347826084,-0.4279778734623227,1,0,1,0
45,132,4,22,6,9,0.8,1.0,0.2767747230201067,2.1388455639125517,0,0,1,1
42,21,3,19,14,11,0.88,1.0,0.2765167148163434,-0.41589205304948285,1,0,1,0
23,168,2,17,8,11,0.98,1.0,0.2719186785260483,-0.20171677785375047,0,1,0,0
30,94,2,13,11,10,0.84,2.0,0.2723334021043945,-0.6254104066182494,1,1,0,0
41,115,2,19,11,7,0.8,3.0,0.2767747230201067,1.169808240780096,1,1,0,0
46,62,4,14,9,11,0.97,2.0,0.2767747230201067,-0.34682054219873226,1,1,0,0
26,175,2,17,11,10,0.53,1.0,0.27391304347826084,0.8775371290940562,1,0,0,0
49,73,3,13,6,10,0.82,3.0,0.27391304347826084,0.21186837420459656,1,0,0,0
34,76,2,10,7,7,0.71,2.0,0.2770060128550695,-0.4958851539063318,0,0,1,0
33,2,3,18,4,7,1.0,2.0,0.2767747230201067,0.12753250913212474,0,1,0,0
42,148,1,19,12,7,0.74,2.0,0.2723334021043945,-0.21815152243145516,1,1,0,1
44,60,1,11,10,6,0.66,2.0,0.265988987717069,-0.1254874059837747,0,0,1,0
27,66,3,15,4,8,0.91,2.0,0.2655860349127182,2.1388455639125517,1,0,1,1
44,94,2,15,10,9,0.54,2.0,0.2765167148163434,0.6542204892231688,0,1,0,1
26,28,4,10,12,15,0.5,3.0,0.27391304347826084,-0.24590825371598937,1,0,1,0
43,167,2,12,4,12,0.97,2.0,0.265988987717069,-0.10429718059123193,0,0,0,0
30,159,3,4,5,9,0.75,1.0,0.27391304347826084,1.1315426360886787,0,1,0,1
27,168,4,21,8,6,0.53,1.0,0.2767747230201067,-0.4462852426096009,0,0,1,0
46,43,3,13,4,13,0.81,2.0,0.2719186785260483,-0.51352108858623,0,0,1,1
40,122,1,9,9,10,0.54,1.0,0.2719186785260483,0.08754827860218432,0,1,0,0
23,86,1,10,6,8,0.53,2.0,0.2733843537414966,-0.23685312833022257,1,0,1,0
44,55,4,19,14,8,0.75,1.0,0.2719186785260483,-0.6015159635084607,1,1,0,0
32,101,1,18,10,8,0.97,1.0,0.2641112047177759,-0.21788664461404839,0,0,1,1
41,44,1,18,9,13,0.5,2.0,0.27391304347826084,-0.2524870795064649,1,1,0,0
40,93,2,14,12,9,0.57,2.0,0.2765167148163434,1.0487590782251954,1,0,1,1
25,129,1,18,7,7,0.72,1.0,0.2765167148163434,-0.26875550545463506,0,0,1,0
31,100,4,18,6,8,0.75,3.0,0.27621483375959077,-0.29072188445167213,0,1,0,0
18,40,1,19,6,9,0.62,2.0,0.27391304347826084,-0.22672001182710255,0,0,1,0
30,167,2,30,6,7,0.58,2.0,0.2733843537414966,-0.12015904988942891,0,1,0,0
40,70,2,15,10,12,0.95,2.0,0.27391304347826084,2.1388455639125517,1,1,0,0
45,136,2,14,11,10,0.52,2.0,0.2733843537414966,-0.037036694817634705,1,0,0,0
46,49,3,19,9,8,0.61,2.0,0.2767747230201067,-0.4544902949999692,0,1,0,0
42,156,3,17,5,12,0.87,2.0,0.2719186785260483,-0.5759090545093909,1,1,0,1
33,151,2,20,10,13,0.56,2.0,0.27474402730375425,-0.21338372171813305,0,0,1,0
32,77,2,8,6,14,0.68,3.0,0.27391304347826084,0.656967826585109,1,1,0,0
29,141,2,11,8,13,0.86,1.0,0.2767747230201067,-0.3296527636612274,0,1,0,0
44,30,1,18,9,11,0.77,2.0,0.2723334021043945,1.2152748261354327,0,0,1,1
29,157,1,22,11,8,0.75,2.0,0.2765167148163434,-0.4859984353728925,1,1,0,1
44,168,3,16,10,11,0.98,2.0,0.27621483375959077,0.19097998632491267,1,0,1,0
39,16,1,16,5,9,0.64,2.0,0.2733843537414966,-0.17344261083288673,1,1,0,1
37,136,1,21,13,12,0.78,3.0,0.2765167148163434,-0.34352496935425253,0,1,0,0
31,169,1,10,5,7,0.95,3.0,0.2765167148163434,-0.31547256050610145,1,0,1,0
23,42,2,14,8,9,0.81,3.0,0.27391304347826084,1.9295640603921425,1,0,1,1
32,83,2,17,12,10,0.94,2.0,0.2767747230201067,-0.5871879215715262,0,0,1,1
26,89,2,10,10,7,0.99,1.0,0.2723334021043945,-0.35089226864770634,0,0,1,0
36,79,1,14,12,8,1.0,2.0,0.27391304347826084,-0.33687838412211485,0,0,0,1
35,33,1,18,4,8,0.88,1.0,0.265988987717069,0.4877417010083837,0,0,1,1
32,135,1,14,9,13,0.65,3.0,0.2723334021043945,0.017829973081021813,1,0,1,0
41,64,1,15,9,9,0.89,2.0,0.2641112047177759,-0.4943882862405214,0,1,0,0
50,13,4,17,8,13,0.89,2.0,0.2770060128550695,-0.17725561941369603,0,1,0,1
36,31,1,14,7,11,0.85,3.0,0.2767747230201067,-0.39737524562797605,0,0,1,1
25,1,1,12,7,6,0.68,2.0,0.2733843537414966,2.1388455639125517,0,0,1,0
34,139,1,13,4,13,0.85,1.0,0.2765167148163434,0.7213269762657156,0,0,1,0
35,26,2,20,8,12,0.83,3.0,0.27391304347826084,-0.12110768207269972,1,0,1,1
40,19,4,15,8,8,0.64,2.0,0.2765167148163434,1.4035043951237842,0,0,1,0
39,93,2,21,10,17,0.94,2.0,0.2767747230201067,0.10940993846210707,0,0,1,0
37,79,2,13,9,12,0.97,1.0,0.2767747230201067,1.647549264194063,0,1,0,1
39,111,1,15,9,10,0.89,2.0,0.265988987717069,-0.36214033596363165,1,1,0,0
26,64,3,17,8,12,0.74,2.0,0.2733843537414966,0.5669956079561904,0,0,1,1
37,27,1,11,9,12,0.94,3.0,0.2767747230201067,-0.33211058340879274,1,0,1,0
19,159,2,15,8,5,0.52,2.0,0.2770060128550695,2.1388455639125517,1,1,0,0
44,99,2,14,8,9,0.98,2.0,0.2770060128550695,-0.09636932591675444,0,1,0,0
42,74,3,18,4,14,0.68,1.0,0.2627646326276463,0.9596738922871275,1,1,0,0
35,126,4,13,9,14,0.78,2.0,0.2641112047177759,-0.11912417841676985,1,1,0,0
52,34,1,15,6,5,0.51,1.0,0.2770060128550695,2.1388455639125517,0,1,0,0
30,136,3,17,11,10,0.51,1.0,0.2765167148163434,0.77887322208465,1,0,1,0
42,171,2,16,10,18,0.86,2.0,0.265988987717069,0.13056320415919773,0,0,1,0
57,35,1,13,8,10,0.99,3.0,0.2723334021043945,0.6035610666568108,1,1,0,1
48,51,4,15,11,5,0.79,2.0,0.265988987717069,-0.3622142553545359,0,0,1,0
43,66,3,15,6,9,0.99,1.0,0.2770060128550695,-0.10460517805333285,0,1,0,1
41,120,1,19,21,9,0.77,2.0,0.2719186785260483,-0.6177720695581468,0,1,0,0
40,119,2,14,9,4,0.78,3.0,0.2765167148163434,1.4421950363129008,1,0,1,1
44,87,3,17,5,10,0.91,2.0,0.2719186785260483,0.07267200118271025,0,1,0,0
47,115,1,16,9,6,0.64,3.0,0.2770060128550695,-0.009569481147475346,0,0,1,1
34,53,1,19,5,10,0.85,2.0,0.27391304347826084,1.3608036269781136,0,0,1,1
53,77,1,17,8,13,0.7,3.0,0.2767747230201067,-0.36298424900978815,1,0,1,0
35,1,4,20,4,13,0.54,1.0,0.27391304347826084,-0.06557573965590524,0,0,1,0
22,23,3,18,5,22,0.66,3.0,0.2723334021043945,-0.3762527796770955,1,1,0,0
48,175,4,15,9,6,0.8,2.0,0.27391304347826084,-0.19972711424857859,1,1,0,0
21,39,1,14,9,6,0.72,1.0,0.2733843537414966,0.5769932055759861,0,1,0,0
35,124,3,18,4,10,0.63,2.0,0.2770060128550695,-0.25241932006480267,0,0,1,1
27,15,1,22,8,7,0.85,1.0,0.2767747230201067,0.5224838147333666,0,1,0,0
48,145,1,11,6,10,0.73,1.0,0.2733843537414966,0.7175139676849063,1,1,0,0
42,74,1,12,9,8,0.91,2.0,0.27391304347826084,0.5007823135537364,1,1,0,0
28,100,1,16,7,11,0.77,1.0,0.2733843537414966,0.4039910311139036,1,1,0,0
46,161,1,16,9,7,0.62,2.0,0.2770060128550695,-0.32901212894005755,0,0,1,1
42,101,2,19,4,12,0.91,1.0,0.2723334021043945,-0.5503822248504673,1,1,0,0
44,28,1,13,11,8,0.88,2.0,0.2767747230201067,-0.588136553754797,1,0,1,1
30,143,1,21,10,11,0.76,1.0,0.2770060128550695,-0.5759028945601489,1,1,0,0
38,147,1,16,13,8,0.96,1.0,0.27391304347826084,0.5311077436721922,0,0,1,0
18,14,2,18,9,8,1.0,2.0,0.2765167148163434,0.3709921830244119,0,0,0,0
31,157,1,14,7,14,0.91,2.0,0.2719186785260483,0.4196188223409039,0,1,0,0
45,11,1,22,4,11,0.63,3.0,0.265988987717069,0.3686082826677508,0,0,1,0
41,162,1,15,4,7,0.98,1.0,0.2770060128550695,-0.2988160577556841,0,1,0,0
37,167,1,15,5,12,0.77,2.0,0.2765167148163434,-0.5320070962615268,1,0,1,1
42,103,2,15,9,5,0.89,1.0,0.2733843537414966,2.1388455639125517,0,1,0,1
26,22,3,12,7,5,0.9,1.0,0.265988987717069,0.1359962793906578,1,1,0,0
28,12,1,13,13,17,0.95,1.0,0.2641112047177759,2.1388455639125517,1,0,1,1
26,135,1,17,7,13,0.81,3.0,0.2767747230201067,-0.39600157694700594,0,0,0,1
39,24,3,14,5,7,0.99,2.0,0.2770060128550695,0.23758616229002272,1,0,0,0
36,116,3,10,10,12,0.54,2.0,0.265988987717069,0.8226211816014636,0,0,0,0
39,160,4,8,7,8,0.55,1.0,0.2733843537414966,2.1388455639125517,0,0,1,0
47,153,3,14,7,9,0.95,3.0,0.2767747230201067,0.241725648180659,1,1,0,0
52,17,3,9,5,13,0.55,1.0,0.27621483375959077,0.8283376144980565,0,0,1,1
22,74,3,17,10,8,0.7,3.0,0.2723334021043945,-0.4302077750879333,0,1,0,0
39,81,1,14,9,9,0.61,2.0,0.2723334021043945,-0.3537073654513087,1,1,0,0
29,10,1,18,11,8,0.58,3.0,0.2723334021043945,-0.6231065856017346,1,0,1,0
49,116,1,8,11,11,0.69,3.0,0.2641112047177759,-0.11941985598038672,1,0,1,0
47,136,2,18,8,11,0.55,1.0,0.2767747230201067,-0.3852771053166522,1,0,1,1
23,10,1,9,7,12,0.68,2.0,0.2733843537414966,0.8812700583347193,1,1,0,0
36,112,1,12,6,13,1.0,1.0,0.2767747230201067,0.18589802820024762,1,0,0,0
51,23,1,15,11,12,0.88,2.0,0.2723334021043945,0.5619259697300094,0,1,0,0
26,151,2,6,6,12,0.55,1.0,0.2627646326276463,-0.6206426059049274,0,0,1,1
25,137,2,9,5,9,0.85,2.0,0.2767747230201067,-0.3530051312377186,0,1,0,0
34,106,2,19,16,10,0.64,2.0,0.2767747230201067,-0.4541884574871103,0,0,1,0
28,179,2,17,10,14,0.61,1.0,0.2765167148163434,-0.4509668040335348,1,1,0,0
43,82,2,8,8,11,0.76,2.0,0.26641414141414144,2.1388455639125517,0,1,0,1
31,118,1,18,7,10,0.94,2.0,0.2719186785260483,-0.03525030953744941,0,1,0,1
33,84,1,20,9,7,0.55,2.0,0.2723334021043945,0.05284928452189554,1,0,0,1
22,151,2,11,6,13,0.67,1.0,0.27474402730375425,-0.0057749524143921056,1,1,0,1
39,129,2,12,7,10,0.58,1.0,0.2719186785260483,-0.08149304849728038,1,0,1,0
42,151,1,13,6,6,0.7,1.0,0.2719186785260483,-0.44023001250469695,0,1,0,0
22,162,1,16,9,7,0.69,1.0,0.2770060128550695,-0.009668040335347636,1,1,0,0
49,173,2,11,10,11,0.72,2.0,0.2770060128550695,1.0352195097912393,0,1,0,0
26,90,1,17,7,9,0.94,1.0,0.2767747230201067,-0.1868405004342764,0,0,1,0
37,49,1,14,10,10,0.91,3.0,0.2655860349127182,2.1149046131859874,0,0,1,1
26,108,3,11,7,7,0.96,2.0,0.27621483375959077,-0.39853947603471745,1,1,0,1
29,31,2,18,7,11,0.54,1.0,0.2767747230201067,0.3328189775716248,0,1,0,1
44,126,3,16,8,9,0.9,2.0,0.2719186785260483,-0.20750713014124764,1,0,1,0
34,178,2,12,7,14,0.67,2.0,0.2641112047177759,2.1388455639125517,1,0,1,0
44,61,2,15,11,7,0.57,1.0,0.27474402730375425,-0.15687850732109967,1,1,0,0
39,98,2,13,11,8,0.58,2.0,0.2767747230201067,-0.21213941197124536,0,1,0,1
33,76,1,18,5,7,0.69,1.0,0.27474402730375425,1.066185574630865,0,0,1,0
22,65,1,15,8,7,0.95,1.0,0.27474402730375425,-0.17568483235698137,1,0,1,0
38,10,3,14,8,13,0.67,3.0,0.2719186785260483,-0.43955857803731696,1,0,1,0
57,14,1,24,7,18,0.57,2.0,0.2733843537414966,-0.4528702283493184,0,0,1,0
33,178,1,17,3,11,0.67,2.0,0.2733843537414966,0.034541915374617316,0,0,1,0
29,123,2,11,6,7,0.97,2.0,0.2770060128550695,1.437846112148036,0,0,1,1
49,84,3,17,8,7,0.62,3.0,0.2770060128550695,-0.28276938998022655,1,0,1,0
43,108,1,12,8,5,0.77,3.0,0.27391304347826084,1.699878033005008,0,0,1,0
49,109,2,21,8,9,0.82,2.0,0.27391304347826084,0.07442142676744344,1,0,1,0
41,31,3,15,3,6,0.93,3.0,0.27474402730375425,0.2985758197352454,0,0,1,1
39,43,1,12,6,7,0.78,1.0,0.27391304347826084,-0.04137329908401555,0,1,0,0
26,9,2,12,3,9,0.74,2.0,0.2641112047177759,0.33728494077208804,1,1,0,0
38,70,1,11,9,13,0.52,2.0,0.2767747230201067,1.9559224831987385,1,1,0,0
39,55,2,17,14,16,0.55,1.0,0.2765167148163434,0.06264360381670456,1,0,1,0
54,101,2,14,8,10,0.79,2.0,0.27391304347826084,-0.28379194155440157,1,0,1,0
44,101,1,8,3,12,0.84,1.0,0.27391304347826084,0.009187564294470214,0,0,0,0
51,51,1,15,6,9,0.76,2.0,0.2733843537414966,2.1388455639125517,1,1,0,0
36,137,1,15,5,12,0.55,3.0,0.2723334021043945,0.18457979906245572,0,1,0,0
27,30,4,14,6,11,0.53,1.0,0.27621483375959077,-0.22159493405774336,0,0,1,1
27,69,1,11,12,8,0.67,3.0,0.2723334021043945,1.2940236172453938,0,1,0,0
22,129,1,23,13,11,0.59,1.0,0.2765167148163434,-0.10199951952395912,0,0,1,1
18,91,1,15,10,9,0.74,1.0,0.2723334021043945,0.4529749474864327,0,0,1,0
31,130,1,17,5,8,0.83,1.0,0.2641112047177759,0.7445746247050924,0,1,0,0
30,38,1,14,9,8,0.95,2.0,0.2770060128550695,0.346395505701033,1,0,0,0
49,61,1,15,11,11,0.96,3.0,0.2765167148163434,-0.2523330807754144,0,1,0,0
19,14,3,12,9,10,0.74,3.0,0.2733843537414966,-0.44735707377771206,0,0,1,0
37,114,1,17,5,13,0.58,2.0,0.27621483375959077,-0.571239812983941,0,1,0,0
31,122,3,16,17,9,0.81,2.0,0.2770060128550695,0.5596960681043989,0,1,0,0
42,151,1,12,11,8,0.82,1.0,0.2765167148163434,-0.3757230240422819,0,0,1,0
43,85,1,16,10,8,0.97,3.0,0.265988987717069,1.7006480266602604,0,1,0,0
27,94,1,10,3,12,0.55,3.0,0.2765167148163434,0.5920604414219627,0,0,1,0
33,69,1,20,7,9,0.97,1.0,0.2767747230201067,1.0824786403760034,0,0,0,0
33,3,3,15,8,11,0.88,2.0,0.2767747230201067,0.7811893629996489,1,0,1,0
24,32,3,9,8,10,0.74,2.0,0.2770060128550695,1.3687746012972852,1,0,1,0
36,129,2,13,5,10,0.77,2.0,0.27474402730375425,-0.24981982148467097,0,1,0,0
31,100,1,13,11,5,0.94,2.0,0.2767747230201067,-0.008189652517263257,1,0,1,0
29,98,2,12,6,10,0.75,3.0,0.27621483375959077,0.21703041166940784,1,1,0,0
36,36,3,15,4,9,0.73,1.0,0.2770060128550695,-0.4571021134785849,0,1,0,0
36,122,1,15,8,15,0.89,3.0,0.2767747230201067,0.2878698279526177,0,0,1,1
29,86,4,15,16,11,0.85,1.0,0.2767747230201067,-0.5845021837020064,1,0,1,1
51,114,2,13,8,16,0.53,1.0,0.2767747230201067,-0.16257030042072454,0,0,0,0
23,125,1,16,6,11,0.65,2.0,0.27391304347826084,-0.5216583815349362,1,1,0,0
33,91,4,14,10,11,0.66,1.0,0.2767747230201067,-0.37037618810021006,1,1,0,0
28,3,1,15,8,10,0.92,1.0,0.2723334021043945,0.9077147204307037,1,0,1,1
44,145,4,17,10,11,0.86,2.0,0.265988987717069,1.1778038548962357,1,1,0,0
46,167,2,12,7,9,0.6,2.0,0.2733843537414966,0.08276815799037816,0,1,0,0
18,148,3,10,9,7,0.59,2.0,0.2770060128550695,-0.39873659441046205,1,1,0,0
18,177,1,17,3,7,0.56,2.0,0.27474402730375425,-0.060364422597157796,0,1,0,0
53,38,1,16,5,7,0.83,1.0,0.2655860349127182,-0.11855130313726214,0,1,0,1
36,100,2,19,12,12,0.83,3.0,0.2723334021043945,1.0249447144555528,1,1,0,0
39,177,1,16,7,9,0.5,2.0,0.27391304347826084,-0.5218616598599227,1,1,0,0
19,13,2,16,8,11,0.72,1.0,0.2767747230201067,1.7287928347470416,1,0,0,0
19,175,3,19,10,15,0.93,1.0,0.2770060128550695,0.3017235537979167,1,0,0,0
44,125,2,17,12,12,0.91,2.0,0.27391304347826084,0.33026259863618723,0,0,1,1
39,82,3,14,7,9,0.62,1.0,0.27391304347826084,2.1388455639125517,1,0,0,0
28,61,2,19,7,17,0.87,1.0,0.27474402730375425,0.5173772168117334,1,0,1,1
21,160,4,18,8,6,0.94,3.0,0.2765167148163434,0.4412772038758401,0,1,0,0
42,46,3,9,7,11,0.84,3.0,0.27391304347826084,0.6004564522388336,1,1,0,1
26,94,2,18,9,4,0.68,2.0,0.2719186785260483,0.006107589673461091,0,1,0,0
32,101,1,19,5,9,0.67,2.0,0.2770060128550695,0.1815675838831088,1,0,1,0
43,25,1,19,9,10,0.64,2.0,0.2655860349127182,0.009538681401265254,1,0,0,1
26,153,3,14,2,9,0.58,1.0,0.27391304347826084,0.044927589796660075,0,1,0,0
22,64,2,11,7,7,0.95,1.0,0.2723334021043945,2.0674668440732047,1,0,1,0
54,170,3,14,10,7,0.65,3.0,0.2767747230201067,-0.43100856848939567,0,0,1,0
30,20,1,17,5,8,0.57,3.0,0.2723334021043945,0.24383235082142923,1,0,0,0
53,82,2,10,11,1,0.6,1.0,0.27391304347826084,-0.49043359882714566,0,0,1,0
30,165,1,10,12,15,0.62,1.0,0.27391304347826084,0.06441150924916379,1,0,1,0
39,180,4,19,7,6,0.91,1.0,0.27391304347826084,2.0210639464330815,1,0,1,0
40,127,2,12,11,9,0.55,2.0,0.27391304347826084,-0.5460517805333284,1,1,0,0
23,129,1,15,11,7,0.86,3.0,0.2765167148163434,-0.4600280893685436,1,1,0,1
28,24,2,17,11,9,0.7,1.0,0.2733843537414966,-0.5519160522117298,0,1,0,1
54,64,4,5,8,9,0.92,2.0,0.2765167148163434,-0.5662748938948743,0,0,1,1
35,147,1,14,5,8,0.79,1.0,0.2723334021043945,0.16541619697053697,1,0,1,1
19,11,1,15,11,14,0.83,1.0,0.2723334021043945,-0.5560986577470601,1,0,0,0
44,7,2,20,6,12,0.69,3.0,0.2770060128550695,-0.4828876610056733,1,1,0,1
32,39,1,9,4,4,0.87,3.0,0.27812113720642767,1.121532718570399,0,0,1,0
33,58,3,20,10,10,0.67,2.0,0.2719186785260483,1.4303740937174678,0,1,0,1
30,40,1,12,13,8,0.75,2.0,0.2733843537414966,-0.08518901804249134,1,1,0,0
34,180,1,19,8,7,0.79,2.0,0.2770060128550695,-0.47898841313547574,0,0,1,0
37,72,1,8,12,6,0.67,2.0,0.27391304347826084,-0.40893747035524425,1,0,0,1
18,74,2,13,7,10,0.79,1.0,0.2641112047177759,1.5193730403661474,0,0,1,0
27,51,2,16,5,9,0.52,1.0,0.2770060128550695,-0.29705431227246687,0,1,0,1
40,34,1,20,8,9,0.91,1.0,0.265988987717069,-0.050132746906165496,1,1,0,1
34,114,1,22,3,10,0.83,3.0,0.2767747230201067,-0.5159850682830374,1,1,0,0
32,79,2,14,10,11,0.65,2.0,0.265988987717069,0.8419449423736748,1,1,0,1
35,30,3,10,8,7,0.88,3.0,0.2767747230201067,-0.5514848557647885,0,0,1,0
34,157,1,14,10,15,0.89,2.0,0.2723334021043945,1.4256432526995977,0,1,0,0
42,33,2,8,9,4,0.63,2.0,0.2767747230201067,0.6149508128053025,1,1,0,1
58,162,3,18,8,6,0.63,1.0,0.27391304347826084,0.01660414318186018,0,1,0,0
40,33,3,15,7,10,0.5,2.0,0.2765167148163434,0.9045423465710642,0,0,1,1
47,71,2,11,7,7,0.67,1.0,0.2733843537414966,-0.30697183055211624,1,1,0,0
27,128,2,20,10,11,0.87,1.0,0.27621483375959077,0.12227807242868319,1,1,0,0
36,80,2,7,5,6,0.86,2.0,0.27474402730375425,0.7466628474981366,1,1,0,0
30,139,1,13,7,11,0.77,2.0,0.2723334021043945,-0.5985037483291138,0,1,0,0
44,50,3,17,6,7,0.59,2.0,0.2723334021043945,-0.46855345911949686,0,1,0,1
36,176,2,10,11,10,0.51,1.0,0.2655860349127182,0.23580593695907945,0,1,0,1
41,143,4,13,11,12,0.65,1.0,0.2723334021043945,-0.18756121449559254,1,0,0,0
62,62,3,13,3,4,0.96,2.0,0.27621483375959077,1.8060570780896765,0,0,1,1
28,42,1,10,7,17,0.6,2.0,0.2641112047177759,-0.14770018295049248,1,1,0,1
41,77,2,14,3,15,0.68,2.0,0.2723334021043945,0.28032389013114534,1,0,1,1
25,130,1,15,9,18,0.95,1.0,0.2765167148163434,0.2144432329877602,0,1,0,1
28,70,1,16,6,5,0.82,2.0,0.2767747230201067,0.5341384386992651,0,0,1,0
46,143,2,10,8,13,0.93,3.0,0.2723334021043945,-0.0703558602677114,0,1,0,0
34,29,2,13,7,10,0.6,3.0,0.2770060128550695,0.9865497508300531,0,0,1,0
39,52,1,16,9,14,0.57,2.0,0.2767747230201067,-0.6281207842847375,1,1,0,1
28,163,3,15,10,12,0.93,2.0,0.27621483375959077,-0.3884186794300815,1,1,0,0
34,131,1,16,8,7,0.9,2.0,0.2767747230201067,-0.5286252841276587,1,1,0,1
41,133,1,13,5,11,0.75,3.0,0.2767747230201067,0.0924392783003468,0,0,0,0
26,29,1,15,5,10,0.7,2.0,0.2723334021043945,0.26523817443744263,0,0,1,0
32,88,1,10,13,13,0.53,2.0,0.27391304347826084,0.21253980867197655,0,0,1,0
31,5,1,13,11,9,0.88,1.0,0.2765167148163434,0.22372627649548169,1,1,0,0
37,167,4,16,9,15,0.82,2.0,0.2767747230201067,1.873354523558726,0,0,1,0
31,42,2,12,7,11,0.86,1.0,0.2723334021043945,-0.3954779812614344,1,1,0,1
22,62,3,13,6,10,0.78,2.0,0.2641112047177759,-0.5537085974411571,1,0,1,0
38,29,1,18,5,13,0.84,2.0,0.2719186785260483,-0.348742446362242,0,1,0,0
43,35,1,6,5,7,0.54,1.0,0.265988987717069,-0.47554500150918755,0,0,1,0
52,89,3,14,7,13,0.74,2.0,0.2723334021043945,0.4814092731875889,1,0,1,0
49,4,3,15,9,7,0.81,1.0,0.2641112047177759,-0.5876375978661936,1,1,0,1
25,147,1,15,14,13,0.69,1.0,0.2765167148163434,0.8514127843586569,0,1,0,0
23,123,2,18,3,10,0.58,3.0,0.27621483375959077,-0.45511244987341304,0,0,0,0
36,177,3,12,8,15,0.78,1.0,0.2733843537414966,0.946319122330432,1,0,1,0
35,5,2,5,8,8,0.89,1.0,0.2733843537414966,-0.1502011223427519,1,1,0,0
39,117,1,13,5,16,0.8,3.0,0.2723334021043945,0.8619647774102341,0,1,0,1
64,61,2,6,9,7,0.58,3.0,0.27391304347826084,1.9703429243743031,1,1,0,0
28,114,1,10,8,5,0.91,1.0,0.2723334021043945,-0.5728537196853498,0,1,0,1
39,135,4,15,8,9,0.62,1.0,0.2641112047177759,0.9147740222620565,1,0,1,0
37,158,1,13,6,18,0.75,2.0,0.2723334021043945,-0.4687567374444835,0,1,0,1
46,113,1,11,7,14,0.5,1.0,0.2723334021043945,0.5865288070026303,1,1,0,0
34,56,2,18,5,11,0.8,1.0,0.2765167148163434,0.056520614270138415,0,0,1,0
38,125,2,20,6,8,0.7,1.0,0.2641112047177759,-0.2144185931907921,0,0,0,1
28,125,3,13,8,8,0.62,3.0,0.2767747230201067,0.38487054866667897,1,0,1,0
54,30,3,17,13,19,0.76,1.0,0.2723334021043945,-0.270431011648464,0,1,0,0
27,14,3,27,9,11,0.67,1.0,0.2733843537414966,1.478058260799931,0,0,1,0
18,66,4,19,11,8,0.54,3.0,0.2723334021043945,-0.22675081157331264,1,0,1,0
55,166,3,14,9,11,0.65,2.0,0.2719186785260483,0.0971947591151849,0,0,0,0
40,152,2,23,9,7,0.97,1.0,0.27474402730375425,-0.3349380001108791,1,0,1,0
27,30,2,17,5,13,0.73,3.0,0.2770060128550695,-0.44722771484362966,0,1,0,1
25,143,1,13,11,7,0.59,1.0,0.27391304347826084,0.04340608233388157,0,0,0,0
36,79,1,17,11,18,0.63,2.0,0.2719186785260483,0.5327955697645052,0,1,0,0
32,143,2,19,6,5,0.91,2.0,0.2733843537414966,-0.5360418630150487,1,0,1,0
49,50,2,16,8,8,0.96,3.0,0.2733843537414966,0.12249367065215383,1,0,1,0
54,96,3,13,6,15,0.98,1.0,0.2655860349127182,-0.11786754877139813,1,1,0,0
44,11,2,13,6,7,0.54,1.0,0.2723334021043945,1.1184034643554537,1,0,1,0
35,51,4,19,9,12,0.99,3.0,0.2733843537414966,0.698165567115727,0,1,0,0
46,42,1,15,9,11,0.54,1.0,0.2641112047177759,2.1388455639125517,0,1,0,1
28,78,1,20,11,15,0.52,2.0,0.27391304347826084,0.11305662841338188,0,1,0,0
29,108,3,18,11,11,0.81,1.0,0.2641112047177759,0.4570281940876807,0,1,0,1
33,22,2,17,3,9,0.54,2.0,0.27812113720642767,-0.22631961512637136,1,0,1,1
27,173,3,16,8,5,0.81,2.0,0.2723334021043945,1.0540689544718151,0,0,1,0
39,148,2,15,8,6,0.91,3.0,0.27474402730375425,1.6032653890931938,0,1,0,0
29,81,1,12,6,10,0.53,1.0,0.27391304347826084,0.058910674576041495,1,1,0,1
46,147,1,11,8,11,0.92,1.0,0.2765167148163434,-0.3812977781063084,1,1,0,1
31,145,1,9,7,9,0.74,2.0,0.27474402730375425,0.7308502577938758,1,0,1,1
31,74,1,14,7,10,0.83,2.0,0.2765167148163434,0.9705338828008058,1,0,1,0
34,36,1,12,10,8,0.81,1.0,0.2723334021043945,0.38931803201941617,0,1,0,0
49,144,2,11,6,10,0.54,2.0,0.2719186785260483,0.3807680224714948,1,0,1,0
41,63,2,13,9,12,0.9,3.0,0.2641112047177759,0.9121868435804089,1,1,0,1
39,145,2,13,4,7,0.5,3.0,0.27391304347826084,0.06300088087274161,1,0,1,0
45,3,2,13,14,10,0.9,2.0,0.2770060128550695,-0.6308496417989515,1,0,1,0
46,73,3,18,10,9,0.73,2.0,0.2770060128550695,0.3658979050012628,0,0,1,0
35,126,2,16,10,11,0.72,1.0,0.27474402730375425,0.535111710679504,0,1,0,0
21,104,3,13,8,7,0.68,3.0,0.265988987717069,0.7725099945176451,1,1,0,1
29,36,2,19,9,7,0.71,2.0,0.27391304347826084,0.039839471722753005,0,1,0,0
31,114,3,13,9,9,0.95,3.0,0.2767747230201067,1.3932788793820339,0,0,1,0
50,36,2,8,3,13,0.85,1.0,0.2765167148163434,1.5241038813840173,0,1,0,0
18,109,2,11,11,12,0.64,1.0,0.2767747230201067,-0.17222910083220913,1,1,0,0
32,155,2,12,4,9,1.0,1.0,0.265988987717069,-0.24322867579571145,0,0,1,0
25,161,2,16,10,13,0.6,2.0,0.2733843537414966,0.44393214199914993,0,1,0,0
38,70,3,21,11,6,0.84,2.0,0.2733843537414966,-0.19838424531381862,0,0,1,0
35,55,4,21,7,9,0.71,1.0,0.27474402730375425,0.8895059104712977,1,0,0,1
42,19,1,18,8,5,0.68,2.0,0.2765167148163434,1.2641293835738794,0,1,0,0
53,150,4,14,10,12,0.87,2.0,0.27391304347826084,0.12886305816840068,0,1,0,0
24,31,1,21,6,4,0.58,2.0,0.27391304347826084,-0.02223433678906486,0,1,0,0
45,147,1,15,9,4,0.58,2.0,0.265988987717069,-0.07912146803910336,1,0,1,0
29,112,1,14,5,12,0.96,3.0,0.2723334021043945,0.06912387041930775,0,1,0,0
39,98,3,26,8,8,0.86,1.0,0.2723334021043945,-0.5260319454967691,1,0,1,0
43,65,1,21,7,17,0.78,3.0,0.2767747230201067,-0.44393214199914993,1,0,1,0
30,180,1,13,11,10,0.56,2.0,0.2723334021043945,0.12897393725475703,1,1,0,0
18,57,4,11,2,17,0.6,1.0,0.2723334021043945,-0.45966465236326454,0,1,0,0
24,82,3,21,6,7,0.76,3.0,0.27391304347826084,1.0170538194765275,0,1,0,0
22,74,2,9,8,13,0.93,1.0,0.2733843537414966,-0.13702499091407486,1,1,0,1
29,82,4,14,4,11,0.98,2.0,0.2723334021043945,1.5253789908771151,1,1,0,1
31,139,1,15,8,5,0.77,1.0,0.2770060128550695,-0.515196594780059,0,0,1,0
45,92,1,20,6,11,0.8,2.0,0.2719186785260483,-0.08879874829831402,1,0,1,1
49,57,3,13,11,10,0.81,2.0,0.2719186785260483,-0.24373995158279896,0,0,1,0
20,150,1,14,8,10,0.57,1.0,0.265988987717069,0.08467774225540381,1,0,1,0
20,105,1,20,10,7,0.91,2.0,0.2641112047177759,1.404453027307055,0,1,0,0
45,164,2,21,12,8,0.54,1.0,0.2733843537414966,-0.5143403618354184,0,0,0,0
35,153,2,15,10,8,0.6,2.0,0.2767747230201067,1.1309204812152347,1,1,0,0
29,98,1,9,3,6,0.63,2.0,0.27391304347826084,1.0076968565779019,1,1,0,0
28,135,1,18,7,13,0.52,3.0,0.27391304347826084,-0.009360042873246724,0,1,0,0
18,127,3,18,8,14,0.6,1.0,0.2627646326276463,1.1985505639433531,1,1,0,0
38,168,1,16,4,15,0.81,1.0,0.27391304347826084,-0.5881858333487332,1,1,0,0
34,147,1,12,13,10,0.89,2.0,0.2733843537414966,0.3631320877915966,1,1,0,1
46,125,2,16,11,12,0.83,3.0,0.2767747230201067,1.4623688700805106,1,1,0,1
38,65,2,12,9,13,0.72,1.0,0.27391304347826084,0.39511454425615533,0,0,1,0
42,28,3,15,4,12,0.53,2.0,0.2719186785260483,1.041872254972619,0,0,1,1
18,151,1,13,5,12,0.51,2.0,0.2723334021043945,-0.6082426280807446,1,1,0,0
45,19,2,19,8,15,0.55,1.0,0.2770060128550695,-0.5767098479108532,0,1,0,0
43,137,2,20,6,15,0.85,3.0,0.26641414141414144,-0.6139221012818854,0,0,1,1
48,121,4,8,11,11,0.97,2.0,0.27391304347826084,-0.4871380259826659,1,0,1,0
34,143,1,11,7,16,0.81,3.0,0.26641414141414144,1.5191020025994986,0,0,1,0
24,87,3,18,14,4,0.6,1.0,0.2767747230201067,-0.32966508355971147,0,1,0,0
43,93,1,11,10,15,0.92,1.0,0.2723334021043945,-0.385203185925748,0,0,0,0
44,95,1,14,4,11,0.56,1.0,0.2723334021043945,-0.24607457234552388,0,0,1,0
48,33,2,18,10,10,0.87,2.0,0.2765167148163434,-0.5809602128878458,0,1,0,0
34,6,1,13,13,9,0.73,1.0,0.2770060128550695,2.1388455639125517,1,0,1,0
51,152,1,16,8,17,0.56,3.0,0.27812113720642767,1.450024331799506,0,0,0,0
27,164,2,24,3,10,0.74,2.0,0.265988987717069,-0.5822230024824595,0,1,0,1
18,152,4,21,6,8,0.85,1.0,0.27391304347826084,0.1346102908112037,1,1,0,1
37,64,2,14,6,10,0.54,2.0,0.2733843537414966,2.1388455639125517,0,0,1,0
35,149,4,13,5,11,0.72,2.0,0.2770060128550695,0.045303346700423186,0,0,1,0
22,6,1,10,9,12,0.54,2.0,0.27474402730375425,1.7980737838720209,0,0,1,0
36,173,3,14,5,14,0.98,2.0,0.2733843537414966,0.8147364465716802,0,1,0,0
23,14,2,12,11,4,0.85,3.0,0.27391304347826084,0.35122490590677535,0,0,0,0
27,79,3,9,4,15,0.54,2.0,0.27474402730375425,-0.16045743783071229,0,0,1,0
49,167,2,17,7,10,0.72,3.0,0.27391304347826084,-0.21477587024682918,0,1,0,0
18,143,1,16,4,12,0.87,2.0,0.27391304347826084,0.08394470829560365,0,1,0,1
38,83,3,15,7,9,0.91,2.0,0.27474402730375425,-0.615135611282563,1,1,0,1
30,123,1,11,6,7,0.83,1.0,0.27621483375959077,-0.2920770732849161,1,0,1,0
29,103,2,19,6,9,0.86,1.0,0.2765167148163434,0.24289603853664246,1,1,0,1
36,28,1,8,8,5,0.94,1.0,0.27391304347826084,0.10430334054047395,1,0,1,0
30,44,2,14,8,7,0.92,2.0,0.2627646326276463,-0.4950720406063854,1,1,0,1
21,19,3,10,4,10,0.77,2.0,0.2641112047177759,-0.5859805715200906,1,1,0,1
51,98,1,25,12,10,0.97,2.0,0.2723334021043945,2.1388455639125517,0,0,1,1
44,102,1,15,11,9,0.61,2.0,0.2723334021043945,-0.2520928427549757,0,1,0,0
22,112,3,17,6,9,0.93,2.0,0.2719186785260483,-0.2186997579139948,0,1,0,0
32,10,4,11,6,9,0.67,2.0,0.27391304347826084,-0.07368223285840125,1,0,0,0
42,117,1,17,5,9,0.94,2.0,0.2770060128550695,-0.5849826597428838,1,0,1,0
29,134,1,19,8,8,0.79,1.0,0.2767747230201067,0.2122564510068437,0,0,0,0
35,71,4,10,4,9,0.9,3.0,0.2767747230201067,0.17007311859750276,0,1,0,0
36,30,1,23,9,10,0.99,2.0,0.2641112047177759,-0.047915165179038925,0,0,1,0
51,6,2,13,6,8,0.7,2.0,0.2765167148163434,-0.5761492925298296,1,0,0,0
27,177,3,12,6,6,0.8,1.0,0.2770060128550695,-0.626944233979512,1,1,0,0
29,19,3,22,5,7,0.97,3.0,0.2723334021043945,-0.03999347045380346,0,0,1,0
32,163,2,17,8,10,0.5,2.0,0.2733843537414966,1.5346497144863527,1,1,0,1
35,85,3,11,7,9,0.86,2.0,0.2767747230201067,0.10337934815417121,0,0,1,1
38,177,3,27,3,12,0.78,1.0,0.2641112047177759,0.6388575758135753,1,1,0,1
36,33,1,13,9,6,0.71,1.0,0.265988987717069,0.614094579860662,1,1,0,1
35,20,3,17,6,10,0.83,3.0,0.2765167148163434,0.05289240416658967,1,0,0,1
38,19,1,13,12,7,0.64,3.0,0.27474402730375425,0.8529219719229514,0,1,0,1
39,124,1,12,11,14,0.63,2.0,0.265988987717069,-0.6181416665126679,0,1,0,1
22,123,1,10,8,7,0.91,1.0,0.2733843537414966,0.07296151879708511,0,1,0,0
33,120,3,15,11,11,0.91,2.0,0.27812113720642767,-0.05902155366239782,1,1,0,0
53,7,3,17,6,8,0.9,1.0,0.2765167148163434,1.1772063398197599,0,0,1,0
29,80,4,20,10,13,0.81,1.0,0.2765167148163434,0.8486346472505066,0,1,0,0
36,77,1,15,9,14,0.57,2.0,0.2655860349127182,0.17506883743277957,0,1,0,0
45,131,3,15,9,5,0.82,2.0,0.2733843537414966,-0.6204578074276668,0,1,0,0
23,108,1,10,4,8,0.81,2.0,0.2770060128550695,-0.3347162419381664,0,1,0,0
22,96,1,9,8,9,0.53,3.0,0.2765167148163434,0.3763266990679997,1,1,0,0
47,55,1,21,4,12,0.86,2.0,0.2723334021043945,1.4756189209000918,0,1,0,0
41,10,1,17,6,6,0.81,3.0,0.2723334021043945,-0.5644145892237848,1,0,1,0
50,113,3,14,7,15,0.97,2.0,0.2770060128550695,0.6677230979616728,1,0,0,0
45,172,2,16,3,10,0.89,1.0,0.27391304347826084,-0.5038314884285353,0,1,0,0
52,134,1,14,5,7,0.64,1.0,0.27391304347826084,2.1388455639125517,0,1,0,0
23,73,3,24,8,7,0.8,2.0,0.2767747230201067,-0.287303112622352,0,1,0,1
45,83,1,15,14,10,0.81,2.0,0.2641112047177759,-0.4576565089103666,1,0,1,0
36,18,2,10,6,12,0.85,3.0,0.2733843537414966,-0.21549042435890328,0,1,0,1
18,112,1,16,9,6,0.52,2.0,0.2719186785260483,0.5504807840383396,0,1,0,0
27,70,2,18,9,13,0.75,3.0,0.265988987717069,1.3590234016471705,1,1,0,0
42,163,1,13,11,6,0.93,2.0,0.2770060128550695,0.059120112850270114,1,1,0,1
43,3,2,15,11,12,0.84,2.0,0.2723334021043945,0.06182433056751612,1,0,1,0
20,48,2,20,7,11,0.89,2.0,0.2770060128550695,-0.5348468328620972,1,0,1,1
35,51,2,21,10,8,0.67,2.0,0.2765167148163434,1.2604950135210886,1,0,1,0
44,55,3,15,5,15,0.71,2.0,0.27391304347826084,0.20082358521365784,1,1,0,1
40,108,4,6,4,10,0.95,1.0,0.2765167148163434,0.5151534751353649,0,0,1,1
40,25,3,9,12,12,0.61,2.0,0.2733843537414966,0.06638885295585165,1,1,0,0
28,23,1,13,8,8,0.8,2.0,0.27474402730375425,-0.5396084736261774,0,0,1,0
45,164,2,11,7,6,0.61,2.0,0.2770060128550695,0.28908333795329527,1,0,1,0
44,178,2,13,9,8,0.99,3.0,0.2767747230201067,1.966228078280635,1,1,0,0
38,153,1,19,7,11,0.69,3.0,0.27391304347826084,0.6987877219891708,1,1,0,0
40,121,2,15,8,3,0.52,1.0,0.2765167148163434,1.4291544237675482,1,0,1,0
38,135,3,11,7,8,0.75,2.0,0.2765167148163434,-0.4399404948903221,1,1,0,0
39,29,1,18,17,10,0.59,3.0,0.27621483375959077,0.4002026623300624,1,0,1,0
37,116,4,18,14,12,0.7,1.0,0.2733843537414966,-0.3713371401819649,0,0,1,0
22,123,2,12,8,9,0.68,2.0,0.2719186785260483,-0.3851477463825698,0,0,1,1
18,81,3,13,12,10,0.64,1.0,0.2765167148163434,0.7722882363449325,0,0,0,1
22,97,1,15,6,12,0.65,2.0,0.2767747230201067,-0.49108039349755755,0,1,0,1
47,87,3,18,10,7,0.59,1.0,0.27474402730375425,-0.27881470256685087,0,0,1,0
24,24,1,13,4,11,0.87,3.0,0.2767747230201067,2.1388455639125517,1,1,0,0
41,56,1,16,6,11,0.9,3.0,0.27474402730375425,-0.09234071911247452,1,1,0,1
43,146,1,21,4,13,0.63,2.0,0.27474402730375425,-0.09577797078952069,0,0,1,0
37,34,4,16,11,8,0.93,3.0,0.2767747230201067,-0.20236973247340442,0,0,0,0
38,38,2,16,12,8,0.88,2.0,0.2767747230201067,-0.1371358700004312,0,1,0,0
42,4,2,23,7,5,0.81,1.0,0.27812113720642767,1.994274327179544,1,0,1,0
51,49,1,17,8,7,0.86,2.0,0.27474402730375425,2.1388455639125517,0,0,1,0
35,142,1,18,10,4,0.92,2.0,0.2719186785260483,-0.3958660580636816,0,1,0,0
29,66,2,17,12,15,0.86,1.0,0.2767747230201067,0.2652320144882006,1,1,0,0
36,161,1,15,5,9,0.68,1.0,0.2733843537414966,0.7958623620941363,0,1,0,1
46,22,2,11,6,8,0.65,2.0,0.27391304347826084,1.8024350279353698,1,0,1,0
30,87,2,17,11,12,0.61,1.0,0.2765167148163434,-0.5026056585293737,1,1,0,0
32,10,3,15,6,12,0.61,1.0,0.2765167148163434,-0.10190712028532885,1,1,0,1
40,91,2,15,8,7,0.96,3.0,0.2765167148163434,1.2706404499226926,0,1,0,0
42,78,1,12,11,6,0.88,3.0,0.2770060128550695,2.1388455639125517,1,0,1,0
33,49,2,16,8,12,0.74,1.0,0.2723334021043945,2.1388455639125517,1,0,1,0
37,51,4,20,10,8,0.79,1.0,0.265988987717069,0.06335199797953665,0,1,0,0
23,130,1,13,10,8,0.52,1.0,0.2723334021043945,1.5559384990667677,1,0,1,1
55,28,2,16,9,9,0.86,1.0,0.2770060128550695,1.7777582712718447,1,1,0,1
32,36,3,11,12,9,0.99,1.0,0.2627646326276463,0.6231312253987027,1,0,1,1
34,33,1,15,2,9,0.97,1.0,0.27621483375959077,2.002460899722186,0,1,0,0
31,40,3,11,7,6,0.86,2.0,0.2765167148163434,0.13037224573269515,0,1,0,1
25,111,1,11,8,11,0.73,1.0,0.265988987717069,-0.1595519252921356,0,1,0,0
18,32,4,13,8,13,0.96,1.0,0.2767747230201067,-0.1374808271579842,0,1,0,0
32,160,3,9,8,8,0.88,1.0,0.2723334021043945,0.19890784099939016,0,0,1,1
36,161,2,10,3,3,0.58,2.0,0.2767747230201067,0.8273889823147857,1,1,0,1
20,120,4,13,9,8,0.87,2.0,0.2641112047177759,-0.24511362026376904,0,0,1,1
46,28,2,16,12,15,0.51,2.0,0.2770060128550695,-0.4574039509914438,0,0,1,0
30,6,1,15,6,13,0.62,2.0,0.2733843537414966,-0.6236240213380642,1,0,1,1
42,163,1,12,4,11,0.91,2.0,0.27391304347826084,-0.06514454320896396,1,1,0,0
18,33,1,16,9,9,0.86,2.0,0.2723334021043945,-0.3502947535712306,0,1,0,0
32,163,1,20,9,9,0.84,2.0,0.2627646326276463,-0.4778796222719125,0,0,1,0
21,103,4,20,9,10,0.97,1.0,0.27474402730375425,-0.3789693172928255,1,1,0,0
44,72,1,19,6,15,0.88,1.0,0.2770060128550695,-0.4122515230474501,0,0,1,0
38,156,1,11,8,12,0.88,2.0,0.2733843537414966,-0.24114045300266726,0,1,0,0
34,157,2,22,12,7,0.83,3.0,0.27391304347826084,0.8969163294094457,1,0,1,0
37,179,2,17,7,8,0.55,2.0,0.2723334021043945,-0.22745920573614473,0,1,0,0
34,45,2,15,6,14,0.63,2.0,0.2723334021043945,-0.5953991339111365,1,0,1,0
42,177,2,11,5,9,0.63,3.0,0.26641414141414144,-0.15393405158341494,1,0,1,0
37,171,3,13,9,13,0.91,3.0,0.2655860349127182,2.1388455639125517,0,1,0,1
50,49,2,11,8,8,0.85,3.0,0.2733843537414966,0.67354424999538,1,1,0,0
31,62,1,19,14,11,0.82,3.0,0.2770060128550695,1.0452417472080031,0,1,0,0
44,69,1,21,10,7,0.69,3.0,0.27391304347826084,0.08361823098577667,1,0,1,0
57,86,1,13,11,9,0.53,1.0,0.2733843537414966,-0.27436721921411367,1,1,0,0
35,40,2,15,7,10,0.88,2.0,0.2767747230201067,1.7836410227979722,0,1,0,0
36,178,3,13,5,10,0.66,2.0,0.2767747230201067,-0.25917062443405464,0,0,0,1
31,77,2,19,10,6,0.99,2.0,0.27391304347826084,0.14367773609545456,0,1,0,1
18,38,2,15,12,17,0.97,1.0,0.26641414141414144,-0.5319886164138008,0,0,1,1
34,143,1,13,1,11,0.78,3.0,0.2767747230201067,0.4221444015301314,1,1,0,1
36,23,4,19,9,12,0.87,2.0,0.2723334021043945,-0.5522302096230727,0,0,1,0
28,133,2,17,13,10,0.67,3.0,0.27812113720642767,-0.2601993359574717,0,1,0,1
41,3,1,15,7,11,0.64,2.0,0.2719186785260483,-0.30090428054872825,1,1,0,0
49,4,2,14,7,14,0.62,2.0,0.2765167148163434,0.2845680951588959,1,0,1,0
18,126,2,17,8,3,0.7,2.0,0.27474402730375425,-0.4003258613149028,1,0,1,0
43,133,1,13,7,11,0.74,1.0,0.2719186785260483,0.39741220532342814,1,1,0,0
44,75,2,15,12,12,0.57,1.0,0.2719186785260483,-0.5723609237459883,1,0,1,1
42,22,1,19,8,9,0.52,3.0,0.26641414141414144,1.6254042466690075,0,1,0,0
46,2,3,18,5,17,0.56,3.0,0.2767747230201067,-0.3710784223138001,1,1,0,1
34,131,1,11,5,9,0.91,2.0,0.2719186785260483,2.1388455639125517,1,1,0,0
32,148,2,17,5,17,0.87,2.0,0.2641112047177759,1.4376674736200175,0,0,0,0
28,65,1,9,5,7,0.78,1.0,0.2627646326276463,2.1388455639125517,0,1,0,1
44,41,1,17,9,9,0.56,1.0,0.2719186785260483,-0.6088955827003986,0,1,0,1
27,162,4,13,9,17,0.6,2.0,0.2767747230201067,-0.32234090391095177,1,0,0,0
28,68,1,17,6,11,0.86,1.0,0.2723334021043945,-0.6219361952457512,0,1,0,0
44,97,2,26,8,11,0.51,3.0,0.2723334021043945,-0.04242049045515865,0,0,0,0
34,124,2,16,4,8,0.72,3.0,0.2723334021043945,2.1388455639125517,1,0,1,1
59,13,1,19,4,7,0.51,2.0,0.265988987717069,0.1524618237145726,1,1,0,0
25,130,1,19,10,15,0.79,1.0,0.2733843537414966,0.3177271019286801,0,1,0,0
48,123,3,8,10,15,0.99,2.0,0.2719186785260483,-0.10693363886681574,0,1,0,1
41,96,3,10,10,11,0.77,2.0,0.2723334021043945,-0.35158834291205443,1,0,1,0
35,106,1,13,8,7,0.72,3.0,0.27621483375959077,-0.023158329175367594,1,1,0,0
23,139,1,17,11,11,0.82,2.0,0.2723334021043945,-0.4500674514442001,1,0,1,0
63,161,3,13,8,12,0.82,1.0,0.2733843537414966,-0.5259395462581389,1,0,1,0
18,145,4,9,4,7,0.78,2.0,0.2767747230201067,-0.04246361009985278,1,0,1,0
46,163,4,14,14,10,0.62,2.0,0.2641112047177759,1.9772359075761217,1,1,0,0
19,16,1,15,10,11,0.74,1.0,0.2770060128550695,1.3234928144192093,1,0,1,1
40,41,1,21,14,12,0.62,2.0,0.2770060128550695,-0.1839330043920438,0,1,0,1
57,102,3,15,12,6,0.96,2.0,0.2655860349127182,-0.22124381695094833,0,1,0,0
37,28,2,15,1,10,0.66,2.0,0.2767747230201067,-0.2567436044326995,0,1,0,1
40,102,1,10,10,4,0.94,2.0,0.2719186785260483,0.1653607574273588,1,1,0,1
42,104,1,10,7,12,0.85,3.0,0.27391304347826084,-0.6189486198633724,1,0,0,0
27,95,1,12,10,6,0.53,2.0,0.2723334021043945,-0.458469622210313,0,0,1,0
25,77,2,14,5,13,0.63,1.0,0.265988987717069,-0.570543738719593,1,1,0,1
30,87,1,27,12,14,0.55,1.0,0.2767747230201067,1.2421753244753264,0,0,0,0
39,104,1,10,4,8,0.65,1.0,0.2719186785260483,-0.30936189085801935,0,1,0,0
24,135,2,16,12,13,0.82,2.0,0.27391304347826084,0.7961641996069952,0,1,0,0
43,118,2,13,11,7,0.59,2.0,0.2723334021043945,-0.5518667726177936,0,0,1,1
30,158,1,21,6,7,0.88,3.0,0.2655860349127182,0.1526651020395592,1,1,0,0
34,174,3,11,9,10,0.69,1.0,0.2723334021043945,-0.23063157959578412,0,0,1,0
37,118,2,16,10,8,0.92,1.0,0.265988987717069,0.5929905937575074,1,1,0,0
19,43,1,16,6,14,0.88,1.0,0.2770060128550695,-0.5547681087107842,1,1,0,1
33,69,3,19,6,12,0.66,1.0,0.2733843537414966,0.8441440442530753,0,1,0,0
23,123,1,20,12,10,0.71,1.0,0.27391304347826084,-0.21733224918226673,0,1,0,0
32,108,4,13,7,8,0.89,1.0,0.2733843537414966,-0.5491132753066115,0,1,0,0
40,69,3,11,12,11,0.72,2.0,0.2719186785260483,-0.5372738528634524,1,1,0,0
41,166,2,17,9,10,0.9,2.0,0.265988987717069,-0.22762552436567923,0,1,0,0
26,140,3,14,8,8,0.54,2.0,0.2719186785260483,-0.12150191882418888,1,1,0,0
23,111,1,19,13,12,0.77,2.0,0.2767747230201067,-0.6169527963089584,1,0,1,0
53,66,1,16,7,13,0.63,2.0,0.2723334021043945,-0.2956436838960447,0,0,1,0
18,56,1,11,8,10,0.89,1.0,0.27391304347826084,0.6521014666839146,1,1,0,1
24,6,2,11,9,9,1.0,2.0,0.27474402730375425,0.9317323625253328,0,1,0,1
32,142,2,16,3,13,0.55,1.0,0.2655860349127182,0.4839656521230265,1,1,0,0
34,13,2,12,6,10,0.65,1.0,0.2770060128550695,-0.5922945194931594,1,0,1,1
29,45,4,18,11,10,0.95,2.0,0.27474402730375425,0.027162296182679454,1,1,0,1
21,102,2,11,9,8,0.58,2.0,0.2641112047177759,-0.2746813766254566,0,1,0,0
34,49,1,19,7,11,0.88,2.0,0.2719186785260483,0.6315703558602677,1,0,1,1
22,13,1,21,5,7,0.54,1.0,0.2765167148163434,-0.6094992577261164,0,1,0,0
30,161,4,20,10,8,0.84,1.0,0.2765167148163434,-0.1758203512403058,0,0,1,0
39,167,1,19,7,10,0.62,1.0,0.2641112047177759,-0.5804366172022742,0,1,0,0
45,45,1,14,16,14,0.53,2.0,0.2770060128550695,-0.49228158359975116,1,1,0,0
46,86,2,13,10,5,0.86,2.0,0.2641112047177759,-0.25113805062246286,1,0,0,0
44,133,3,16,11,8,0.97,1.0,0.2723334021043945,0.503708289443695,1,0,1,0
32,165,2,13,8,9,0.99,1.0,0.2767747230201067,-0.4187071498530852,1,0,1,1
18,67,4,11,10,15,0.68,2.0,0.2723334021043945,-0.1510450353889084,1,0,1,1
19,165,2,16,6,12,0.87,2.0,0.2733843537414966,0.5788350303993495,1,0,1,0
42,110,2,18,6,4,0.7,2.0,0.27474402730375425,-0.6354018442888031,1,1,0,0
18,10,1,15,14,15,0.87,2.0,0.2767747230201067,0.23454930731370774,0,0,1,0
42,92,4,14,14,13,0.66,2.0,0.2723334021043945,0.4216947252354641,0,0,1,0
35,69,2,17,11,14,0.92,3.0,0.2733843537414966,1.9282519912035925,1,1,0,0
54,108,1,14,6,8,0.75,1.0,0.27812113720642767,-0.5533698002328461,0,0,1,0
35,81,3,12,13,6,0.64,1.0,0.2770060128550695,-0.09008001774065381,1,0,1,0
18,88,1,14,3,5,0.53,1.0,0.27391304347826084,-0.2230918017235538,0,1,0,0
43,2,1,12,7,5,0.52,2.0,0.27391304347826084,-0.003588170433475628,1,1,0,1
46,168,1,17,10,10,0.7,1.0,0.2770060128550695,0.8473533778081669,0,1,0,0
31,16,2,19,11,10,0.89,2.0,0.27391304347826084,0.24855703189005723,0,0,1,0
39,141,2,13,7,9,0.93,3.0,0.2723334021043945,-0.44530581068012,0,0,1,0
38,23,2,11,10,21,0.53,2.0,0.2723334021043945,2.1388455639125517,1,1,0,0
35,161,3,16,6,12,0.99,1.0,0.27474402730375425,0.653943291507278,0,1,0,0
55,137,1,19,6,9,0.8,2.0,0.2641112047177759,-0.1317397544644232,0,1,0,1
46,157,1,14,6,11,0.94,2.0,0.27812113720642767,2.1388455639125517,0,1,0,0
55,42,1,13,2,9,0.7,2.0,0.2719186785260483,0.12026992897578524,0,1,0,0
31,144,2,15,9,8,0.86,1.0,0.2767747230201067,0.2121147721742773,1,0,1,1
31,102,3,15,13,9,0.58,3.0,0.2723334021043945,0.2176525665428517,0,0,1,0
32,35,1,19,10,11,0.91,2.0,0.2770060128550695,-0.12986712989484966,1,0,1,0
53,152,4,21,13,11,0.68,2.0,0.2770060128550695,0.5213627039713192,1,1,0,0
39,68,2,14,7,10,0.81,3.0,0.27391304347826084,-0.4636809392690604,1,1,0,0
32,137,2,12,13,10,0.87,3.0,0.27391304347826084,-0.5119934211742095,0,0,1,0
38,77,1,19,7,9,0.87,2.0,0.2627646326276463,-0.12866593979265611,1,0,1,0
32,94,3,16,12,13,0.55,2.0,0.2765167148163434,2.1388455639125517,0,0,1,0
33,126,2,16,8,7,0.5,2.0,0.27391304347826084,1.5128619740173341,1,0,1,0
25,99,2,16,10,18,0.66,2.0,0.2765167148163434,-0.2454708973198061,1,0,1,0
31,179,1,9,7,6,0.88,3.0,0.2641112047177759,-0.40718188482126905,1,1,0,1
25,173,2,11,5,12,0.99,1.0,0.27391304347826084,0.25451370280708885,0,1,0,0
35,162,1,15,6,14,0.95,2.0,0.2719186785260483,0.9650700078231356,1,0,1,0
40,23,3,18,6,10,0.71,3.0,0.2770060128550695,-0.3267637474667209,1,0,1,0
33,155,2,22,5,5,0.5,2.0,0.2765167148163434,-0.3700866704858352,1,1,0,0
32,121,1,17,7,15,0.79,2.0,0.2719186785260483,2.1388455639125517,1,1,0,0
33,78,1,14,8,10,0.72,3.0,0.27474402730375425,0.602624754372024,1,0,1,0
45,161,1,7,8,8,0.6,1.0,0.2723334021043945,-0.21982702862528414,0,1,0,0
42,66,1,14,7,11,0.87,2.0,0.2723334021043945,-0.24424506742064445,0,1,0,0
35,31,1,17,10,13,0.69,2.0,0.2719186785260483,-0.13802906264052384,1,0,1,1
26,20,2,11,6,13,0.8,2.0,0.26641414141414144,0.3673578129716211,1,0,1,1
36,89,1,13,6,12,0.84,2.0,0.2765167148163434,-0.2657248104275621,0,0,1,0
22,17,1,12,3,7,0.81,3.0,0.265988987717069,0.8155126001761746,0,1,0,0
46,122,1,13,12,8,0.51,2.0,0.2641112047177759,0.3212998724890507,0,1,0,0
39,134,2,16,8,8,0.76,1.0,0.2723334021043945,0.230921097210159,1,0,0,0
50,10,1,17,9,9,0.72,2.0,0.27391304347826084,-0.5619074898822833,0,1,0,0
46,52,1,15,10,7,0.79,2.0,0.27391304347826084,-0.33089707340811514,0,0,1,0
40,66,1,22,6,7,0.5,2.0,0.2733843537414966,0.08029801834432884,1,0,1,1
30,133,1,15,12,12,0.83,2.0,0.2723334021043945,2.1388455639125517,0,1,0,0
34,102,1,19,12,8,0.88,1.0,0.2770060128550695,-0.47418981267594357,1,0,1,0
23,104,4,19,10,11,0.61,3.0,0.2770060128550695,-0.45660931753922346,0,0,1,0
33,142,1,10,9,11,0.99,1.0,0.27391304347826084,0.125247167963336,0,1,0,0
47,110,1,12,7,2,0.63,3.0,0.2733843537414966,1.7688201849216763,0,0,1,1
37,157,1,14,11,8,0.88,1.0,0.26641414141414144,0.33663814610167614,0,1,0,0
37,34,3,14,6,14,0.83,2.0,0.2765167148163434,-0.6219485151442352,1,0,0,0
31,32,1,20,6,12,0.58,2.0,0.2641112047177759,-0.2995552516647263,0,0,1,0
48,5,2,14,9,15,0.57,2.0,0.2723334021043945,-0.558728956073402,1,1,0,0
40,107,2,19,9,6,0.6,2.0,0.2767747230201067,-0.42760211655855956,1,0,0,0
26,19,3,20,7,13,0.87,3.0,0.2767747230201067,-0.055923099193662645,1,1,0,1
38,30,1,11,9,14,0.66,2.0,0.2770060128550695,-0.163401893568397,1,1,0,1
46,78,1,7,7,11,0.96,3.0,0.2765167148163434,-0.547924405102902,1,0,1,0
32,144,3,17,9,7,0.59,3.0,0.27391304347826084,0.877118252545599,1,0,1,0
35,167,1,9,7,14,0.76,3.0,0.2770060128550695,0.11838498450772765,1,1,0,0
48,36,1,12,8,11,0.81,2.0,0.2719186785260483,-0.28567688602245916,0,0,0,0
36,154,2,17,9,4,0.52,3.0,0.27391304347826084,0.7109721015898829,0,1,0,0
61,103,3,14,10,7,0.71,1.0,0.2770060128550695,-0.46670547434689136,0,0,0,0
18,5,1,14,3,5,0.89,1.0,0.2767747230201067,0.6869051799013176,1,0,1,0
35,128,1,13,8,5,0.61,2.0,0.2641112047177759,-0.22504450563327358,0,0,0,0
44,53,2,10,8,12,0.99,1.0,0.27812113720642767,1.574301307757224,1,0,1,0
56,159,3,12,9,13,0.75,1.0,0.2723334021043945,1.2070697737450644,1,0,1,0
35,127,3,13,12,4,0.72,1.0,0.2655860349127182,0.9403008519209801,1,1,0,0
25,132,2,13,7,12,0.64,1.0,0.26641414141414144,1.6324697084496025,0,0,0,0
31,84,1,11,10,7,0.75,3.0,0.265988987717069,-0.33627470909639706,0,0,1,0
33,173,3,15,6,9,0.87,1.0,0.265988987717069,0.9364385637462347,1,1,0,0
36,135,1,15,13,7,0.62,1.0,0.2723334021043945,1.316957108273428,0,1,0,0
37,102,2,17,11,8,0.7,3.0,0.2767747230201067,-0.6039368235605739,0,1,0,0
28,113,2,15,12,12,0.83,2.0,0.2723334021043945,-0.45269158982129987,0,1,0,0
30,7,1,21,10,10,0.95,2.0,0.2765167148163434,0.2725808339339284,0,0,1,0
23,38,4,15,11,12,0.81,2.0,0.2770060128550695,-0.39494822562662085,0,0,1,1
38,56,3,13,10,6,0.75,2.0,0.2765167148163434,-0.2806811671871824,1,0,1,0
23,44,3,16,12,10,0.96,3.0,0.2765167148163434,-0.37918491551629613,0,1,0,0
23,62,1,21,9,11,0.77,1.0,0.2723334021043945,0.17588195073272597,0,0,1,0
28,77,4,19,2,10,0.74,2.0,0.2723334021043945,0.6740924854779197,0,0,1,0
42,140,2,15,7,11,0.59,2.0,0.2719186785260483,-0.28705671465267124,0,0,1,0
29,161,2,11,7,13,0.64,3.0,0.2765167148163434,0.6003948527464134,1,0,0,1
39,132,1,11,9,10,0.9,2.0,0.2770060128550695,0.047200611066964805,0,0,1,1
27,41,1,15,3,7,0.67,3.0,0.2770060128550695,-0.4518969563690795,1,1,0,1
44,76,4,14,11,11,0.79,1.0,0.2723334021043945,1.922400039423675,1,1,0,0
38,173,1,11,8,16,0.99,2.0,0.27391304347826084,-0.12856738060478382,1,0,0,0
58,173,3,11,8,11,0.57,2.0,0.2770060128550695,-0.3434756897603164,0,0,1,0
32,40,2,10,5,11,0.91,2.0,0.27812113720642767,0.8456778716143379,0,1,0,0
18,125,4,17,9,4,0.89,1.0,0.27391304347826084,-0.18654482287065954,1,0,1,0
47,82,1,7,8,12,0.64,2.0,0.2641112047177759,-0.39756620405447857,0,1,0,0
35,37,2,19,6,8,0.56,2.0,0.2723334021043945,-0.2636119478375498,1,1,0,0
51,121,3,17,9,9,0.88,1.0,0.2767747230201067,1.0559046193459365,0,0,0,0
25,160,2,12,11,6,0.72,1.0,0.2767747230201067,-0.2841923382551328,0,0,1,0
61,35,3,15,6,10,0.94,1.0,0.27391304347826084,1.0292628388742078,1,0,1,1
33,158,1,13,7,9,0.76,2.0,0.2770060128550695,-0.5278306506754384,1,0,1,0
46,38,3,20,6,6,0.88,2.0,0.2723334021043945,0.22702800928920347,0,1,0,1
55,83,3,16,7,11,0.51,2.0,0.265988987717069,-0.5114082259962178,0,0,1,1
29,79,2,20,5,13,0.64,2.0,0.2770060128550695,-0.16638330900153384,0,0,1,1
37,104,2,13,10,13,0.59,3.0,0.2719186785260483,0.6985413240194901,1,0,1,0
25,103,2,19,4,11,0.78,3.0,0.27391304347826084,-0.4841011710063509,1,1,0,1
34,121,3,12,8,12,0.6,3.0,0.27391304347826084,-0.6149138531098504,0,0,0,0
26,30,2,22,12,8,0.93,1.0,0.2655860349127182,-0.16531763778266467,1,0,0,0
52,99,2,14,9,7,0.94,2.0,0.2733843537414966,-0.6106018886404376,0,1,0,1
32,144,2,17,7,10,0.65,3.0,0.2723334021043945,0.10979185531511221,0,0,1,1
29,5,1,24,7,10,0.51,3.0,0.2767747230201067,0.10599732658202897,0,1,0,0
18,114,1,10,7,9,0.79,3.0,0.2770060128550695,-0.3190761308126821,1,1,0,0
46,144,3,16,7,11,0.95,1.0,0.27812113720642767,-0.626931914081028,0,1,0,0
28,7,2,12,6,16,0.55,2.0,0.2723334021043945,0.7670830792354271,0,1,0,0
37,132,1,12,10,9,0.81,2.0,0.2719186785260483,0.2566080855493751,1,1,0,0
22,142,3,12,7,16,0.94,3.0,0.2733843537414966,-0.5034680514232562,0,1,0,0
41,105,1,11,5,9,0.51,2.0,0.2719186785260483,-0.07368839280764326,1,1,0,0
45,43,4,15,11,15,0.92,3.0,0.2767747230201067,-0.3933774385699062,1,1,0,1
28,48,1,15,10,8,0.75,2.0,0.27391304347826084,1.9767615914844863,0,1,0,1
41,37,3,13,9,8,0.71,3.0,0.265988987717069,2.04019674877879,1,0,0,0
33,160,3,11,5,9,0.69,2.0,0.2719186785260483,-0.4489709804791209,0,0,1,0
37,149,1,15,10,10,0.84,2.0,0.2765167148163434,-0.6218129962609108,0,1,0,1
31,91,4,15,11,13,0.65,3.0,0.2765167148163434,0.12102760273255349,0,1,0,0
59,175,2,13,10,12,0.59,2.0,0.2770060128550695,0.31048916156930867,1,1,0,0
18,27,3,18,5,14,0.84,2.0,0.26641414141414144,-0.2944979333370293,0,0,0,0
41,12,3,17,7,7,0.6,2.0,0.2770060128550695,0.08295911641688072,1,0,1,0
54,17,3,27,10,9,0.8,1.0,0.27391304347826084,-0.4782245794294655,0,1,0,0
27,15,1,18,5,9,0.84,2.0,0.2723334021043945,-0.0014506680464952968,1,1,0,1
18,33,1,21,10,12,0.91,2.0,0.265988987717069,-0.56955814684087,0,0,1,1
23,43,1,18,6,12,0.75,2.0,0.2767747230201067,-0.427743795391126,0,0,1,0
36,56,2,20,5,8,0.96,1.0,0.2765167148163434,2.1388455639125517,1,0,1,1
49,118,4,18,11,15,0.99,2.0,0.2770060128550695,-0.4954724373071166,1,1,0,0
42,51,1,18,2,13,0.58,1.0,0.2733843537414966,0.010936989879203395,0,1,0,0
25,121,4,12,5,13,0.5,2.0,0.2765167148163434,0.1969920967851225,0,0,0,0
27,35,2,11,10,13,0.62,1.0,0.2770060128550695,1.2806380475424883,0,1,0,1
36,20,4,13,8,9,0.88,2.0,0.27621483375959077,-0.6280037452491392,1,0,1,0
36,87,1,11,7,8,0.62,2.0,0.27621483375959077,-0.5102439955894763,0,0,1,0
33,52,2,17,11,8,0.73,1.0,0.2765167148163434,0.3557401487011747,0,1,0,1
18,128,3,12,9,9,0.62,3.0,0.2767747230201067,2.1388455639125517,1,1,0,0
38,107,3,12,15,13,0.66,2.0,0.2723334021043945,-0.27718847596695806,1,1,0,0
33,6,1,15,13,6,0.53,2.0,0.27391304347826084,0.0810926517965492,1,0,1,0
19,55,2,16,5,11,0.77,3.0,0.27621483375959077,0.3812238587154042,0,1,0,1
18,120,1,11,7,8,0.62,3.0,0.2770060128550695,-0.25919526423102274,0,0,0,1
37,53,2,14,11,13,0.82,1.0,0.2719186785260483,1.125271807760304,1,1,0,1
26,70,1,22,7,5,0.74,3.0,0.27621483375959077,0.043492321623269825,1,0,0,0
18,36,4,14,6,17,0.56,3.0,0.2765167148163434,-0.08647644743407314,0,0,1,0
40,117,3,15,12,14,0.59,1.0,0.27391304347826084,-0.603973783256026,1,1,0,0
45,88,4,17,8,10,0.6,1.0,0.2770060128550695,0.6331226630692564,0,1,0,0
25,141,1,14,8,12,0.98,2.0,0.2765167148163434,0.8558541077621521,0,0,1,0
35,26,1,9,8,8,0.95,1.0,0.2767747230201067,-0.21780040532466013,0,1,0,1
46,77,1,8,12,13,0.96,2.0,0.2723334021043945,0.0675530833625931,0,0,1,0
46,48,1,14,2,13,0.53,1.0,0.27474402730375425,-0.5957379311194476,1,0,1,0
53,154,2,14,6,11,0.92,2.0,0.2641112047177759,-0.5300112727071129,1,1,0,0
28,26,2,21,9,14,0.75,2.0,0.2767747230201067,0.3579022908851231,0,0,1,0
34,27,4,9,8,11,0.59,2.0,0.265988987717069,-0.19880312186227586,1,1,0,1
18,62,1,9,9,9,0.6,2.0,0.2765167148163434,-0.5664350525751668,0,0,1,0
18,112,2,16,5,13,0.81,2.0,0.27621483375959077,2.0259118264865497,1,1,0,1
48,75,2,17,9,15,0.78,3.0,0.2723334021043945,-0.24849543239763705,0,0,1,0
18,153,1,11,8,9,0.91,2.0,0.27391304347826084,1.0766944480377483,0,1,0,0
36,160,3,12,14,9,0.76,3.0,0.265988987717069,0.621548118443504,0,0,1,0
24,5,2,13,5,6,0.87,3.0,0.27391304347826084,-0.5664658523213769,0,0,1,0
29,122,2,14,13,11,0.62,2.0,0.2767747230201067,0.7065923776788079,0,1,0,1
33,11,2,19,11,10,0.66,1.0,0.2770060128550695,0.10912042084773221,0,0,1,1
39,136,1,7,5,14,0.92,1.0,0.2765167148163434,2.1388455639125517,1,1,0,0
32,167,1,12,12,14,0.76,1.0,0.2655860349127182,-0.33449448376545377,1,0,0,0
46,118,1,14,6,12,0.78,1.0,0.26641414141414144,-0.5387522406815368,0,1,0,0
24,133,1,13,7,8,0.62,3.0,0.2723334021043945,0.8749869101078607,1,0,0,0
35,71,1,11,11,9,0.52,1.0,0.2723334021043945,-0.5113281466560715,1,0,1,0
40,9,2,16,9,10,0.92,2.0,0.2723334021043945,0.7177234059591349,1,0,1,1
36,149,2,14,9,12,0.51,1.0,0.2723334021043945,0.7852918891948331,1,0,1,1
43,70,1,15,13,4,0.57,2.0,0.2770060128550695,-0.3209610752807397,1,1,0,1
21,177,1,22,15,15,0.91,2.0,0.26641414141414144,-0.4390657820979555,0,0,1,0
30,145,4,18,9,14,0.56,3.0,0.2723334021043945,-0.4381602695593788,1,1,0,0
23,140,4,15,9,12,1.0,2.0,0.2770060128550695,-0.24910526737259686,1,0,0,0
34,72,4,17,6,8,0.63,2.0,0.2765167148163434,2.1388455639125517,1,0,1,0
27,4,2,15,16,17,0.59,3.0,0.2723334021043945,0.29948133227382207,0,1,0,0
32,180,1,20,8,5,0.75,2.0,0.2770060128550695,2.1388455639125517,0,0,1,0
53,4,3,17,8,12,0.73,2.0,0.2723334021043945,-0.43663260214735833,0,0,0,1
18,41,2,14,5,11,0.79,2.0,0.27391304347826084,-0.034184638318580256,1,0,0,0
21,89,2,21,5,11,0.93,2.0,0.2767747230201067,1.314992084465224,0,1,0,0
47,46,1,16,4,6,0.78,1.0,0.2767747230201067,-0.33894196711819097,0,1,0,0
36,30,2,11,6,9,0.58,2.0,0.2765167148163434,0.1442937310196564,0,1,0,0
25,157,2,13,7,10,0.88,1.0,0.2723334021043945,0.0723147241266732,1,1,0,0
42,136,2,17,8,12,0.7,1.0,0.2765167148163434,-0.6078237515322874,0,1,0,1
23,4,1,9,8,14,0.69,3.0,0.2719186785260483,1.0947184595198935,0,0,0,0
34,68,3,13,6,15,0.77,1.0,0.2770060128550695,-0.6337509778919421,0,0,1,0
39,100,2,13,7,19,0.93,2.0,0.26641414141414144,1.9812090748372233,1,1,0,1
43,41,2,27,9,13,0.8,1.0,0.2767747230201067,-0.4728284638934575,0,1,0,1
42,151,1,10,3,12,0.92,2.0,0.27391304347826084,-0.3789261976481314,0,1,0,0
40,14,3,19,5,13,0.53,3.0,0.2733843537414966,-0.5661516949100339,1,1,0,0
39,125,2,8,10,17,0.85,2.0,0.2641112047177759,1.1722907003246292,0,1,0,0
45,165,3,14,11,9,0.82,1.0,0.2719186785260483,0.06434374980750159,0,1,0,0
31,131,1,14,11,12,1.0,1.0,0.2765167148163434,-0.3672838935807169,0,1,0,0
24,18,3,19,17,13,0.8,1.0,0.2641112047177759,-0.06117753589710421,0,0,1,0
39,89,2,21,9,8,0.87,2.0,0.2770060128550695,0.05183905284620455,0,1,0,1
39,129,3,16,9,9,0.52,1.0,0.2765167148163434,0.6942724791947714,1,0,1,0
45,11,3,16,11,8,0.89,3.0,0.2627646326276463,-0.36058186880540105,0,1,0,1
25,114,1,12,5,9,0.96,2.0,0.27474402730375425,0.6284780613407746,1,0,1,1
39,30,1,19,5,17,0.91,2.0,0.2719186785260483,0.2985819796844874,0,0,1,0
31,157,3,15,5,14,0.9,2.0,0.27391304347826084,1.6678647767942392,1,1,0,0
42,159,2,19,9,6,0.72,3.0,0.2765167148163434,-0.3950837445099452,1,0,1,0
46,177,2,17,7,11,0.66,1.0,0.27391304347826084,-0.6068812792982586,1,1,0,0
43,86,1,12,7,7,0.98,1.0,0.27621483375959077,0.6564257510518113,0,1,0,1
25,91,2,21,8,16,0.67,2.0,0.26641414141414144,0.1783582503280173,1,0,1,1
29,26,2,9,14,11,0.72,3.0,0.2723334021043945,0.2515569271709201,0,0,0,0
39,26,2,19,9,12,0.56,1.0,0.2767747230201067,1.3116965116207442,1,0,0,1
28,7,4,9,10,9,0.53,2.0,0.2770060128550695,-0.3213368321845028,1,0,1,0
37,8,1,12,8,3,0.8,3.0,0.2765167148163434,0.14285846284626616,1,0,1,0
46,151,1,14,13,9,0.62,2.0,0.2719186785260483,-0.1965917000843913,0,1,0,0
40,96,2,13,4,15,0.6,1.0,0.2770060128550695,-0.007961734395308583,1,1,0,0
36,4,1,16,11,11,0.69,2.0,0.2765167148163434,-0.5051250777693592,1,1,0,0
38,9,3,13,9,11,0.73,2.0,0.27474402730375425,0.1689766476324235,0,1,0,1
41,115,1,19,7,14,0.94,3.0,0.2770060128550695,-0.06452854828476214,0,1,0,0
18,114,1,21,14,9,0.66,1.0,0.2733843537414966,-0.22511226507493579,1,1,0,1
21,97,4,9,10,7,0.89,3.0,0.2733843537414966,-0.025727028009289204,1,1,0,1
39,18,1,18,7,8,0.93,1.0,0.2765167148163434,-0.01977651704149958,1,0,1,0
26,65,2,18,8,12,0.91,3.0,0.27812113720642767,0.04033842761135648,1,1,0,0
22,151,1,16,5,9,0.51,3.0,0.2770060128550695,0.35082450920604413,0,1,0,0
35,29,1,12,4,12,0.99,2.0,0.2719186785260483,1.9063287318512496,1,0,1,1
18,14,1,14,10,13,0.75,2.0,0.2767747230201067,-0.40081865725426424,1,0,0,0
40,158,2,14,4,5,0.51,2.0,0.2719186785260483,-0.07812971621113841,1,1,0,0
18,75,1,11,5,12,0.8,1.0,0.265988987717069,-0.6146058556477495,0,1,0,0
38,8,1,11,10,10,0.78,3.0,0.2765167148163434,0.17301757433518747,0,1,0,0
35,54,1,18,12,16,0.51,2.0,0.2723334021043945,2.1311730391341577,0,1,0,1
44,143,1,13,6,20,0.52,1.0,0.2733843537414966,1.7205077030165272,0,0,1,0
59,133,4,13,7,15,0.98,3.0,0.2641112047177759,0.33029339838239735,0,0,1,0
31,52,1,19,4,15,0.52,2.0,0.27474402730375425,1.5001539987310504,0,1,0,0
28,93,2,16,4,19,0.67,1.0,0.2655860349127182,2.1388455639125517,0,1,0,1
28,172,1,14,10,9,0.79,1.0,0.27474402730375425,1.2254264224862788,0,1,0,0
22,21,3,23,4,8,0.77,2.0,0.2767747230201067,0.2699936552522807,1,0,1,1
37,76,2,12,8,6,0.6,1.0,0.2719186785260483,-0.19511331226630693,0,0,1,0
40,136,2,21,10,11,0.62,1.0,0.2770060128550695,0.3648137539346676,0,0,1,0
53,160,1,17,4,11,0.78,2.0,0.26641414141414144,0.3152384824349047,0,1,0,0
38,77,2,18,9,15,0.87,1.0,0.27391304347826084,0.6989725204664313,0,1,0,0
32,136,2,13,16,16,0.52,2.0,0.265988987717069,-0.2449288217865085,0,1,0,0
31,44,1,14,8,11,0.89,3.0,0.2770060128550695,-0.5514971756632725,1,0,1,1
28,50,1,18,6,9,0.72,2.0,0.2770060128550695,0.02065122983386617,0,1,0,1
33,123,2,13,9,6,0.64,2.0,0.27474402730375425,-0.16412260762971312,1,0,0,1
44,138,3,18,10,10,0.54,2.0,0.2641112047177759,1.1651882788485823,1,0,1,0
27,6,1,12,9,12,0.75,2.0,0.2641112047177759,-0.38775956486118557,0,1,0,0
32,175,1,13,6,5,0.57,1.0,0.2765167148163434,-0.5404831864185439,1,0,1,0
39,92,2,15,7,14,0.75,2.0,0.2770060128550695,1.786628598180351,0,1,0,0
40,42,1,23,11,12,0.96,3.0,0.2765167148163434,0.13969224893586876,1,0,1,0
52,7,2,14,10,15,0.99,1.0,0.2765167148163434,1.1135371044542592,0,1,0,0
32,179,4,7,10,15,0.62,2.0,0.2767747230201067,-0.30163731450852843,0,0,1,0
33,53,1,17,4,15,0.56,2.0,0.2765167148163434,0.2959824811043557,0,0,1,0
48,75,1,20,10,8,0.66,2.0,0.2765167148163434,-0.3560789459094857,0,0,1,1
42,143,4,20,7,12,0.83,1.0,0.2723334021043945,-0.47134391612613113,0,0,1,0
45,94,1,8,9,15,0.54,1.0,0.27391304347826084,0.04291944634376213,1,1,0,1
25,43,2,16,9,11,0.8,1.0,0.27474402730375425,-0.5457129833250174,1,0,0,1
50,75,1,13,12,9,0.6,2.0,0.2765167148163434,0.39228712755406897,1,0,1,1
28,145,3,17,4,4,0.6,2.0,0.2723334021043945,0.24322867579571145,0,1,0,1
50,137,3,14,14,7,0.54,3.0,0.2765167148163434,2.1388455639125517,0,1,0,0
36,139,1,13,8,8,0.64,1.0,0.27391304347826084,1.8989059930146175,0,1,0,1
27,38,2,15,10,8,0.81,2.0,0.2770060128550695,0.6047191371143101,0,1,0,1
33,42,2,14,5,9,0.74,2.0,0.27474402730375425,2.1388455639125517,1,0,1,0
25,65,4,24,11,11,0.61,2.0,0.2765167148163434,-0.4005044998429213,1,1,0,1
34,179,1,9,8,11,0.96,3.0,0.27474402730375425,1.6709324315167644,0,1,0,0
26,158,2,13,10,10,0.95,1.0,0.27391304347826084,-0.3202465211686656,1,1,0,0
35,25,1,23,6,7,0.86,2.0,0.265988987717069,-0.22566666050671744,0,1,0,1
37,83,3,8,12,13,0.69,3.0,0.2767747230201067,0.4639458170864672,0,0,1,1
27,131,1,18,6,12,0.96,1.0,0.2767747230201067,-0.5631641195276551,0,1,0,1
42,60,1,14,16,14,0.73,1.0,0.2641112047177759,-0.30200691146304953,0,0,1,0
35,56,1,16,4,14,0.78,3.0,0.27391304347826084,-0.5919372424371223,0,0,1,0
31,163,1,13,12,10,0.75,1.0,0.2770060128550695,2.1388455639125517,1,0,1,1
46,180,1,16,7,12,0.74,2.0,0.27474402730375425,0.014435841048669759,1,1,0,0
27,96,3,21,7,7,0.7,3.0,0.2767747230201067,-0.2108027029857274,0,1,0,0
22,41,3,17,6,6,0.74,2.0,0.2765167148163434,0.39100585811172917,1,1,0,0
27,161,1,17,9,7,0.67,3.0,0.26641414141414144,-0.26828118936299966,0,1,0,0
53,114,1,12,9,7,0.94,1.0,0.2641112047177759,-0.15440220772580834,0,1,0,0
18,88,2,20,9,11,0.81,2.0,0.2765167148163434,-0.581385249385545,0,1,0,0
25,122,2,9,12,11,0.54,1.0,0.2719186785260483,-0.05660069361028465,1,0,0,1
23,33,3,16,7,7,0.66,2.0,0.27812113720642767,-0.25168012615576046,0,1,0,0
25,140,1,17,11,15,0.75,3.0,0.2733843537414966,-0.5864672075102101,0,1,0,0
19,144,2,15,7,13,0.66,1.0,0.2723334021043945,0.14355453711061422,1,0,1,0
40,133,1,12,9,6,0.67,1.0,0.2641112047177759,0.24431898681154868,0,0,1,0
39,11,2,15,4,12,0.99,2.0,0.27391304347826084,0.6814351449744054,0,0,0,0
39,136,3,12,10,10,0.51,1.0,0.27391304347826084,-0.0875421186529423,0,0,1,0
46,46,4,14,7,13,0.87,2.0,0.2765167148163434,0.41092097401117417,0,1,0,1
35,167,2,20,8,8,0.51,3.0,0.27474402730375425,0.7297784266257646,0,1,0,0
49,134,1,22,7,12,0.62,2.0,0.2765167148163434,-0.29423921546886456,1,1,0,0
24,90,3,12,2,9,0.65,2.0,0.265988987717069,0.9994548444920814,1,1,0,0
28,76,4,14,7,10,0.87,1.0,0.27391304347826084,-0.39743684512039623,0,0,1,1
27,52,2,15,3,9,0.7,1.0,0.27474402730375425,0.29566216374377075,0,1,0,0
31,75,3,17,6,11,0.62,2.0,0.2765167148163434,0.5092953634062055,1,1,0,1
26,98,1,22,6,15,0.8,3.0,0.2765167148163434,2.1388455639125517,1,1,0,0
41,81,1,22,8,7,0.77,1.0,0.2770060128550695,-0.5691762299878649,0,0,1,0
46,55,1,17,15,6,0.57,3.0,0.265988987717069,-0.2088438391267656,1,0,1,1
20,106,1,11,6,14,0.87,2.0,0.2765167148163434,-0.26526897418365275,0,0,1,1
20,136,3,13,4,6,0.58,3.0,0.2719186785260483,-0.5116731038136246,1,0,0,1
28,4,3,14,15,12,0.93,2.0,0.2767747230201067,1.1648618015387553,0,1,0,0
39,137,2,12,9,12,0.84,1.0,0.2767747230201067,0.3334164926481006,0,1,0,0
42,20,3,18,6,12,0.97,1.0,0.2723334021043945,-0.349081243570553,1,0,1,1
48,69,2,13,7,11,0.67,2.0,0.2770060128550695,-0.365639187133098,1,0,0,0
40,123,2,11,4,11,0.72,2.0,0.2641112047177759,0.33520903787752787,0,0,1,0
39,152,3,13,6,11,0.65,1.0,0.2733843537414966,1.792351191026186,0,1,0,0
48,4,3,8,8,10,0.67,2.0,0.2719186785260483,1.2753343312451106,1,0,0,1
31,122,3,21,14,11,0.92,1.0,0.2655860349127182,-0.41035425868090847,0,0,1,0
36,125,1,13,3,7,0.54,2.0,0.27391304347826084,2.1388455639125517,1,0,1,0
38,59,2,15,7,13,0.87,3.0,0.2767747230201067,0.234302909344027,0,1,0,0
59,134,1,15,6,7,0.87,1.0,0.2770060128550695,-0.18732097647515383,0,0,1,0
39,111,2,11,10,6,0.56,1.0,0.265988987717069,0.7731198294926049,1,0,0,0
27,65,2,14,1,17,0.7,1.0,0.2767747230201067,0.1660383518439808,0,1,0,1
40,139,1,22,7,7,0.69,2.0,0.2641112047177759,0.6376379058636557,1,1,0,0
24,98,2,10,9,11,0.76,1.0,0.2765167148163434,2.13874977670184,0,1,0,1
24,82,1,18,11,2,0.61,1.0,0.2723334021043945,0.6525573029278239,0,1,0,0
47,75,1,16,5,10,0.98,2.0,0.27621483375959077,0.7139227172768097,0,0,1,0
23,104,2,14,4,10,0.93,2.0,0.2765167148163434,0.8013570368180166,0,1,0,1
19,58,3,16,7,8,0.58,2.0,0.27621483375959077,1.4234071911247452,0,0,1,0
30,83,1,22,9,12,0.65,2.0,0.2733843537414966,-0.47317958100025254,1,1,0,0
29,160,4,18,8,8,0.9,2.0,0.2767747230201067,-0.2786052642926222,0,0,1,0
38,125,4,23,9,10,0.85,2.0,0.2765167148163434,0.7476853990723117,0,1,0,0
61,28,1,11,7,11,0.93,3.0,0.2767747230201067,0.13512156659829122,1,1,0,1
48,56,1,16,7,7,0.89,3.0,0.2770060128550695,-0.3116841917222602,1,0,1,0
18,170,2,14,8,10,0.57,1.0,0.2770060128550695,0.04476127116712558,0,0,1,0
31,29,1,16,9,13,0.62,2.0,0.2719186785260483,0.10570780896765411,1,0,1,0
43,41,2,13,9,11,0.54,3.0,0.2719186785260483,0.05214705030830546,1,1,0,0
25,69,1,19,9,5,0.58,1.0,0.2719186785260483,0.09527901490091721,1,0,1,0
30,42,2,14,7,7,0.83,1.0,0.2767747230201067,-0.3470977399146231,1,1,0,0
36,176,2,11,4,5,0.54,1.0,0.2719186785260483,-0.5682830373477723,1,1,0,0
39,109,1,18,6,6,0.76,1.0,0.27391304347826084,0.2578031157023266,0,0,1,0
18,163,2,14,9,6,0.76,3.0,0.2770060128550695,2.1388455639125517,1,1,0,0
31,133,2,9,8,15,0.8,1.0,0.2770060128550695,-0.2062073808511818,0,1,0,0
18,121,3,22,4,7,0.54,3.0,0.2770060128550695,0.1473059461990033,0,1,0,0
40,87,3,14,8,9,0.6,1.0,0.2723334021043945,-0.2814696406901607,1,1,0,0
47,171,3,8,10,15,0.81,2.0,0.2767747230201067,2.1388455639125517,1,1,0,0
27,18,3,14,4,7,0.57,2.0,0.2770060128550695,2.1388455639125517,1,1,0,1
39,4,1,17,10,7,0.95,2.0,0.27621483375959077,0.24272355995786596,1,1,0,1
47,158,1,10,6,6,0.53,1.0,0.2733843537414966,0.38746388729756864,1,0,0,0
40,154,4,13,12,10,0.71,1.0,0.2770060128550695,-0.4836268549147155,0,0,0,0
24,82,1,21,14,10,0.98,1.0,0.2733843537414966,-0.2656447310874158,0,0,1,0
18,142,4,18,9,10,0.93,1.0,0.2723334021043945,1.139045454265457,1,1,0,0
37,140,3,14,7,9,0.63,2.0,0.2723334021043945,-0.3484467687986251,1,1,0,1
28,40,1,15,9,14,0.86,2.0,0.2733843537414966,-0.4344704599634099,0,0,1,0
49,60,1,16,9,8,0.68,1.0,0.27391304347826084,-0.2321407671600786,0,1,0,0
27,83,3,16,13,9,0.92,1.0,0.26641414141414144,2.1388455639125517,0,1,0,0
42,25,1,19,6,12,0.98,1.0,0.2733843537414966,0.054506310867998446,0,1,0,1
44,105,4,19,7,13,0.81,3.0,0.2765167148163434,-0.3782670830792354,1,0,1,1
43,104,3,10,9,7,0.87,2.0,0.27391304347826084,-0.6318660334238846,0,0,1,0
18,176,1,9,5,11,0.79,2.0,0.265988987717069,1.5964709650792477,0,1,0,0
30,178,3,10,8,10,0.96,2.0,0.2719186785260483,-0.08092017321777269,0,1,0,0
45,180,1,18,5,11,0.79,2.0,0.2767747230201067,-0.14792810107244717,1,0,1,0
47,36,1,14,8,5,0.56,2.0,0.27391304347826084,0.3338107293995897,1,1,0,0
54,64,2,17,4,8,0.7,2.0,0.2765167148163434,-0.36822636581474566,1,0,0,0
26,51,4,18,7,6,0.8,1.0,0.27391304347826084,0.5824570805536562,1,0,1,1
28,127,1,15,8,13,0.7,1.0,0.2765167148163434,2.1388455639125517,1,0,0,1
35,88,2,17,10,11,0.87,2.0,0.2770060128550695,-0.5474192892650565,0,0,1,0
47,30,1,8,9,13,0.81,3.0,0.2723334021043945,-0.25872710808862937,1,1,0,0
18,160,1,18,7,21,0.96,1.0,0.2723334021043945,0.008368291045281787,0,0,1,0
23,7,1,13,4,9,0.85,2.0,0.26641414141414144,1.3266343885326386,1,1,0,0
43,10,2,15,8,6,0.64,1.0,0.2719186785260483,0.23975446442321316,0,1,0,1
46,87,1,15,5,13,0.86,2.0,0.2719186785260483,0.039309716087939435,1,1,0,0
39,36,1,17,9,10,0.51,2.0,0.27474402730375425,-0.391615693086689,0,0,0,0
28,164,2,12,8,11,0.59,1.0,0.27391304347826084,0.11821866587819316,1,0,1,0
35,155,1,15,9,11,0.6,3.0,0.2723334021043945,-0.3493646012356858,0,1,0,1
41,67,1,7,8,9,0.95,2.0,0.2770060128550695,-0.5297956744836423,0,0,0,0
43,145,3,15,14,8,0.59,1.0,0.2765167148163434,-0.5724410030861345,1,0,1,0
50,77,1,17,11,11,0.84,2.0,0.27474402730375425,-0.6148399337189462,0,0,1,0
39,109,1,17,6,11,0.96,1.0,0.265988987717069,-0.2595217415408497,1,1,0,0
20,76,1,9,8,5,0.78,2.0,0.2767747230201067,-0.5618890100345573,1,1,0,0
36,105,1,15,12,9,0.84,1.0,0.2767747230201067,0.01330857033738042,0,1,0,0
18,98,2,17,10,8,0.74,1.0,0.2767747230201067,-0.3153062418765669,0,1,0,0
33,131,4,9,6,11,0.78,2.0,0.2641112047177759,-0.6322664301246158,0,1,0,0
27,59,3,9,11,11,0.51,1.0,0.2641112047177759,0.022308256179969076,0,1,0,1
26,78,3,11,11,12,0.91,3.0,0.2765167148163434,1.4537203013447169,0,1,0,0
29,86,2,10,16,14,0.8,2.0,0.2723334021043945,-0.6354018442888031,1,0,0,1
26,147,1,11,10,16,0.83,3.0,0.27391304347826084,-0.09187256297008113,0,0,1,0
31,21,4,15,3,11,0.51,1.0,0.2723334021043945,-0.16095023377007373,1,1,0,0
31,57,3,16,5,14,0.78,1.0,0.2723334021043945,0.2349435440651969,0,0,1,0
69,36,1,9,9,8,0.78,1.0,0.27391304347826084,-0.09651100474932087,1,0,1,0
35,93,2,6,8,13,0.71,3.0,0.27391304347826084,-0.3682325257639877,0,0,1,1
34,128,2,14,4,8,0.77,1.0,0.27812113720642767,-0.5538502762737235,0,1,0,0
30,57,2,15,4,9,0.72,1.0,0.2765167148163434,-0.257605997326582,1,0,1,1
46,40,1,20,11,13,0.58,2.0,0.2723334021043945,-0.1656379551432496,1,0,1,0
33,78,3,17,6,9,0.7,3.0,0.2765167148163434,0.6263713587000043,1,0,0,0
40,168,3,5,10,13,0.84,1.0,0.2767747230201067,-0.5181595303654698,0,0,1,0
36,154,1,14,8,9,0.8,2.0,0.2770060128550695,-0.42510733711554216,1,0,1,0
19,135,1,7,9,2,0.57,1.0,0.265988987717069,0.08223224240632257,1,0,1,0
27,137,4,14,4,14,0.84,3.0,0.2723334021043945,-0.48840081557727966,1,0,1,0
47,9,4,11,8,14,0.73,3.0,0.2770060128550695,-0.10701371820696197,1,0,1,1
38,107,4,13,2,9,0.74,1.0,0.265988987717069,1.3592697996168512,0,1,0,0
36,90,2,16,7,10,0.81,3.0,0.27391304347826084,-0.4339776640240484,1,0,1,0
27,34,3,15,10,10,0.55,1.0,0.265988987717069,-0.363261446725679,0,1,0,1
44,131,4,21,13,8,0.76,1.0,0.2770060128550695,0.5369288957058994,1,1,0,0
44,88,2,12,1,10,0.78,1.0,0.2723334021043945,2.1388455639125517,1,0,1,0
32,40,3,16,9,7,0.64,1.0,0.2770060128550695,0.3211150740117901,1,1,0,0
43,90,3,14,6,9,0.61,2.0,0.2655860349127182,-0.5001416788325664,0,0,0,0
33,93,1,9,9,15,0.71,2.0,0.2627646326276463,-0.09062825322319344,0,1,0,0
43,146,1,8,9,8,0.57,2.0,0.2765167148163434,-0.46870129790130527,0,0,1,0
41,147,1,13,6,9,0.95,2.0,0.2733843537414966,-0.20448259506341668,1,0,1,0
27,96,3,15,5,14,0.97,3.0,0.2733843537414966,-0.40538933959184176,0,0,1,0
39,42,3,19,6,11,0.52,2.0,0.265988987717069,2.1388455639125517,1,0,1,1
30,122,4,17,4,14,0.5,3.0,0.27474402730375425,-0.0030645747479040772,1,1,0,1
33,107,2,15,12,7,0.72,2.0,0.2765167148163434,0.22728672715736822,0,0,0,0
35,145,3,22,9,12,0.63,2.0,0.2767747230201067,2.1388455639125517,1,1,0,0
44,62,1,13,7,10,0.65,3.0,0.2767747230201067,0.5685910348098732,1,0,0,0
32,72,1,12,5,11,0.73,2.0,0.2767747230201067,-0.5899537387811924,1,0,1,1
42,38,1,19,9,7,0.91,2.0,0.27474402730375425,0.24225540381547256,0,1,0,1
34,25,1,13,3,10,0.8,1.0,0.2723334021043945,-0.37470047246810684,1,1,0,0
42,4,2,11,5,9,0.91,2.0,0.27391304347826084,0.6614645895317822,1,0,1,1
28,106,3,12,7,10,0.71,2.0,0.2765167148163434,-0.607029118080067,1,1,0,0
31,141,1,14,5,12,0.55,3.0,0.2767747230201067,-0.5305595081896525,1,0,0,0
38,176,1,11,3,14,0.56,1.0,0.2733843537414966,-0.33646566752289964,0,1,0,0
40,86,1,10,4,12,0.89,2.0,0.2723334021043945,-0.5439635577402843,1,1,0,0
30,127,3,8,5,8,0.57,1.0,0.2719186785260483,-0.2137409987741701,1,0,1,0
25,35,1,16,7,10,0.64,2.0,0.265988987717069,0.692412174523682,0,0,0,1
28,38,3,16,5,6,0.98,2.0,0.2767747230201067,-0.5998712570608418,1,0,0,0
46,26,4,16,9,8,0.54,2.0,0.2627646326276463,0.9540498586291649,1,1,0,0
39,164,2,13,6,12,0.75,3.0,0.27391304347826084,-0.13579916101491324,0,0,1,0
35,55,1,17,7,12,0.67,3.0,0.27391304347826084,0.4902488003498851,1,0,1,0
25,22,2,16,12,10,0.77,2.0,0.2765167148163434,0.5265740210300667,0,1,0,1
44,3,3,8,3,13,0.84,2.0,0.27474402730375425,-0.5356353063650755,0,0,1,0
37,158,1,12,7,9,0.83,1.0,0.265988987717069,1.2563308878334842,0,0,1,0
18,38,2,15,7,12,1.0,2.0,0.2723334021043945,0.4834174166404869,0,1,0,0
31,38,1,17,7,14,0.58,1.0,0.265988987717069,-0.5000677594416622,0,1,0,0
32,65,1,16,8,15,0.5,2.0,0.2719186785260483,0.21440011334306605,0,0,1,0
32,141,1,13,8,17,0.68,2.0,0.27474402730375425,-0.3030664227326767,0,0,1,0
35,6,1,12,8,8,0.96,3.0,0.2765167148163434,0.08417262641755832,1,0,1,1
39,168,3,10,16,17,0.67,2.0,0.2765167148163434,0.3319689045762263,1,1,0,0
47,74,1,16,6,13,0.56,2.0,0.2770060128550695,0.06998010336394828,1,1,0,0
34,123,2,11,10,6,0.99,2.0,0.2733843537414966,1.1341729344150204,1,1,0,0
29,158,1,18,7,6,0.82,2.0,0.27474402730375425,0.500652954619654,0,1,0,0
23,93,4,15,4,14,0.69,2.0,0.2767747230201067,1.5899475788319504,0,0,1,0
38,160,3,13,8,11,0.94,3.0,0.27474402730375425,0.05451863076648249,1,0,1,0
31,146,1,22,12,13,0.56,1.0,0.265988987717069,-0.023380087348080253,0,0,1,0
41,152,1,18,8,6,0.86,1.0,0.27474402730375425,1.191423502670338,1,1,0,0
22,180,3,17,11,13,0.89,1.0,0.2719186785260483,2.1388455639125517,0,1,0,0
41,100,1,13,2,10,0.68,1.0,0.2719186785260483,2.1388455639125517,0,1,0,0
33,115,1,14,3,7,0.85,2.0,0.2767747230201067,0.7753435711689736,0,0,1,0
63,160,1,14,9,10,0.68,2.0,0.2733843537414966,0.5127880546264298,0,1,0,0
31,52,2,20,2,10,0.72,2.0,0.27391304347826084,-0.3208933158390775,1,0,1,1
27,59,1,10,3,13,0.59,2.0,0.2767747230201067,1.0782221154497686,0,1,0,1
54,178,2,11,11,15,0.93,2.0,0.27391304347826084,-0.35000523595685573,1,1,0,0
38,97,4,13,7,10,0.97,2.0,0.2719186785260483,0.23267052279489217,1,0,1,0
44,68,4,15,12,10,0.98,1.0,0.2770060128550695,0.8241550089627262,0,1,0,1
46,17,4,17,9,6,0.79,1.0,0.2655860349127182,2.0860637308348577,1,0,0,1
28,36,1,9,6,10,0.73,2.0,0.2767747230201067,-0.18462907865639186,1,1,0,0
27,35,1,23,17,9,0.91,3.0,0.27391304347826084,-0.3798501900344341,1,1,0,0
46,180,3,17,4,9,0.68,2.0,0.2765167148163434,0.7928378270163053,0,1,0,0
23,33,3,19,13,16,0.66,2.0,0.2765167148163434,-0.5247260362574613,1,0,1,0
39,54,1,17,7,14,0.7,1.0,0.2767747230201067,0.6763655067482244,1,0,0,0
28,135,2,20,8,8,0.92,3.0,0.27391304347826084,0.07500662194543517,1,1,0,0
55,42,2,15,8,15,0.86,1.0,0.2641112047177759,0.8853849044283875,0,0,1,0
45,95,1,13,11,8,0.81,2.0,0.2770060128550695,-0.47125151688750083,1,1,0,1
37,101,2,10,8,13,0.67,1.0,0.27474402730375425,-0.29725143064821147,1,0,1,0
30,163,1,17,11,12,0.64,1.0,0.2770060128550695,-0.037430931569123874,1,1,0,0
36,156,2,17,10,15,0.69,2.0,0.2770060128550695,0.7317249705862424,0,0,1,0
37,67,1,17,5,12,0.96,1.0,0.2765167148163434,-0.3855789428295111,0,1,0,0
38,37,3,14,5,6,0.86,1.0,0.27812113720642767,0.37655461718995437,1,1,0,0
18,144,2,14,10,11,0.82,1.0,0.27621483375959077,0.1288322584221906,1,1,0,0
39,121,1,11,6,12,0.75,1.0,0.26641414141414144,0.36655701957015874,0,0,1,0
41,60,1,13,8,15,0.69,2.0,0.2723334021043945,0.9189935874928391,0,0,1,1
46,32,2,12,7,8,0.97,1.0,0.2723334021043945,-0.35835196717979045,1,0,1,1
51,120,2,16,11,11,0.52,1.0,0.2723334021043945,0.6399478868294125,0,0,1,0
44,116,2,8,6,17,0.71,3.0,0.2723334021043945,0.5754532182654815,0,0,0,0
45,56,3,13,15,10,0.82,1.0,0.2627646326276463,0.35254313504456725,0,0,0,0
31,4,2,19,10,10,0.81,1.0,0.2765167148163434,1.7470755640973519,0,0,0,1
30,18,2,12,5,9,0.81,3.0,0.2765167148163434,-0.5862824090329496,0,0,1,0
51,61,2,10,7,12,0.77,1.0,0.2770060128550695,-0.3403772352915812,0,1,0,0
18,129,2,17,9,9,0.79,1.0,0.27474402730375425,0.10651476231835849,0,0,0,0
38,127,1,12,7,9,0.92,1.0,0.2719186785260483,-0.3818952931827842,1,0,0,0
35,115,2,13,9,8,0.95,2.0,0.27391304347826084,0.6845767190878347,1,0,1,0
39,35,4,17,5,6,0.53,1.0,0.2641112047177759,-0.2347464256894523,0,0,1,1
43,25,3,13,7,11,0.7,2.0,0.2765167148163434,-0.6354018442888031,0,0,1,0
21,77,3,11,9,9,0.99,2.0,0.2770060128550695,0.17228454037538732,1,0,1,1
39,10,3,12,14,5,0.74,2.0,0.2770060128550695,1.1692969649930085,0,1,0,0
34,74,1,18,6,10,0.57,2.0,0.2770060128550695,-0.5143773215308706,1,0,1,0
30,10,2,6,7,11,0.99,1.0,0.27474402730375425,0.3395025224992146,1,0,1,0
39,95,2,14,11,11,0.54,3.0,0.2733843537414966,-0.3542864006800584,0,1,0,1
27,143,2,17,5,7,0.8,2.0,0.27474402730375425,0.4823455854723757,0,0,1,0
39,148,1,14,10,8,0.98,2.0,0.2733843537414966,-0.5869045639063935,0,1,0,0
35,50,4,12,5,16,0.83,1.0,0.2723334021043945,1.768062511164908,1,0,1,0
18,84,3,14,5,9,0.67,3.0,0.2767747230201067,0.3635324844923278,1,0,1,1
52,46,2,13,5,15,0.56,2.0,0.27812113720642767,-0.14938184909356347,0,1,0,0
56,164,1,16,9,16,0.9,2.0,0.2767747230201067,0.3352213577760119,0,0,1,0
46,64,3,12,6,9,0.65,1.0,0.2765167148163434,0.00852844972557426,0,1,0,0
31,174,2,14,8,6,0.81,3.0,0.2767747230201067,-0.2655769716457536,0,0,1,0
44,151,2,13,7,12,0.91,3.0,0.2767747230201067,-0.30853029771034685,1,1,0,0
46,12,2,15,6,11,0.99,1.0,0.2765167148163434,2.1388455639125517,1,0,1,1
32,121,2,10,13,13,0.51,3.0,0.2767747230201067,-0.10507333419572623,1,0,1,1
47,127,3,14,6,6,0.75,3.0,0.2767747230201067,0.1584739341747824,1,1,0,0
53,2,2,20,7,11,0.56,2.0,0.2767747230201067,-0.579340146237195,1,1,0,0
37,89,4,30,12,9,0.51,3.0,0.2770060128550695,-0.4438828624052138,1,0,0,0
37,155,1,9,9,13,0.65,3.0,0.2719186785260483,2.1388455639125517,0,1,0,0
35,58,2,17,6,12,0.73,2.0,0.27391304347826084,-0.39873659441046205,1,0,1,0
23,157,2,19,4,11,0.95,1.0,0.2767747230201067,-0.3232648962972545,1,1,0,0
23,137,2,8,4,11,0.6,2.0,0.2765167148163434,-0.30177283339185285,1,0,1,0
29,97,1,11,13,14,0.55,1.0,0.27621483375959077,-0.29741774927774595,0,0,0,0
38,125,1,21,9,5,0.76,2.0,0.2733843537414966,2.0999852161218193,1,0,0,0
47,28,1,21,10,10,0.88,2.0,0.2767747230201067,-0.2182254418223594,0,1,0,1
26,49,3,18,7,10,0.84,1.0,0.2641112047177759,-0.501336708985518,1,0,1,1
34,46,2,16,14,10,0.65,2.0,0.2765167148163434,0.5875575185260473,1,0,1,0
30,163,2,13,13,8,0.88,1.0,0.2767747230201067,-0.35498863489364846,1,1,0,0
37,24,2,12,3,6,0.87,3.0,0.27474402730375425,-0.24720800300605522,1,0,1,0
41,174,1,16,6,9,0.61,2.0,0.265988987717069,-0.2563740074781784,0,0,1,0
52,116,2,17,10,10,0.98,1.0,0.27391304347826084,-0.43772291316319556,1,0,1,0
52,62,3,14,5,8,0.52,1.0,0.27474402730375425,1.3331208150844838,0,1,0,0
54,16,4,12,7,8,0.53,2.0,0.2733843537414966,-0.6177227899642107,1,1,0,0
41,114,2,12,5,8,0.85,3.0,0.2770060128550695,-0.4994209647712503,1,0,1,1
53,125,2,16,14,11,0.63,2.0,0.2723334021043945,0.6057293687900012,0,1,0,1
24,133,2,20,6,13,0.68,2.0,0.2765167148163434,-0.5947030596467885,1,1,0,0
36,101,4,19,14,12,0.58,2.0,0.2723334021043945,0.6001484547767326,0,0,0,0
49,12,1,12,7,11,0.77,3.0,0.2767747230201067,-0.3046187299416653,0,0,1,1
32,76,4,15,3,12,0.59,3.0,0.27474402730375425,0.7912916797565588,0,0,1,0
40,11,4,14,6,9,0.99,3.0,0.27391304347826084,-0.2624969970247445,0,0,1,1
43,26,2,14,10,7,0.92,2.0,0.2765167148163434,1.217400008623929,0,1,0,1
33,163,4,13,9,12,0.94,1.0,0.2641112047177759,1.6544052877004294,1,1,0,0
48,41,1,16,6,10,0.9,2.0,0.27391304347826084,-0.18998823449694774,0,1,0,0
40,138,3,13,5,10,0.64,2.0,0.2770060128550695,0.6430032216534536,0,1,0,0
27,178,1,16,5,9,0.82,3.0,0.2719186785260483,-0.3578160515957349,0,1,0,1
47,164,2,18,10,12,0.91,1.0,0.27391304347826084,0.7016151386912571,1,1,0,0
23,145,2,20,6,13,0.57,1.0,0.27474402730375425,-0.6214741990525998,0,1,0,0
44,30,1,6,6,16,0.78,2.0,0.2655860349127182,-0.10412470201245541,0,0,0,0
27,176,2,17,11,13,0.74,2.0,0.2767747230201067,2.1388455639125517,1,1,0,0
41,105,2,16,3,13,0.64,1.0,0.2627646326276463,0.7089393183400169,1,1,0,0
39,8,2,15,10,10,0.54,1.0,0.27474402730375425,0.6606021966378997,0,0,1,1
47,37,2,17,6,9,0.98,1.0,0.2641112047177759,2.1388455639125517,0,0,1,1
39,22,3,10,6,14,0.74,2.0,0.2733843537414966,-0.02900412100604291,0,0,1,1
43,131,3,21,5,8,0.77,3.0,0.2770060128550695,0.3631012880453865,1,1,0,0
28,92,2,19,12,5,0.66,2.0,0.2723334021043945,0.3336567306685393,0,0,1,0
34,179,3,19,9,10,0.84,1.0,0.2641112047177759,1.2709299675370676,1,0,1,0
46,137,1,8,8,11,0.98,1.0,0.27391304347826084,-0.17645482601223367,1,1,0,0
27,166,2,15,16,3,0.73,1.0,0.2770060128550695,-0.3716081779486137,0,1,0,0
33,159,2,14,14,14,0.59,3.0,0.2767747230201067,2.1388455639125517,0,1,0,0
58,139,1,13,4,8,0.8,2.0,0.27474402730375425,-0.1341667744657784,1,1,0,0
20,59,1,18,5,4,0.96,2.0,0.27474402730375425,0.5489900763217711,0,1,0,1
26,31,1,10,5,6,0.6,1.0,0.2765167148163434,2.1388455639125517,1,0,0,1
27,82,1,16,12,10,0.8,3.0,0.2719186785260483,1.7772716352817253,0,0,1,1
49,132,2,13,10,9,0.9,2.0,0.2733843537414966,2.1388455639125517,0,1,0,1
48,74,2,18,5,12,0.85,2.0,0.27391304347826084,1.2694577396682252,0,1,0,0
26,39,1,11,4,12,0.68,2.0,0.2641112047177759,0.039482194666715945,0,1,0,0
24,157,1,17,1,8,0.63,1.0,0.2719186785260483,-0.4648266898280758,0,1,0,0
32,118,2,16,9,9,0.65,2.0,0.2719186785260483,1.648233018559927,0,0,1,0
18,36,1,19,8,12,0.91,1.0,0.2767747230201067,-0.05305256284688214,0,0,1,0
40,23,1,11,10,8,0.72,3.0,0.2641112047177759,-0.5577064044992269,0,0,0,0
34,164,4,18,8,10,0.81,3.0,0.2733843537414966,-0.4002642618224826,1,0,1,0
18,43,1,14,8,4,0.68,2.0,0.27474402730375425,-0.5976105556890211,1,0,1,0
33,140,2,18,11,13,0.96,1.0,0.2723334021043945,0.4036214341593825,1,1,0,0
35,147,2,15,6,12,0.5,1.0,0.2765167148163434,1.2301880632503588,0,0,1,0
43,124,2,26,2,7,0.97,1.0,0.2765167148163434,2.1388455639125517,1,0,1,0
34,173,1,13,6,12,0.62,2.0,0.2723334021043945,1.2252847436537122,1,0,1,0
28,11,2,11,8,13,0.89,1.0,0.2719186785260483,-0.3734561627212192,0,1,0,1
29,3,4,22,8,8,0.63,1.0,0.2641112047177759,-0.031542020093754425,1,0,1,0
38,145,2,13,9,11,0.74,3.0,0.27391304347826084,0.08660580636815553,0,1,0,0
39,87,2,14,8,6,0.52,1.0,0.2767747230201067,0.766029727915042,0,0,1,0
39,42,1,17,6,6,0.9,2.0,0.27474402730375425,-0.4353513327050185,0,0,1,0
20,12,2,10,4,6,0.56,2.0,0.2627646326276463,-0.44458509661880385,1,0,0,1
42,96,2,16,8,13,0.77,3.0,0.27391304347826084,0.1355835627914426,1,0,0,0
47,16,1,18,5,12,0.63,1.0,0.2655860349127182,2.1388455639125517,0,0,1,0
56,46,4,13,7,13,0.62,1.0,0.2723334021043945,-0.40447766710402305,0,0,1,0
22,131,2,16,17,5,0.76,3.0,0.2733843537414966,-0.15593603508707088,1,0,0,0
24,141,2,10,10,12,0.67,3.0,0.2627646326276463,0.4914007108581425,1,1,0,0
39,138,1,21,11,9,0.81,2.0,0.2765167148163434,0.11720843420250217,0,1,0,0
30,94,4,12,9,7,0.88,3.0,0.2719186785260483,-0.15028120168289813,0,0,1,0
48,114,1,16,5,10,0.52,1.0,0.26641414141414144,-0.16736274093101472,1,1,0,0
20,179,3,21,11,14,0.8,1.0,0.2765167148163434,-0.3918990507518218,0,1,0,0
39,140,2,9,8,5,0.84,2.0,0.2767747230201067,-0.3930078416153851,1,0,0,1
39,50,1,18,10,7,0.57,3.0,0.27391304347826084,2.1388455639125517,1,0,1,0
44,84,3,18,8,7,0.84,2.0,0.27391304347826084,1.4173150013243891,1,1,0,1
36,20,1,18,9,6,0.88,3.0,0.27391304347826084,2.1388455639125517,0,1,0,1
18,144,3,12,9,5,0.79,3.0,0.2767747230201067,0.02482767541995454,0,0,0,0
38,98,1,11,7,12,0.97,3.0,0.2770060128550695,-0.5407603841344347,0,0,1,1
39,80,1,13,4,16,0.72,3.0,0.2765167148163434,0.8172743456593917,1,0,1,0
18,135,1,21,7,6,0.91,1.0,0.2770060128550695,-0.2643265019496239,1,0,1,0
46,55,1,18,14,7,0.86,3.0,0.27474402730375425,0.8134490171800984,0,0,1,0
36,65,1,22,6,11,0.51,2.0,0.2733843537414966,-0.6292542149452689,0,0,1,1
24,146,2,14,12,10,0.9,1.0,0.2655860349127182,0.04368943999901441,0,1,0,0
38,31,1,18,4,6,0.99,3.0,0.27391304347826084,-0.48393485237681644,0,0,0,1
45,155,4,17,10,8,0.78,2.0,0.27621483375959077,-0.6277203875840063,0,1,0,0
41,179,2,18,5,13,0.81,2.0,0.2733843537414966,-0.23340355675469235,0,1,0,0
31,179,3,13,12,12,0.65,1.0,0.2770060128550695,-0.23095189695636908,1,0,1,0
59,92,1,20,10,10,0.65,3.0,0.27391304347826084,1.1994191167864776,0,1,0,1
33,17,3,11,12,12,0.51,2.0,0.2770060128550695,-0.02323840851551383,1,0,0,0
38,173,1,16,3,9,0.62,3.0,0.27391304347826084,-0.18678506089109825,0,1,0,0
40,152,1,18,8,10,0.73,1.0,0.265988987717069,1.0328232895360943,0,1,0,0
44,146,3,5,9,12,0.84,1.0,0.2641112047177759,-0.5778124788251745,0,0,1,0
43,165,2,15,13,7,0.99,1.0,0.2723334021043945,-0.3104953215185507,0,0,1,0
35,128,2,17,10,4,0.93,3.0,0.2723334021043945,-0.3447384793549301,1,0,0,1
34,10,1,19,7,13,0.89,3.0,0.265988987717069,-0.4830478196859658,0,1,0,0
24,149,1,8,12,13,0.79,3.0,0.27391304347826084,-0.3760248615551408,0,0,1,0
39,146,3,18,5,15,0.83,2.0,0.2765167148163434,0.9336727465365685,0,0,1,0
42,77,2,21,12,11,0.86,1.0,0.2723334021043945,0.45298726738491674,1,1,0,0
31,25,2,17,10,8,0.82,2.0,0.2641112047177759,1.7941252564078871,1,1,0,1
44,92,2,15,13,7,0.92,2.0,0.2733843537414966,-0.2693099008864167,1,1,0,0
36,166,2,13,6,13,0.78,2.0,0.265988987717069,0.4877725007545938,0,0,1,1
40,113,4,9,8,7,0.57,2.0,0.2767747230201067,2.1388455639125517,0,0,1,0
28,101,1,23,7,11,0.59,2.0,0.27621483375959077,0.11552060811018917,1,1,0,0
46,104,3,22,9,8,0.69,2.0,0.27391304347826084,-0.06494742483321937,0,1,0,0
22,125,1,22,12,10,0.6,3.0,0.27621483375959077,0.9411386050178947,1,0,1,0
56,115,1,14,11,7,0.53,2.0,0.2765167148163434,-0.33172250660654556,1,1,0,0
33,75,3,19,8,7,0.66,1.0,0.2641112047177759,-0.25427962473589216,0,0,1,1
25,37,1,9,8,9,0.87,3.0,0.27391304347826084,0.22277764431221087,0,0,1,1
33,20,1,14,14,8,0.79,1.0,0.2719186785260483,0.34823117057515446,0,0,1,0
37,179,2,10,7,12,0.51,1.0,0.265988987717069,0.2964567971959911,0,0,1,0
33,68,1,18,5,12,0.77,2.0,0.2765167148163434,0.06470718681278066,1,1,0,0
22,19,3,17,4,5,0.51,2.0,0.2767747230201067,-0.6298702098694706,0,0,0,0
45,68,1,15,12,10,0.89,2.0,0.2641112047177759,0.7709330475116885,0,0,0,0
38,61,2,12,12,17,0.89,1.0,0.2770060128550695,0.4954416375609065,1,0,1,0
56,65,2,17,9,13,0.92,2.0,0.2770060128550695,-0.10112480673159253,1,1,0,0
45,28,1,17,12,14,0.78,3.0,0.2765167148163434,-0.2781186283025028,0,0,1,0
23,14,3,8,7,9,0.67,3.0,0.27391304347826084,0.0698507444298659,1,1,0,0
46,45,1,13,6,6,0.92,2.0,0.2770060128550695,0.23849167482859943,1,1,0,0
18,57,2,6,8,12,0.78,1.0,0.27391304347826084,0.15355829467965185,0,1,0,1
50,28,1,14,5,3,0.59,1.0,0.2723334021043945,2.0793124264656058,0,1,0,0
19,106,2,18,12,9,0.65,1.0,0.2641112047177759,-0.3595223575357739,1,1,0,1
27,49,2,15,5,9,0.98,3.0,0.2767747230201067,-0.017084619222737605,1,0,0,0
51,167,2,15,7,12,0.76,2.0,0.2765167148163434,-0.028363486284873014,1,0,1,0
23,17,1,11,13,9,0.55,1.0,0.2767747230201067,-0.5544046717055051,1,0,1,1
59,98,4,13,11,16,0.7,3.0,0.2723334021043945,-0.4124671212709207,0,1,0,0
48,60,2,16,13,11,0.81,3.0,0.27474402730375425,0.2643018621526559,1,1,0,0
43,151,1,14,4,10,0.79,2.0,0.2733843537414966,-0.5988425455374248,1,1,0,0
52,80,2,10,11,12,0.54,1.0,0.27812113720642767,0.2533371525018634,0,0,0,0
37,89,1,15,8,9,0.71,2.0,0.2767747230201067,-0.146190995386198,0,1,0,0
46,22,1,15,10,10,0.5,2.0,0.2767747230201067,-0.3604032302773825,1,0,1,1
29,156,3,16,8,6,0.87,1.0,0.2770060128550695,-0.5821182833453452,1,1,0,0
43,43,3,15,12,11,0.95,1.0,0.2765167148163434,-0.606043526201344,0,1,0,0
25,123,1,13,17,16,0.67,2.0,0.2733843537414966,1.1148368537443252,1,1,0,0
30,163,3,24,3,8,0.97,1.0,0.2767747230201067,0.1894646388113762,0,0,0,0
33,74,2,13,8,9,0.51,1.0,0.26641414141414144,0.7638306260356414,1,1,0,0
47,44,1,25,6,21,0.66,2.0,0.2770060128550695,1.9282458312543505,1,0,0,0
37,51,4,18,10,14,0.7,2.0,0.2641112047177759,-0.2519942835671034,0,1,0,0
30,92,3,9,10,5,0.62,3.0,0.27391304347826084,-0.16484948164027127,1,0,1,0
25,89,4,10,11,9,0.65,1.0,0.2765167148163434,0.840306395875298,1,0,0,0
28,63,1,21,10,6,0.92,3.0,0.2733843537414966,-0.6003763728986873,1,0,0,0
38,161,1,16,5,14,0.54,2.0,0.2641112047177759,-0.6249484104250981,1,0,1,0
32,135,1,24,9,10,0.92,2.0,0.27474402730375425,-0.33931156407271207,1,0,1,1
28,100,2,12,8,13,0.57,3.0,0.27391304347826084,0.0035327308902974638,1,1,0,0
18,163,1,14,4,11,0.85,1.0,0.265988987717069,0.1235963015664751,1,1,0,0
39,165,1,12,14,11,0.51,2.0,0.27474402730375425,-0.42879098676226907,1,0,0,0
31,6,1,9,10,7,0.59,2.0,0.2767747230201067,-0.09136744713223563,0,1,0,0
35,146,2,8,5,15,0.6,1.0,0.2767747230201067,0.06095577772439155,1,0,1,0
34,81,1,12,7,8,0.63,1.0,0.2723334021043945,1.4900455220248985,0,0,1,0
18,36,3,14,11,7,1.0,3.0,0.27474402730375425,0.3047234490787796,0,1,0,0
34,134,2,20,14,10,0.94,1.0,0.2770060128550695,-0.48739674385083065,0,0,1,1
53,137,2,19,10,10,0.65,3.0,0.2770060128550695,1.648855173433371,1,0,1,0
53,42,2,14,11,13,0.86,1.0,0.2770060128550695,0.7973037902167686,0,0,0,1
20,11,1,14,12,6,0.93,3.0,0.2719186785260483,-0.5826049193354647,0,1,0,1
35,28,1,17,7,7,0.5,3.0,0.2723334021043945,-0.024673676688904085,0,0,1,1
18,135,3,13,9,17,0.67,2.0,0.2770060128550695,0.44751107250876254,1,1,0,0
29,45,2,21,6,3,0.6,2.0,0.2765167148163434,0.5441606761160288,0,1,0,1
52,22,2,12,6,12,0.64,2.0,0.2770060128550695,-0.15903448955580607,0,1,0,0
43,136,1,16,6,15,0.86,2.0,0.2765167148163434,1.3705609865774706,0,0,1,1
32,82,1,23,8,11,0.8,3.0,0.27391304347826084,-0.27243915510136196,0,1,0,0
31,63,3,17,5,8,0.54,3.0,0.2765167148163434,0.004592242159924602,1,1,0,0
34,174,4,23,9,17,0.65,2.0,0.2767747230201067,-0.5718311681111747,1,0,1,0
36,138,1,11,9,13,0.69,1.0,0.2767747230201067,-0.5501050271345764,1,1,0,0
27,100,1,14,10,9,0.62,1.0,0.2723334021043945,-0.26301443276107406,1,0,1,1
21,40,3,10,3,7,0.69,1.0,0.2641112047177759,2.1388455639125517,1,0,1,1
27,140,1,14,6,14,0.6,3.0,0.2767747230201067,0.5368241765687851,0,0,1,0
45,97,2,22,6,7,0.61,3.0,0.2723334021043945,2.1388455639125517,1,0,1,0
24,1,1,14,12,14,0.8,3.0,0.265988987717069,0.08717868164766322,1,0,0,1
25,12,3,18,3,13,0.57,1.0,0.2765167148163434,-0.24883422960594806,1,0,1,0
18,68,2,15,13,11,0.6,2.0,0.265988987717069,-0.48545019989035293,1,0,1,0
40,168,1,16,11,11,0.92,2.0,0.2765167148163434,-0.5985653478215339,1,0,1,0
36,176,1,15,8,7,0.85,2.0,0.27391304347826084,-0.1069890784099939,0,0,0,0
31,14,1,19,4,10,0.84,2.0,0.2641112047177759,-0.24292683828285255,1,1,0,1
44,104,1,10,11,11,0.65,1.0,0.27391304347826084,-0.1599584819421088,0,1,0,1
35,7,2,17,8,11,0.86,2.0,0.27391304347826084,0.48198214846709664,0,1,0,0
31,121,2,19,6,7,0.92,1.0,0.2767747230201067,0.7848853325448598,0,1,0,0
29,6,1,12,7,14,0.84,1.0,0.27621483375959077,-0.5766790481646431,1,0,1,0
46,142,3,14,5,11,0.55,1.0,0.2765167148163434,1.5868552843124573,0,1,0,1
43,11,2,22,7,9,0.77,1.0,0.2765167148163434,0.15498124295455806,1,1,0,0
44,133,1,12,7,10,0.92,3.0,0.2733843537414966,0.1711387898163719,1,1,0,1
39,66,4,14,7,6,0.57,1.0,0.2723334021043945,-0.5707778167907896,1,0,1,0
34,179,3,10,3,7,0.51,1.0,0.2719186785260483,0.4713562360246152,1,1,0,0
26,150,2,10,8,9,0.59,1.0,0.2719186785260483,-0.5723794035937144,0,1,0,0
55,6,2,17,12,10,0.61,1.0,0.26641414141414144,0.9840857711332459,0,0,1,0
37,2,2,12,10,11,0.75,2.0,0.2765167148163434,1.888914555344064,0,0,1,1
32,94,1,11,11,6,0.85,2.0,0.2767747230201067,-0.4026912818238378,1,0,0,0
53,13,2,17,9,8,0.63,1.0,0.2723334021043945,0.6646061636452115,0,0,1,0
52,38,1,15,6,19,0.85,3.0,0.2765167148163434,0.19427555916939243,1,1,0,1
28,144,1,11,8,11,0.57,2.0,0.2770060128550695,2.1388455639125517,0,0,1,0
32,29,4,15,7,16,0.54,1.0,0.2770060128550695,-0.35791461078360715,1,1,0,1
45,134,1,22,10,11,0.52,3.0,0.2719186785260483,-0.35577094844738477,0,0,1,1
32,75,2,14,9,13,0.9,3.0,0.2765167148163434,0.3265912688879444,0,0,1,0
38,132,4,14,7,10,0.81,3.0,0.27621483375959077,0.022148097499676604,1,0,1,0
35,169,4,17,3,8,0.67,2.0,0.2723334021043945,-0.48464940648889054,1,0,1,1
35,122,4,16,16,9,0.98,2.0,0.27391304347826084,-0.44353174529841877,0,0,0,1
25,94,2,5,6,11,0.99,2.0,0.2770060128550695,-0.1286967395388662,0,0,1,1
36,11,2,13,8,13,0.73,2.0,0.265988987717069,-0.3684542839367004,1,1,0,0
35,97,1,19,9,5,0.69,1.0,0.2770060128550695,-0.49420964771250286,1,1,0,0
41,107,1,16,12,11,0.8,3.0,0.265988987717069,0.6547502448579824,1,1,0,1
36,12,4,13,8,11,0.73,1.0,0.2627646326276463,-0.14936952919507943,1,0,1,1
43,157,3,12,5,13,0.81,2.0,0.2765167148163434,-0.4157380543184324,0,1,0,0
25,135,3,12,7,6,0.75,1.0,0.2767747230201067,-0.28182075779695576,1,1,0,0
54,30,2,18,6,6,0.64,3.0,0.2641112047177759,0.42430038376483775,1,0,1,1
25,88,1,18,5,11,0.93,3.0,0.2723334021043945,0.4109271339604162,0,1,0,0
30,169,2,19,7,7,0.97,1.0,0.265988987717069,-0.6293897338285932,1,0,1,0
43,91,2,21,6,7,0.99,2.0,0.2719186785260483,1.668129654611646,0,0,0,0
39,1,1,13,8,9,0.8,3.0,0.2723334021043945,-0.43009073605233494,1,1,0,0
20,17,2,14,4,15,0.8,2.0,0.2767747230201067,-0.36528191007706096,0,0,1,1
29,68,3,17,9,6,0.89,1.0,0.2765167148163434,0.30066404252828954,0,1,0,1
42,125,1,12,4,9,0.97,2.0,0.2770060128550695,-0.6022366775697768,1,0,1,0
56,131,1,15,9,10,0.55,3.0,0.2719186785260483,0.19134342333019175,0,1,0,0
52,104,2,15,7,14,0.86,2.0,0.2770060128550695,0.5254590702172615,0,0,1,0
55,43,3,16,10,9,0.83,2.0,0.2719186785260483,-0.5350316313393577,1,1,0,0
46,120,1,16,10,11,0.81,1.0,0.2655860349127182,0.5483063219559071,1,1,0,0
40,61,1,13,11,7,0.73,2.0,0.27474402730375425,-0.5255699493036178,0,0,1,0
32,102,1,10,10,18,0.7,1.0,0.27391304347826084,0.9769771897079568,0,0,1,1
29,152,3,11,9,9,0.63,2.0,0.27474402730375425,0.5069484227449966,1,0,1,0
18,158,2,15,10,10,0.62,2.0,0.2733843537414966,-0.20541890734820345,1,1,0,0
47,65,1,14,9,6,0.54,2.0,0.2719186785260483,-0.031474260652092224,1,1,0,0
30,141,1,11,9,11,0.61,3.0,0.2765167148163434,0.15789489894603267,1,1,0,0
42,153,3,12,7,9,0.99,2.0,0.2723334021043945,-0.4982690542629929,1,1,0,0
18,85,2,11,5,12,0.86,2.0,0.2723334021043945,-0.5313479816926309,1,0,1,0
18,115,2,18,5,14,0.88,2.0,0.27474402730375425,0.07131065240022422,0,0,0,1
34,152,2,12,7,10,0.65,2.0,0.2719186785260483,0.07309703768040951,1,1,0,0
21,85,2,18,4,12,0.51,1.0,0.2723334021043945,0.130316806189517,0,1,0,0
31,116,2,23,9,12,0.85,2.0,0.2770060128550695,0.538820000123199,0,0,1,0
38,8,1,16,9,14,0.62,2.0,0.2719186785260483,0.4755203617122195,0,0,1,1
30,167,2,14,14,8,0.61,2.0,0.2767747230201067,-0.49579891461694353,1,1,0,0
35,45,1,22,7,8,0.8,3.0,0.2765167148163434,-0.604663697571132,0,1,0,0
28,25,4,23,8,11,0.9,2.0,0.2765167148163434,0.4924355823308016,1,0,1,1
24,74,1,28,4,6,0.64,2.0,0.2641112047177759,-0.5056979530488669,1,0,1,0
33,94,1,13,6,13,0.57,3.0,0.2770060128550695,1.7803885695981865,0,1,0,0
45,38,1,12,10,9,0.86,2.0,0.27812113720642767,1.219796228879074,1,1,0,0
24,46,1,19,9,17,0.76,3.0,0.2641112047177759,-0.5946784198498204,1,1,0,0
44,69,2,7,10,9,0.79,3.0,0.27474402730375425,-0.5331220470743321,1,1,0,0
30,175,4,16,9,12,0.89,2.0,0.265988987717069,-0.585401536291341,1,0,1,0
22,33,4,17,7,14,0.54,2.0,0.2723334021043945,-0.13263294710451587,0,0,0,0
47,69,2,13,7,6,0.84,1.0,0.265988987717069,-0.5698291846075189,0,0,0,0
41,159,1,7,8,15,0.72,2.0,0.2765167148163434,1.0917308841375146,1,1,0,1
35,84,1,10,9,9,0.83,1.0,0.2733843537414966,0.11651851988739613,0,1,0,1
50,33,1,19,5,6,0.92,3.0,0.2723334021043945,-0.4826659028329607,1,0,0,0
34,42,3,19,4,8,0.54,2.0,0.265988987717069,-0.006865263430229335,1,1,0,0
32,124,3,26,12,10,0.53,1.0,0.2733843537414966,0.6591792483629935,1,0,1,0
42,161,1,12,12,10,0.75,2.0,0.2723334021043945,1.9653533654882684,0,0,1,0
31,72,2,18,8,11,0.79,2.0,0.27812113720642767,-0.39195449029499996,0,1,0,0
42,62,4,13,8,13,0.94,2.0,0.2733843537414966,-0.5649320249601143,0,0,1,0
21,29,2,15,8,8,0.9,2.0,0.2765167148163434,1.2395388661997424,0,1,0,0
27,145,3,11,9,9,0.51,2.0,0.2723334021043945,0.5660839354683718,1,1,0,0
38,136,2,16,10,5,0.58,2.0,0.27391304347826084,-0.446316042355811,0,1,0,1
37,174,1,14,7,14,0.92,3.0,0.27391304347826084,0.4987495303038703,0,1,0,0
28,57,4,18,12,12,0.85,3.0,0.2770060128550695,2.1388455639125517,1,1,0,1
49,22,1,16,4,10,0.73,3.0,0.2770060128550695,0.35561694971633434,1,0,1,0
43,125,1,11,10,14,0.88,2.0,0.2641112047177759,-0.17644866606299164,1,1,0,1
36,34,3,7,8,9,0.83,2.0,0.2767747230201067,-0.6155360079832942,1,0,1,0
38,114,1,15,7,15,0.92,1.0,0.27812113720642767,-0.5189541638176901,1,1,0,1
32,3,3,9,8,9,1.0,2.0,0.27474402730375425,-0.2743302595186616,0,1,0,0
47,2,1,13,10,10,0.62,1.0,0.2765167148163434,-0.23649585127418551,0,1,0,0
39,179,3,12,8,11,0.74,2.0,0.2767747230201067,0.9194617436352325,0,0,1,0
35,95,1,12,11,9,0.7,1.0,0.27812113720642767,-0.5038992478701976,1,0,1,0
25,145,3,11,9,8,0.68,3.0,0.2723334021043945,0.3001158070457499,0,1,0,0
31,157,1,19,8,6,0.82,2.0,0.2627646326276463,0.39204072958438824,1,0,1,0
52,74,2,15,5,6,0.55,3.0,0.2723334021043945,-0.5975982357905371,1,0,1,1
60,171,1,26,12,18,0.74,3.0,0.2767747230201067,-0.3991554709589193,0,0,1,0
46,39,3,18,13,12,0.55,1.0,0.27391304347826084,-0.6281084643862535,0,1,0,0
45,31,2,15,8,10,0.78,2.0,0.2733843537414966,2.041995453957459,0,1,0,0
42,170,1,11,6,6,0.79,1.0,0.27391304347826084,0.5430888449479176,1,0,0,0
53,3,2,20,10,12,0.65,2.0,0.2641112047177759,1.041884574871103,0,0,0,0
29,96,1,22,9,9,0.94,2.0,0.2627646326276463,0.24848927244839503,1,0,1,0
44,46,4,16,5,9,0.77,1.0,0.27391304347826084,0.9258496109992054,0,1,0,0
61,177,2,19,7,16,0.99,3.0,0.2765167148163434,0.051993051577255006,1,1,0,0
18,27,1,17,3,7,0.63,3.0,0.2770060128550695,-0.20379884069755266,1,0,1,1
44,103,4,20,9,11,0.81,2.0,0.2767747230201067,0.8389450470928119,1,0,1,0
48,102,2,20,13,6,0.93,3.0,0.27474402730375425,0.9944652856060466,1,1,0,1
41,35,2,19,11,12,0.88,1.0,0.2770060128550695,-0.5234386068658794,0,1,0,0
27,43,1,17,5,11,0.89,2.0,0.2627646326276463,0.7044979949365218,1,1,0,0
28,55,1,18,1,12,0.81,2.0,0.26641414141414144,-0.14066552091610765,1,0,1,0
25,104,4,18,8,11,0.67,1.0,0.2765167148163434,-0.1949100339413203,0,1,0,0
18,116,1,19,12,7,0.92,1.0,0.2770060128550695,-0.32125059289511454,1,1,0,0
39,50,3,19,9,10,0.82,2.0,0.27474402730375425,0.06098657747060164,1,1,0,0
36,16,1,19,7,10,0.6,2.0,0.2767747230201067,-0.4344088604709897,1,1,0,0
35,11,2,9,7,9,0.52,1.0,0.2765167148163434,-0.11200327709299675,0,0,1,0
37,137,2,15,9,15,0.66,2.0,0.2765167148163434,-0.405130621723677,1,0,1,1
31,15,1,9,9,8,0.5,2.0,0.2765167148163434,0.17641786631678155,0,1,0,0
53,160,2,17,8,9,0.84,3.0,0.265988987717069,-0.5325491717948244,1,0,0,0
39,174,3,14,8,5,0.98,2.0,0.2723334021043945,-0.44502245301498716,0,1,0,1
35,139,3,15,8,12,0.52,3.0,0.265988987717069,-0.4956387559366511,0,0,0,0
24,54,2,17,6,0,0.83,1.0,0.2719186785260483,-0.1851157146465113,1,1,0,0
25,101,3,11,9,11,0.88,2.0,0.2733843537414966,2.1388455639125517,0,1,0,0
28,49,1,15,11,12,0.87,1.0,0.27474402730375425,-0.11767043039565354,0,1,0,0
40,79,3,20,10,4,0.91,2.0,0.2765167148163434,-0.02570238821232113,1,0,1,0
44,13,2,17,6,10,0.62,3.0,0.2733843537414966,-0.6238088198153248,1,0,0,0
29,20,4,14,7,9,0.79,2.0,0.2765167148163434,-0.4691694540436987,1,0,1,0
27,172,2,13,7,11,0.86,1.0,0.2723334021043945,0.8433309309531289,0,1,0,0
28,120,4,15,5,11,0.68,2.0,0.2767747230201067,-0.13522628573540554,0,1,0,1
24,150,4,24,10,11,0.73,2.0,0.27474402730375425,-0.22539562274006864,1,1,0,0
36,122,2,14,13,2,0.74,1.0,0.2767747230201067,-0.44569388748236716,0,1,0,0
47,99,2,16,9,11,0.82,3.0,0.2765167148163434,-0.15663826930066096,1,0,1,1
18,38,1,15,16,8,0.66,3.0,0.2765167148163434,-0.4651223673916927,0,1,0,0
34,90,3,9,5,6,0.57,2.0,0.27391304347826084,-0.16165862793290584,0,0,1,0
48,114,2,13,8,6,0.67,3.0,0.2770060128550695,0.9275990365839385,1,1,0,1
27,173,1,14,9,8,0.69,2.0,0.265988987717069,0.4329427925513894,0,0,1,0
34,94,2,9,8,12,0.9,2.0,0.2641112047177759,-0.42354271000806953,0,0,1,0
43,99,2,12,10,7,0.89,1.0,0.27391304347826084,-0.32034508035653786,1,1,0,0
39,52,2,19,14,10,0.87,3.0,0.2627646326276463,-0.24153468975415643,0,1,0,1
38,144,1,17,9,9,0.69,2.0,0.2767747230201067,-0.6209444434177862,1,1,0,0
18,163,2,12,8,9,0.67,3.0,0.2767747230201067,-0.5988055858419726,0,1,0,0
31,18,4,16,6,11,0.72,1.0,0.27391304347826084,2.1388455639125517,1,0,1,0
33,64,2,14,14,12,0.53,2.0,0.2723334021043945,0.5271160965633643,0,1,0,0
46,103,3,10,10,10,0.61,2.0,0.2765167148163434,-0.3519209801711234,1,1,0,0
38,17,1,13,7,15,0.88,2.0,0.265988987717069,2.1388455639125517,0,0,1,1
43,129,2,13,3,12,0.96,1.0,0.2655860349127182,2.1388455639125517,0,1,0,1
44,8,3,16,9,12,0.52,3.0,0.26641414141414144,2.023589525622309,0,1,0,1
21,6,1,18,13,9,0.7,1.0,0.265988987717069,0.9703860440189973,1,1,0,0
40,10,3,11,7,11,0.63,1.0,0.2770060128550695,1.3054256832923696,0,0,1,0
22,180,1,9,7,15,0.95,2.0,0.2765167148163434,0.5204017518895644,0,1,0,0
18,2,4,14,8,6,0.84,3.0,0.2723334021043945,-0.5675376834894881,1,0,1,1
37,155,4,14,14,15,0.62,1.0,0.2770060128550695,-0.2701722937802993,1,1,0,1
40,169,3,24,7,7,0.91,2.0,0.2733843537414966,0.2481812749862941,0,1,0,0
28,9,2,10,11,11,0.59,1.0,0.27812113720642767,-0.5303192701692138,0,1,0,1
45,157,1,13,6,16,0.93,2.0,0.2733843537414966,-0.4871257060841819,1,1,0,0
21,11,3,16,12,15,0.67,3.0,0.26641414141414144,-0.21231189055002186,0,0,1,0
54,104,1,12,9,15,0.75,2.0,0.2627646326276463,0.3897985080602936,1,0,1,0
41,150,1,13,10,13,0.86,1.0,0.2719186785260483,-0.43795699123439225,0,1,0,0
50,147,2,11,7,8,0.59,2.0,0.2641112047177759,-0.3611978637296029,1,1,0,0
43,115,2,12,7,13,0.68,3.0,0.2733843537414966,-0.25360203031927014,1,1,0,0
38,75,3,14,11,7,0.62,3.0,0.2770060128550695,-0.13263910705375787,0,0,1,0
39,105,2,20,4,11,0.73,3.0,0.27474402730375425,1.339330043920438,0,1,0,0
48,28,2,10,12,15,0.61,3.0,0.2770060128550695,2.1388455639125517,1,0,0,0
46,68,3,13,9,9,0.79,1.0,0.27391304347826084,0.889277992349343,1,0,0,0
38,74,1,15,5,7,0.9,2.0,0.2765167148163434,0.7259469381972292,1,1,0,0
56,19,4,14,2,12,0.78,3.0,0.2770060128550695,-0.5876437578154357,1,0,1,1
24,144,1,15,7,15,0.74,2.0,0.2719186785260483,0.1984458448062388,1,0,1,0
22,59,2,17,9,11,0.69,3.0,0.2765167148163434,0.21229957065153784,1,1,0,0
60,119,2,15,8,10,0.76,2.0,0.2719186785260483,0.873416123051146,1,1,0,0
27,36,3,11,7,9,0.87,1.0,0.2765167148163434,1.284906892367207,1,0,1,1
51,65,1,20,5,6,0.72,2.0,0.2767747230201067,0.028813162579540346,1,1,0,0
43,159,2,20,8,6,0.63,1.0,0.2641112047177759,0.5730138783656422,1,0,1,0
31,97,2,11,3,13,0.79,3.0,0.27391304347826084,0.3875070069422628,1,1,0,1
35,86,1,18,3,4,0.85,2.0,0.27391304347826084,-0.5381916853005131,0,0,1,0
31,42,3,16,10,6,0.92,3.0,0.2767747230201067,-0.048223162641139836,0,0,1,0
36,160,2,14,5,11,0.61,2.0,0.2765167148163434,1.921322048306322,0,0,1,0
30,93,2,13,10,12,0.69,3.0,0.2723334021043945,1.4917518279649375,1,0,1,1
24,24,2,18,16,13,0.91,1.0,0.2655860349127182,0.424035505947431,1,0,1,0
32,151,1,17,4,8,0.76,3.0,0.2765167148163434,-0.550961260079217,1,1,0,0
33,125,2,13,8,6,0.66,3.0,0.2723334021043945,2.1388455639125517,0,0,1,0
32,35,2,15,3,7,0.96,2.0,0.27474402730375425,-0.40814283690302394,0,0,0,0
38,92,2,9,11,9,0.91,1.0,0.2723334021043945,-0.4847233258797948,1,0,1,0
25,79,2,22,9,9,0.6,2.0,0.27812113720642767,-0.21707353131410198,1,1,0,0
38,178,2,22,5,11,0.95,2.0,0.2641112047177759,0.6702917967955944,1,1,0,0
30,85,1,12,8,12,0.97,2.0,0.27391304347826084,-0.26251547687247057,1,0,1,0
33,17,3,17,9,13,0.95,2.0,0.2723334021043945,-0.3262031920856972,1,1,0,1
30,30,1,10,3,9,0.52,2.0,0.2765167148163434,-0.5278183307769544,0,0,1,0
36,116,1,12,12,11,0.75,1.0,0.2723334021043945,2.1388455639125517,0,1,0,0
39,123,3,8,9,10,0.54,2.0,0.2765167148163434,0.1700238390035666,0,0,1,1
26,144,1,14,11,13,0.5,1.0,0.27391304347826084,0.24674600681290387,1,0,1,0
29,130,1,11,6,9,0.71,2.0,0.2733843537414966,0.8676319307128909,1,1,0,0
34,141,3,16,8,12,0.64,2.0,0.27474402730375425,-0.3975723640037206,1,0,1,0
19,154,1,14,10,8,0.78,1.0,0.2770060128550695,0.01945003973167261,1,0,1,1
52,54,2,19,8,10,0.66,1.0,0.27474402730375425,-0.4161322910699216,0,1,0,0
31,76,2,16,9,10,0.95,2.0,0.2627646326276463,-0.030427069280949126,1,1,0,0
35,177,2,13,9,7,0.82,2.0,0.27391304347826084,-0.4705492826739108,1,1,0,0
24,128,1,10,4,15,0.77,1.0,0.2627646326276463,-0.3397489204688953,0,1,0,0
32,77,1,16,9,15,0.56,2.0,0.2770060128550695,2.1388455639125517,1,1,0,0
40,158,2,16,5,8,0.95,2.0,0.2723334021043945,-0.019105082574119588,0,1,0,0
43,70,2,11,6,11,0.84,1.0,0.2655860349127182,-0.5677779215099268,1,0,1,1
37,32,2,19,10,7,0.57,1.0,0.2719186785260483,0.8101349644878926,0,0,1,0
33,96,1,14,10,12,0.9,2.0,0.2627646326276463,0.06105433691226384,1,1,0,1
23,81,3,15,5,10,0.56,2.0,0.2767747230201067,0.11975865318869773,0,1,0,0
35,78,1,7,12,7,0.66,3.0,0.2770060128550695,1.8305921559206353,0,1,0,0
38,87,1,15,7,12,0.78,3.0,0.2719186785260483,-0.43390990458238626,1,0,1,0
31,73,2,20,6,7,0.94,2.0,0.2723334021043945,-0.18997591459846372,1,0,1,0
44,10,2,12,6,13,0.62,3.0,0.27391304347826084,-0.5654001811025077,1,1,0,0
37,179,2,22,10,15,0.83,3.0,0.2765167148163434,0.1546917253401832,0,1,0,0
25,8,1,26,5,12,0.66,1.0,0.265988987717069,-0.09266719642230148,1,1,0,1
31,137,3,8,3,8,0.93,3.0,0.2770060128550695,0.047693407006326266,1,1,0,0
29,24,1,14,3,14,0.79,1.0,0.2723334021043945,1.3871682097339517,0,0,1,0
22,4,1,21,3,13,0.83,1.0,0.2770060128550695,-0.5863501684746117,0,0,1,0
24,128,2,13,13,11,0.74,2.0,0.27391304347826084,-0.3582349281441921,1,1,0,1
28,162,1,13,8,13,0.87,1.0,0.27621483375959077,2.1388455639125517,1,1,0,0
36,4,4,14,3,5,0.57,2.0,0.2765167148163434,0.34942004077886396,1,0,1,0
18,17,3,14,7,8,0.99,1.0,0.2767747230201067,-0.5022360615748527,0,1,0,0
21,100,1,12,11,6,0.93,1.0,0.2733843537414966,0.8623959738571754,1,0,0,1
49,82,1,12,5,8,0.77,1.0,0.2770060128550695,-0.12535188710045028,1,1,0,1
31,38,1,10,8,11,0.9,2.0,0.27391304347826084,0.25226532133375223,1,0,1,1
38,175,2,10,8,8,0.73,2.0,0.2723334021043945,1.0009825119041018,0,0,1,0
43,47,1,19,3,14,0.85,1.0,0.2767747230201067,0.1996963145023685,0,1,0,0
34,76,3,15,10,11,0.87,1.0,0.2767747230201067,1.109711775974966,1,0,1,0
43,157,1,16,11,3,0.73,1.0,0.2770060128550695,0.10329926881402497,0,0,1,0
44,175,2,21,8,9,0.88,1.0,0.27474402730375425,0.10596036688657685,0,0,1,0
54,6,2,11,8,19,0.93,1.0,0.2770060128550695,-0.2182254418223594,1,1,0,1
35,98,3,7,7,15,0.88,2.0,0.2770060128550695,-0.10023161409149989,1,0,1,0
32,82,2,15,7,6,0.67,1.0,0.27391304347826084,-0.5983990291919995,0,0,1,0
52,101,3,13,4,12,0.56,2.0,0.2765167148163434,-0.25683600367132975,1,1,0,0
43,156,2,11,10,11,0.98,3.0,0.265988987717069,0.5268204189997474,0,1,0,1
20,68,1,15,6,8,0.69,1.0,0.2723334021043945,0.22296244278947142,0,1,0,0
50,110,4,14,5,8,0.64,3.0,0.26641414141414144,0.4286000283357665,0,1,0,1
34,79,3,20,6,7,0.55,3.0,0.2641112047177759,0.3676350106875119,0,1,0,0
28,69,1,14,6,7,0.84,1.0,0.2719186785260483,-0.20487683181490585,0,0,0,0
35,75,3,17,10,8,0.56,2.0,0.27474402730375425,0.08982129987248905,0,1,0,1
18,23,2,14,8,6,0.94,1.0,0.2767747230201067,-0.5842496257830836,1,1,0,0
27,57,4,11,7,7,0.63,1.0,0.2770060128550695,-0.29668471531794577,0,0,1,0
35,104,1,14,10,11,0.6,2.0,0.2733843537414966,2.1388455639125517,1,1,0,1
23,118,2,20,11,11,0.99,2.0,0.2770060128550695,0.1436222965522764,1,0,1,0
18,22,3,20,9,12,0.89,3.0,0.2765167148163434,-0.1270089134465532,0,1,0,1
41,51,1,16,5,3,1.0,2.0,0.265988987717069,-0.5845699431436685,1,1,0,1
27,6,1,10,17,6,0.94,3.0,0.2770060128550695,0.1528437405675777,1,1,0,0
43,67,1,23,14,11,0.55,2.0,0.27812113720642767,-0.4461866834217286,0,1,0,0
26,109,2,10,10,13,0.6,2.0,0.2767747230201067,-0.3382582127523269,0,0,0,0
47,26,1,16,6,8,0.64,1.0,0.27474402730375425,-0.05228256919162986,0,0,1,1
36,63,2,16,8,8,0.83,1.0,0.2719186785260483,-0.21226877090532775,1,0,1,0
34,57,1,12,9,8,0.8,1.0,0.2723334021043945,-0.00382840845391434,1,1,0,1
42,167,1,13,6,9,0.95,3.0,0.2719186785260483,-0.5952697749770542,0,1,0,0
54,62,4,15,7,13,0.54,2.0,0.2765167148163434,-0.012064260590492735,0,0,1,1
38,94,3,17,7,6,0.93,2.0,0.2627646326276463,0.6148399337189462,0,1,0,0
33,89,3,12,14,14,0.74,1.0,0.2765167148163434,-0.14845169675801873,1,0,1,0
23,159,2,17,9,10,0.79,1.0,0.27391304347826084,0.34970339844399684,1,0,0,0
37,121,1,21,5,16,0.98,1.0,0.27391304347826084,-0.5859436118246386,1,0,1,0
21,74,1,11,8,10,0.91,1.0,0.27391304347826084,-0.41886114858413565,0,0,1,1
24,146,1,13,7,10,0.77,2.0,0.265988987717069,2.1388455639125517,1,1,0,0
20,63,2,18,4,2,0.58,2.0,0.2733843537414966,2.0471636513715126,1,1,0,1
56,106,3,15,6,14,0.84,2.0,0.265988987717069,2.019998275214212,1,0,1,0
53,10,1,25,8,6,0.59,2.0,0.2770060128550695,0.12132328029617036,1,1,0,0
40,29,2,19,9,12,0.93,1.0,0.2770060128550695,0.060056425135056886,0,0,1,1
33,76,4,12,13,11,0.56,1.0,0.2733843537414966,2.1388455639125517,0,1,0,0
52,80,1,15,7,6,0.86,2.0,0.27391304347826084,-0.30227794922969836,0,1,0,0
35,11,1,14,10,8,0.7,2.0,0.2719186785260483,-0.5452633070303501,0,0,1,0
31,60,4,8,10,17,0.64,3.0,0.27474402730375425,-0.09860538749160706,0,0,1,0
29,135,2,18,9,8,0.93,3.0,0.26641414141414144,-0.3026721859811875,0,0,1,0
30,99,1,14,7,9,0.74,2.0,0.2770060128550695,-0.575625696844258,0,1,0,0
39,130,1,15,11,12,0.73,2.0,0.2765167148163434,0.2130634043575481,0,1,0,0
39,138,2,17,11,9,0.55,1.0,0.2770060128550695,-0.003631290078169756,1,0,1,0
36,62,1,13,10,7,0.55,2.0,0.265988987717069,-0.351446664079488,1,0,1,1
18,94,1,23,10,10,0.54,1.0,0.2627646326276463,-0.3112098756306248,1,0,1,1
24,13,1,16,7,12,0.94,3.0,0.2733843537414966,-0.3526170544354715,1,0,1,1
18,34,3,15,10,12,0.58,1.0,0.27391304347826084,-0.03930355613869742,0,1,0,1
53,70,1,17,11,14,0.88,2.0,0.2641112047177759,-0.5707778167907896,0,0,1,0
50,126,3,7,11,12,0.55,1.0,0.2767747230201067,0.9581031052304129,0,1,0,1
28,174,2,4,10,8,0.65,3.0,0.2723334021043945,-0.5322842939774176,0,0,0,0
47,169,3,16,8,17,0.71,1.0,0.27812113720642767,0.3834722401887408,1,0,1,1
34,125,1,18,10,7,0.72,2.0,0.2723334021043945,0.3184909356346904,0,1,0,0
33,94,1,13,9,8,0.58,1.0,0.2770060128550695,1.1220501543067285,1,0,0,1
46,100,2,16,7,6,0.61,2.0,0.2770060128550695,2.1388455639125517,0,0,1,0
34,114,1,12,11,9,0.78,2.0,0.2719186785260483,-0.1001700145990797,0,0,1,0
47,51,3,11,6,14,0.53,3.0,0.2719186785260483,-0.4330228718915356,0,1,0,0
38,1,3,14,3,14,0.94,2.0,0.265988987717069,-0.4687690573429675,1,1,0,0
25,12,2,18,6,9,0.95,1.0,0.27391304347826084,0.6504998798809898,0,0,1,1
39,164,2,18,7,5,0.71,1.0,0.2765167148163434,0.28806078637912025,0,1,0,0
35,142,1,18,5,9,0.59,2.0,0.2767747230201067,-0.5470250525135673,1,1,0,0
30,57,2,16,17,8,0.71,1.0,0.26641414141414144,0.4596153727693284,1,0,1,1
35,20,1,14,6,6,0.54,1.0,0.2767747230201067,2.1388455639125517,1,1,0,0
41,21,1,6,8,15,0.9,2.0,0.27391304347826084,0.15909608904822625,1,1,0,0
36,82,1,11,4,9,0.79,1.0,0.2765167148163434,-0.06302552066970968,1,1,0,1
37,96,1,15,14,4,0.88,2.0,0.27474402730375425,-0.4778611424241864,0,1,0,1
22,121,1,13,16,8,0.59,3.0,0.2765167148163434,0.2715090027658172,0,0,1,0
33,160,1,15,6,9,0.91,2.0,0.27391304347826084,1.7560136504475203,0,0,0,0
34,15,2,15,8,8,0.92,2.0,0.2723334021043945,0.2854181681542944,0,1,0,0
31,156,2,16,5,7,0.85,3.0,0.27474402730375425,-0.10551069059190953,1,1,0,0
35,12,2,16,9,13,0.69,2.0,0.2767747230201067,0.28344698439684857,0,0,1,0
35,116,3,22,9,7,0.96,2.0,0.2641112047177759,-0.33000388076802245,0,0,1,0
40,64,2,14,7,12,0.79,2.0,0.2723334021043945,0.23422898995312277,0,0,1,0
49,73,2,14,7,8,0.85,1.0,0.2723334021043945,-0.534748273674225,1,1,0,0
33,149,1,18,7,11,0.95,2.0,0.2770060128550695,0.5450908284515735,0,1,0,0
32,122,3,13,5,9,0.58,2.0,0.265988987717069,0.03024227080368858,1,0,1,1
56,177,1,14,7,12,0.52,2.0,0.27474402730375425,2.1388455639125517,0,1,0,0
31,150,1,13,3,3,0.83,3.0,0.2767747230201067,-0.630313726214896,0,0,0,1
29,158,2,16,4,11,0.73,1.0,0.2770060128550695,-0.012168979727607044,1,1,0,0
40,21,1,15,8,8,0.83,3.0,0.2765167148163434,0.01078299114815294,1,0,1,0
34,2,2,12,9,7,0.95,1.0,0.2770060128550695,0.9765706330579836,1,0,1,0
40,141,2,19,8,12,0.68,2.0,0.2723334021043945,-0.21912479441169405,1,0,0,0
43,173,4,14,8,7,0.58,3.0,0.27812113720642767,-0.08951330241038814,1,1,0,0
47,56,1,18,10,10,0.51,2.0,0.2719186785260483,-0.5475548081483809,0,1,0,1
44,29,3,14,6,10,0.75,1.0,0.2627646326276463,1.8051330857033738,1,1,0,0
38,31,1,12,5,5,0.55,1.0,0.2719186785260483,0.7657833299453612,1,1,0,0
31,98,2,15,9,8,0.55,2.0,0.27474402730375425,0.6558528757723037,0,0,1,0
36,129,3,16,10,9,0.83,1.0,0.2770060128550695,-0.3584751661646308,0,0,0,0
25,15,1,20,8,6,0.78,1.0,0.27621483375959077,-0.62019292961026,0,0,0,0
43,60,2,13,10,8,0.93,2.0,0.2641112047177759,-0.5248061155976075,0,1,0,1
41,66,4,23,10,8,0.74,2.0,0.2723334021043945,1.376782535311909,0,0,1,0
48,120,2,22,9,12,0.59,2.0,0.265988987717069,1.6095608572185365,1,0,1,0
25,5,4,13,6,8,0.52,2.0,0.2767747230201067,1.3160823954810612,1,0,0,0
32,134,1,14,13,7,0.52,1.0,0.27621483375959077,-0.20659545765342893,1,1,0,0
25,114,1,17,6,6,0.9,3.0,0.2723334021043945,-0.4796105680089196,1,0,1,0
33,35,1,16,5,9,0.65,2.0,0.2765167148163434,2.1388455639125517,0,1,0,0
37,148,1,10,9,8,0.78,2.0,0.27391304347826084,-0.38502454739772946,0,1,0,0
43,61,2,17,8,11,0.98,2.0,0.2719186785260483,-0.5010841510665952,0,1,0,1
38,161,1,14,10,10,0.73,3.0,0.2765167148163434,-0.20503699049519833,0,1,0,0
29,62,1,22,9,7,0.81,2.0,0.2770060128550695,0.019105082574119588,1,0,0,1
34,4,1,18,9,12,0.98,3.0,0.265988987717069,0.09752123642501186,0,0,1,0
25,120,1,17,6,7,0.57,1.0,0.2723334021043945,-0.026805019126642397,1,1,0,0
39,134,3,15,9,11,0.9,2.0,0.27391304347826084,-0.5440559569789145,1,0,1,1
41,68,4,20,7,3,0.89,1.0,0.2767747230201067,-0.10384134434732258,1,0,1,1
43,111,3,15,9,16,0.88,1.0,0.27474402730375425,-0.321065794417854,1,1,0,1
44,128,1,8,7,10,0.59,2.0,0.2733843537414966,-0.13329822162265384,1,1,0,1
42,73,2,15,11,10,0.95,2.0,0.27391304347826084,0.39852099618699144,1,1,0,1
44,169,1,17,10,15,0.82,2.0,0.2770060128550695,0.534095319054571,1,1,0,0
48,125,1,7,10,15,0.82,2.0,0.2723334021043945,-0.10424174104805377,1,0,1,0
42,145,2,15,3,5,0.91,2.0,0.2767747230201067,-0.506769784216978,1,0,1,0
32,71,1,13,10,6,0.63,2.0,0.2719186785260483,2.1388455639125517,0,1,0,0
41,149,3,14,8,7,0.88,3.0,0.27391304347826084,0.8209518353568767,0,0,1,0
53,131,2,14,4,11,0.79,3.0,0.2770060128550695,2.1388455639125517,0,0,1,0
37,82,3,16,8,7,0.6,1.0,0.2719186785260483,2.1388455639125517,1,0,1,1
31,144,1,12,7,11,0.64,2.0,0.2723334021043945,-0.6176858302687586,1,0,1,1
29,108,2,12,12,7,0.77,1.0,0.27812113720642767,-0.32309857766772004,0,0,1,1
23,155,4,18,7,10,0.64,2.0,0.2767747230201067,-0.6016761221887532,1,1,0,0
37,24,3,14,13,14,0.93,1.0,0.2719186785260483,-0.25692224296071803,0,0,0,0
40,179,1,13,10,7,0.82,3.0,0.2723334021043945,0.22713272842631776,0,0,1,1
37,45,1,14,8,5,0.7,1.0,0.2765167148163434,-0.5504253444951613,1,0,1,1
39,118,1,14,9,8,0.92,1.0,0.27474402730375425,1.0507733816273355,0,0,0,0
33,97,1,13,12,9,0.66,3.0,0.2767747230201067,0.6625179408521674,1,1,0,0
40,126,1,11,10,10,0.84,1.0,0.2767747230201067,0.2982493424254184,1,1,0,1
33,67,1,18,9,7,0.92,3.0,0.2723334021043945,-0.09119496855345911,0,0,1,1
48,106,2,17,7,14,0.61,1.0,0.27391304347826084,1.2487911099612539,1,1,0,0
18,76,3,16,12,11,0.68,2.0,0.27474402730375425,0.6123143545297187,0,0,1,0
28,159,1,21,8,15,0.66,3.0,0.2641112047177759,-0.5270483371217021,1,0,1,1
46,60,1,21,7,9,0.53,2.0,0.27474402730375425,1.723815595759491,1,0,1,0
32,111,3,25,7,5,0.93,3.0,0.27391304347826084,0.03718453359944314,0,0,1,0
32,39,4,19,5,11,0.91,3.0,0.2723334021043945,0.06159025249631943,1,1,0,0
34,110,3,14,8,5,0.96,2.0,0.27474402730375425,0.998007256420207,1,1,0,0
18,95,1,17,10,9,0.99,1.0,0.2627646326276463,0.9514749998460013,1,1,0,0
64,94,1,12,12,16,0.98,1.0,0.2723334021043945,-0.4766353125250248,0,1,0,1
38,22,2,15,7,12,0.89,3.0,0.265988987717069,-0.38777188475966956,0,1,0,0
42,31,4,7,13,11,0.94,3.0,0.2770060128550695,0.6920487375184029,0,0,1,0
29,110,2,16,7,7,0.99,1.0,0.2723334021043945,-0.28942213516160625,1,1,0,0
49,69,3,17,12,8,1.0,3.0,0.27474402730375425,0.14720738701113104,0,1,0,0
46,71,4,12,4,4,0.93,1.0,0.27621483375959077,0.49342733415876655,0,1,0,1
32,134,3,24,5,16,0.77,1.0,0.2770060128550695,-0.09060361342622537,0,0,1,0
29,168,1,18,9,13,0.84,2.0,0.2770060128550695,-0.14614171579226187,0,1,0,0
52,39,2,15,8,6,0.66,2.0,0.27474402730375425,-0.5866335261397446,0,1,0,0
19,126,1,15,8,8,0.77,2.0,0.2770060128550695,-0.16162166823745372,0,0,1,1
53,94,1,23,13,12,0.68,3.0,0.2641112047177759,-0.4771835480075644,1,0,1,1
30,59,3,14,8,7,0.73,2.0,0.2770060128550695,2.1388455639125517,1,0,1,1
19,33,2,19,10,13,0.96,2.0,0.2765167148163434,-0.49816433512587854,0,0,1,0
24,139,2,16,5,11,0.79,2.0,0.2767747230201067,0.6954120698045448,0,1,0,1
38,154,3,26,12,8,0.64,3.0,0.2770060128550695,-0.32391785091690845,1,0,1,0
32,116,1,18,4,8,0.72,3.0,0.2770060128550695,-0.1779886533734962,1,0,1,0
18,48,1,16,8,5,0.51,2.0,0.2641112047177759,-0.219451271721521,0,1,0,1
31,59,3,19,10,12,0.89,2.0,0.27391304347826084,0.01622222632885505,1,1,0,0
51,178,1,8,9,13,0.85,1.0,0.2733843537414966,-0.4873721040538626,1,0,0,0
32,158,1,17,5,10,0.82,2.0,0.2641112047177759,0.8643425178176531,0,0,1,1
51,9,3,12,5,11,0.62,2.0,0.2765167148163434,-0.5730508380610944,0,0,1,1
28,38,2,14,6,4,0.85,3.0,0.2627646326276463,-0.30656527390214305,0,0,1,1
42,132,3,13,12,4,0.7,1.0,0.2767747230201067,2.1388455639125517,0,1,0,1
32,97,1,12,9,9,0.71,2.0,0.2770060128550695,1.5670140878039165,1,0,1,1
18,72,4,16,10,18,0.5,3.0,0.2765167148163434,-0.4208692920370336,1,1,0,0
37,25,3,15,7,9,0.64,2.0,0.2723334021043945,-0.5318654174289604,0,0,1,1
49,92,1,14,9,8,0.65,3.0,0.2723334021043945,0.45990489038370325,1,0,1,0
27,37,1,20,7,13,0.75,3.0,0.27391304347826084,1.0591385926979962,1,0,1,0
52,25,3,16,12,16,0.9,2.0,0.2765167148163434,0.7543073445074813,0,0,1,0
31,29,2,17,7,7,0.68,2.0,0.2765167148163434,0.40784099939016505,0,0,1,1
29,129,1,13,10,10,0.57,1.0,0.2719186785260483,0.8218388680477273,1,0,1,0
24,142,2,15,3,8,0.75,3.0,0.265988987717069,1.2999494884162155,0,0,1,0
41,57,2,11,7,7,0.64,3.0,0.2723334021043945,1.2766340805351764,0,1,0,1
24,45,2,11,7,11,0.55,1.0,0.27474402730375425,-0.09668348332809738,0,1,0,0
21,69,2,15,7,11,0.94,2.0,0.27391304347826084,0.8254670781512761,0,0,1,0
32,109,1,10,10,6,0.76,1.0,0.2733843537414966,0.9843629688491367,1,0,1,0
18,22,1,15,13,7,0.71,1.0,0.2770060128550695,-0.28316362673171575,0,1,0,1
26,178,2,13,8,9,0.77,2.0,0.2770060128550695,-0.0012412297722666765,1,1,0,0
54,49,3,14,9,12,0.86,2.0,0.2765167148163434,0.6281454240817056,0,0,1,0
44,77,2,8,6,8,0.72,2.0,0.2770060128550695,-0.5992244623904299,0,0,1,1
19,41,2,20,7,12,0.82,3.0,0.27391304347826084,-0.39687628973937256,1,0,1,1
45,52,2,21,5,13,0.89,3.0,0.2641112047177759,-0.6099489340207837,1,1,0,0
36,160,3,20,7,6,0.58,2.0,0.2765167148163434,0.058842915134379295,0,1,0,0
45,39,1,22,7,9,0.97,1.0,0.2723334021043945,1.3955519006523387,1,1,0,0
18,79,1,18,7,10,0.95,1.0,0.2723334021043945,0.415596375485866,0,0,0,0
25,58,1,10,7,8,0.97,2.0,0.2723334021043945,0.16236702209573792,1,0,1,1
38,118,2,12,6,12,0.82,1.0,0.2770060128550695,-0.3300408404634746,1,1,0,1
28,22,3,9,4,10,0.75,1.0,0.27391304347826084,-0.41693924442062597,1,0,1,1
27,29,2,15,11,9,0.86,2.0,0.2767747230201067,-0.3368845440713569,0,1,0,0
35,50,1,17,5,5,0.53,2.0,0.2765167148163434,1.5907298923856867,0,0,1,1
38,161,1,13,9,13,0.96,2.0,0.2723334021043945,0.44882930164655443,1,1,0,0
19,93,1,12,12,13,0.67,2.0,0.2767747230201067,-0.14466948792341952,0,1,0,0
53,56,3,5,6,11,0.52,3.0,0.27474402730375425,0.591826363350766,1,1,0,0
48,176,4,9,3,14,0.89,1.0,0.27391304347826084,1.5537886767813034,0,0,1,0
32,30,1,8,12,15,0.97,3.0,0.2723334021043945,2.1388455639125517,0,1,0,1
18,107,1,17,10,7,0.73,2.0,0.2767747230201067,-0.27196483900972657,1,1,0,0
45,25,2,17,8,10,0.87,1.0,0.2723334021043945,0.6079284706694017,0,0,1,0
55,42,1,18,9,3,0.54,1.0,0.2767747230201067,-0.007271820080202539,1,0,1,1
24,104,1,8,7,9,0.93,2.0,0.2723334021043945,0.6992620380808062,0,0,0,1
37,178,3,12,7,5,0.53,2.0,0.2723334021043945,0.9019613278386586,1,1,0,0
20,166,1,14,5,10,0.91,3.0,0.2770060128550695,-0.08611917037803608,1,1,0,0
30,148,3,14,6,7,0.81,3.0,0.2765167148163434,0.951370280708887,0,1,0,0
41,107,1,15,9,15,0.88,2.0,0.27391304347826084,-0.516865941024646,0,1,0,0
21,104,1,17,7,16,0.66,1.0,0.2733843537414966,-0.5937544274635177,1,0,1,0
30,97,1,14,11,14,0.85,1.0,0.2655860349127182,-0.03594022385255546,0,1,0,0
34,89,2,20,5,12,0.79,3.0,0.2723334021043945,0.968926136048639,0,1,0,0
18,103,3,14,9,8,0.53,1.0,0.2765167148163434,-0.38818460135888483,1,0,0,0
36,76,2,16,6,7,0.51,1.0,0.2719186785260483,0.00775845607032198,0,1,0,0
40,153,3,17,4,14,0.52,2.0,0.2641112047177759,-0.1992527981569432,0,0,1,1
49,165,3,13,8,11,0.68,2.0,0.265988987717069,-0.12830250278737704,1,1,0,0
41,32,2,18,4,7,0.98,2.0,0.2719186785260483,-0.23681616863477045,1,1,0,0
35,141,1,13,9,8,0.87,1.0,0.2719186785260483,0.012938973382859325,1,0,1,0
41,123,2,16,13,7,0.6,3.0,0.2723334021043945,0.6914327425942011,0,0,1,0
24,151,4,18,6,12,0.62,2.0,0.2767747230201067,1.253577390522302,0,0,0,0
18,91,1,13,8,5,0.98,3.0,0.27474402730375425,0.9387423847627495,0,1,0,0
33,19,4,19,11,12,0.55,2.0,0.2641112047177759,0.7535866304461651,0,0,1,0
32,41,3,14,9,9,0.54,2.0,0.27391304347826084,0.04200161390670141,0,1,0,0
27,36,2,13,9,11,0.53,3.0,0.27621483375959077,0.026737259684980197,1,0,0,1
18,44,1,10,6,7,0.56,2.0,0.2733843537414966,-0.5312925421494527,0,0,0,0
50,90,1,13,8,12,0.93,3.0,0.2770060128550695,0.04107762152039867,0,1,0,0
24,41,4,15,9,10,0.51,1.0,0.27812113720642767,-0.5716463696339142,0,1,0,0
35,33,1,16,9,7,0.83,2.0,0.2770060128550695,-0.49420348776326084,1,1,0,1
32,151,1,15,7,7,0.66,2.0,0.27391304347826084,-0.26139436611042327,1,1,0,0
52,150,3,18,9,9,0.71,1.0,0.27474402730375425,1.4516628782978829,1,1,0,0
36,70,1,10,3,8,0.64,1.0,0.27391304347826084,-0.23874423274752216,1,1,0,0
55,36,2,18,10,8,0.87,3.0,0.2770060128550695,-0.41817739421827166,0,1,0,0
36,117,2,13,13,5,0.81,3.0,0.2719186785260483,-0.5506840623633261,0,0,1,1
40,137,4,12,7,12,0.83,2.0,0.2770060128550695,-0.5612175755671773,1,0,1,1
29,15,4,11,13,6,0.64,2.0,0.2627646326276463,-0.37585238297636425,1,0,1,0
35,85,2,17,9,13,0.65,2.0,0.27391304347826084,0.6326421870283789,1,1,0,0
18,93,4,12,8,10,0.61,1.0,0.265988987717069,1.0044444033781161,0,0,0,0
28,94,4,15,6,8,0.74,1.0,0.26641414141414144,0.6818848212690728,0,0,1,0
39,115,2,22,10,12,0.58,3.0,0.2765167148163434,-0.26643320459039416,0,1,0,0
46,132,2,17,9,12,0.82,1.0,0.2655860349127182,-0.08799795489685165,1,1,0,0
18,133,1,21,7,14,0.91,3.0,0.2655860349127182,-0.12357782171874904,0,0,1,0
33,160,4,13,3,10,0.85,1.0,0.2765167148163434,-0.38927491237472206,0,0,1,0
26,161,2,17,5,7,0.74,1.0,0.27474402730375425,0.7992503341772463,0,0,1,0
29,37,3,10,4,15,0.89,1.0,0.27391304347826084,0.07193280727366806,1,0,1,0
45,56,1,14,9,5,0.7,2.0,0.2723334021043945,0.5356353063650755,0,0,1,1
35,140,3,17,7,9,0.77,2.0,0.265988987717069,0.28411841886422856,1,1,0,0
63,9,3,8,6,15,0.77,2.0,0.27812113720642767,0.10349638718976956,1,0,1,1
35,137,3,17,9,12,0.81,1.0,0.2767747230201067,-0.4621655917555239,1,0,1,0
42,133,1,15,12,10,0.82,1.0,0.2723334021043945,0.8807957422430839,1,1,0,0
40,72,2,11,9,8,0.89,3.0,0.2767747230201067,0.4541145380962061,0,1,0,1
22,52,1,15,10,12,1.0,2.0,0.2733843537414966,-0.6212709207276133,1,1,0,1
37,15,3,18,8,8,0.61,1.0,0.27812113720642767,2.1388455639125517,0,0,1,0
22,28,1,14,11,8,0.88,2.0,0.2765167148163434,0.3972089269984415,0,0,0,1
36,74,4,16,5,14,0.5,1.0,0.265988987717069,1.6520521870899785,1,1,0,0
38,73,2,12,9,16,0.7,2.0,0.2767747230201067,0.04530950664966521,0,1,0,0
25,45,2,13,11,5,0.53,1.0,0.2765167148163434,-0.5453741861167064,0,0,1,0
21,68,1,22,11,8,0.79,2.0,0.2733843537414966,-0.5686218345560833,1,0,1,0
36,37,1,14,9,12,0.86,1.0,0.2767747230201067,0.026607900750897813,0,1,0,0
36,171,4,13,9,15,0.75,1.0,0.2723334021043945,-0.20171061790450848,1,0,0,0
36,86,2,18,12,9,0.89,3.0,0.2767747230201067,0.13893457517910052,1,1,0,0
54,164,4,15,3,12,0.92,3.0,0.2767747230201067,-0.39559502029703275,1,1,0,0
29,46,2,7,4,3,0.61,3.0,0.2765167148163434,-0.09048041444138501,1,0,1,1
29,61,1,13,8,11,0.64,2.0,0.2767747230201067,0.39070402059887027,0,0,1,1
62,59,2,16,6,8,0.9,2.0,0.2723334021043945,-0.2843340170876992,1,0,1,0
28,15,4,13,7,5,0.59,2.0,0.265988987717069,2.1388455639125517,1,0,1,0
48,69,3,18,13,5,0.68,2.0,0.2765167148163434,-0.6280283850461073,1,0,0,0
49,179,2,18,13,10,0.81,2.0,0.2627646326276463,-0.4587221801292357,0,1,0,0
38,154,1,14,7,6,0.87,3.0,0.2723334021043945,-0.4391643412858278,1,1,0,1
46,32,2,13,6,8,0.6,1.0,0.2767747230201067,-0.3054072034446436,0,1,0,1
37,68,1,16,3,6,0.53,2.0,0.27391304347826084,0.5661578548592759,1,1,0,0
31,125,1,8,4,10,0.8,3.0,0.2765167148163434,-0.44972249428664707,0,1,0,1
18,7,2,20,10,12,0.87,3.0,0.2641112047177759,-0.18477691743820032,1,1,0,1
25,32,2,13,5,11,0.82,2.0,0.2733843537414966,0.4873721040538626,1,0,0,1
24,155,1,15,4,13,0.76,1.0,0.2765167148163434,-0.32476792391230697,0,1,0,0
41,36,2,12,6,9,0.98,3.0,0.2770060128550695,0.38131009800479243,0,1,0,1
31,143,2,13,7,10,0.95,1.0,0.2733843537414966,-0.38277000597515076,1,1,0,0
40,67,2,17,10,14,0.99,2.0,0.27391304347826084,-0.2848884125194808,1,0,1,1
43,42,1,17,12,10,0.56,2.0,0.2767747230201067,-0.5320502159062209,1,1,0,0
44,98,3,12,9,6,0.98,2.0,0.27391304347826084,0.04367712010053037,1,1,0,0
53,15,1,12,8,5,0.91,3.0,0.265988987717069,0.08671052550526984,1,1,0,0
31,156,1,12,11,9,0.7,2.0,0.2765167148163434,0.25477242067525363,1,1,0,0
32,44,1,10,13,10,0.65,3.0,0.2770060128550695,1.424750060059505,0,0,0,0
28,179,2,9,3,4,0.72,1.0,0.2641112047177759,0.10259087465119288,1,1,0,0
48,46,2,14,9,9,0.72,2.0,0.2770060128550695,-0.5260504253444952,1,1,0,0
31,99,2,20,10,9,0.67,1.0,0.2641112047177759,-0.4183313929493221,1,1,0,1
34,49,2,16,3,14,0.59,2.0,0.2723334021043945,-0.5308120661085752,1,1,0,1
29,154,3,7,10,9,0.85,3.0,0.2719186785260483,-0.3767024559717628,1,0,1,0
32,84,2,13,8,14,0.91,1.0,0.2767747230201067,-0.4889305712120932,1,1,0,0
38,28,1,21,5,8,0.81,2.0,0.2765167148163434,-0.42948090107737513,0,0,1,0
26,28,3,21,8,9,0.88,3.0,0.2767747230201067,-0.6226569093070673,0,0,0,0
44,98,3,18,5,10,0.69,2.0,0.2733843537414966,0.5439635577402843,1,1,0,0
23,132,1,10,8,7,0.62,2.0,0.2733843537414966,2.1388455639125517,1,1,0,0
44,9,2,12,10,8,0.6,1.0,0.2770060128550695,-0.5146175595513093,1,0,0,0
28,174,2,15,10,11,0.97,2.0,0.27391304347826084,-0.604349540159789,0,0,1,0
26,126,1,10,9,6,0.69,1.0,0.2627646326276463,0.26591576885406465,1,0,0,1
47,26,2,11,5,5,0.92,1.0,0.2627646326276463,1.7801175318315376,1,0,1,0
35,76,1,14,11,9,0.79,2.0,0.2767747230201067,0.7236184773837464,1,0,1,0
37,73,4,12,10,12,0.63,1.0,0.2641112047177759,0.21955599085863534,0,0,1,0
49,167,2,13,8,7,0.83,3.0,0.27621483375959077,1.5713999716642335,1,0,1,0
43,34,3,19,8,9,0.57,3.0,0.2641112047177759,-0.36940291611997117,0,0,0,0
34,46,1,15,12,11,0.67,2.0,0.2767747230201067,0.23745064340669833,1,1,0,0
25,91,3,15,6,9,0.59,2.0,0.2765167148163434,0.9504894079672783,1,1,0,0
38,134,1,10,9,11,0.76,2.0,0.2641112047177759,-0.5620306888671237,1,0,1,0
31,163,4,11,11,9,0.63,1.0,0.265988987717069,-0.19775593049113274,0,1,0,0
43,83,1,17,14,9,0.82,3.0,0.27391304347826084,-0.18279957373151245,0,1,0,0
24,114,1,14,7,16,0.57,1.0,0.27812113720642767,-0.6057786483839374,0,1,0,0
28,119,1,13,12,15,0.86,3.0,0.2765167148163434,-0.5332390861099304,1,1,0,0
64,137,2,17,9,8,0.94,3.0,0.2765167148163434,-0.38394655628037627,1,1,0,0
48,154,4,19,10,7,0.67,2.0,0.27391304347826084,-0.3216817893420558,0,1,0,0
24,21,3,18,4,13,0.65,3.0,0.2770060128550695,-0.6117291593517269,1,0,1,0
30,148,2,26,8,7,0.86,2.0,0.27391304347826084,-0.0637092750355737,1,1,0,0
34,138,3,18,9,9,0.89,1.0,0.2770060128550695,-0.2548525000153999,0,0,1,0
28,100,2,16,8,9,1.0,2.0,0.2765167148163434,-0.1874441754599942,0,0,0,0
44,157,3,12,8,11,0.58,2.0,0.2723334021043945,-0.574972742224604,0,0,0,0
37,86,3,11,13,10,0.63,2.0,0.2765167148163434,-0.3508799487492223,1,0,1,0
51,130,3,10,6,11,0.58,2.0,0.2723334021043945,-0.21906319491927387,0,1,0,0
34,99,1,17,16,13,0.57,2.0,0.2723334021043945,-0.5463412981477033,0,1,0,1
44,116,3,14,9,8,0.8,2.0,0.2770060128550695,-0.15811665711874534,1,0,0,0
38,23,1,13,4,14,0.61,1.0,0.2719186785260483,1.232257806195677,0,0,1,1
21,22,1,15,11,13,0.86,2.0,0.2627646326276463,-0.491573189436919,0,0,1,1
21,92,1,9,7,9,0.52,2.0,0.27391304347826084,0.9731333813809374,0,0,1,1
36,130,2,28,6,8,0.67,1.0,0.265988987717069,0.2816790789643893,1,0,1,0
18,26,1,17,7,7,0.73,1.0,0.2765167148163434,-0.1648248418433032,0,0,1,0
26,22,3,14,9,10,0.78,2.0,0.26641414141414144,-0.5265801809793087,1,0,0,0
42,68,3,14,3,2,0.76,2.0,0.2767747230201067,0.0061445493689132,0,0,1,0
30,120,3,15,4,10,0.54,1.0,0.2723334021043945,0.1632971744312827,0,0,1,0
36,151,3,17,10,9,0.53,1.0,0.2723334021043945,-0.018489087649917763,0,0,1,1
23,79,1,12,7,10,0.74,1.0,0.2723334021043945,-0.3315993076217052,0,0,0,1
34,88,2,17,7,9,0.89,2.0,0.2719186785260483,-0.37056714652671263,0,0,1,0
44,113,4,19,5,6,0.92,2.0,0.2770060128550695,0.13053856436222966,0,1,0,0
48,24,1,20,4,8,0.66,1.0,0.27474402730375425,-0.6243262555516542,1,1,0,1
22,33,4,16,5,10,0.95,3.0,0.27391304347826084,2.1388455639125517,1,1,0,1
31,126,2,17,8,12,0.64,2.0,0.2733843537414966,0.4658677212499769,1,1,0,0
34,131,1,15,8,9,0.73,3.0,0.2770060128550695,-0.08825667276501642,0,1,0,0
37,35,3,16,4,7,0.68,3.0,0.2767747230201067,-0.17176094468981576,0,0,1,1
22,172,1,10,10,8,0.86,2.0,0.2765167148163434,-0.30829005968990814,0,1,0,0
37,71,1,17,6,8,0.52,2.0,0.27474402730375425,0.3807187428775587,1,0,1,1
40,43,1,13,8,11,0.91,2.0,0.2733843537414966,0.34302601346564904,0,0,1,1
51,102,4,22,7,10,0.79,3.0,0.2627646326276463,0.5659976961789834,0,0,1,0
24,71,4,21,8,8,0.69,2.0,0.2770060128550695,-0.4571821928187312,0,0,1,1
41,20,2,12,5,14,0.51,1.0,0.2641112047177759,0.3275830207159093,0,1,0,1
32,161,1,19,7,12,0.66,1.0,0.265988987717069,0.8745495537116774,0,0,1,0
55,172,3,19,13,7,0.58,1.0,0.2655860349127182,0.24933318549455152,0,0,1,0
25,31,1,13,9,7,0.86,1.0,0.2770060128550695,2.1388455639125517,1,1,0,0
28,152,3,18,8,9,0.54,1.0,0.2767747230201067,1.8169663481972909,0,1,0,0
32,93,4,16,6,13,0.96,1.0,0.2770060128550695,0.8252022003338693,1,1,0,0
38,43,1,16,5,4,0.62,2.0,0.2765167148163434,-0.5817610062893082,1,0,1,0
36,44,1,20,6,10,0.97,2.0,0.2719186785260483,-0.4258526909738264,0,1,0,0
20,145,1,16,6,9,0.88,2.0,0.27474402730375425,0.4377783527063737,1,0,0,0
28,53,2,19,5,7,0.61,3.0,0.27474402730375425,0.06273600305533482,0,1,0,1
41,148,1,18,6,8,0.97,1.0,0.2719186785260483,0.48546867973807895,0,1,0,0
26,61,3,20,6,8,0.93,1.0,0.2770060128550695,-0.15385397224326872,0,1,0,0
37,23,2,17,8,13,0.8,2.0,0.2767747230201067,-0.295409605824848,1,1,0,0
44,60,1,22,7,10,0.81,2.0,0.2765167148163434,-0.5421710125108569,0,1,0,1
41,90,1,4,6,10,0.9,1.0,0.2767747230201067,-0.37154657845619354,1,0,1,0
39,135,1,14,4,5,0.52,2.0,0.2770060128550695,-0.3217125890882659,0,0,1,0
45,126,1,10,9,9,0.71,3.0,0.2655860349127182,1.9349971356236024,1,1,0,0
38,127,3,19,12,9,0.99,3.0,0.27391304347826084,-0.4977269787296953,0,0,1,0
27,86,1,20,5,7,0.83,3.0,0.2641112047177759,-0.6068566395012905,1,0,1,1
32,129,1,21,10,10,0.51,3.0,0.2655860349127182,-0.39236720689421517,0,0,1,1
28,18,2,12,10,9,0.79,3.0,0.2719186785260483,-0.5329064488508615,0,0,0,1
27,27,4,9,7,13,0.74,3.0,0.2641112047177759,-0.13876209660032401,0,0,1,0
47,98,1,13,4,9,0.61,2.0,0.2770060128550695,-0.5446226723091802,1,0,1,0
45,87,1,12,8,12,0.89,2.0,0.265988987717069,0.2431424365063232,1,0,0,1
39,130,4,18,5,8,0.76,3.0,0.27474402730375425,0.3392253247833238,0,0,1,1
35,123,2,11,12,10,0.86,1.0,0.2765167148163434,-0.6343053733237238,1,1,0,0
30,49,2,23,10,12,0.6,1.0,0.2627646326276463,-0.20522178897245888,0,0,1,0
40,52,4,17,15,14,0.62,3.0,0.2767747230201067,1.0491409950782005,0,0,0,0
21,76,1,22,6,5,0.83,2.0,0.2733843537414966,0.8462199471476355,0,1,0,0
23,158,2,18,8,8,0.55,3.0,0.2719186785260483,-0.37101682282137993,1,1,0,0
42,49,1,15,5,9,0.77,3.0,0.2733843537414966,0.5312740623017266,0,1,0,0
27,67,1,14,8,16,0.97,1.0,0.2765167148163434,-0.17739729824626246,1,0,1,0
43,36,1,13,7,9,0.55,1.0,0.27391304347826084,-0.16405484818805094,0,0,1,0
36,71,3,20,9,4,0.52,2.0,0.2733843537414966,0.731614091499886,0,1,0,0
37,25,3,16,8,6,0.9,1.0,0.2723334021043945,0.26994437565834456,1,0,1,0
33,110,3,21,13,8,0.82,3.0,0.2770060128550695,-0.5763587308040582,1,0,1,0
30,162,3,20,9,12,0.99,1.0,0.2641112047177759,-0.21165893593036794,1,1,0,1
52,177,1,16,8,15,0.67,3.0,0.27391304347826084,1.2327875618304904,1,1,0,1
31,65,2,13,10,12,0.8,2.0,0.27391304347826084,0.18015695550668662,1,0,1,1
60,89,4,13,8,8,0.92,3.0,0.2765167148163434,2.0373754920259457,0,1,0,0
37,141,3,19,5,9,0.78,1.0,0.2770060128550695,0.024993994049489033,1,0,0,0
35,126,2,10,10,10,0.64,2.0,0.27474402730375425,-0.3663291014482041,0,0,0,1
41,13,2,13,17,7,0.89,2.0,0.2767747230201067,1.1956307480026365,1,1,0,1
42,13,4,16,8,9,0.67,3.0,0.2767747230201067,0.05389647589303864,1,0,1,0
19,161,3,16,7,7,0.66,3.0,0.2723334021043945,0.002584098707026654,1,1,0,0
34,40,2,19,6,6,0.66,2.0,0.27474402730375425,0.1614799894048873,0,1,0,0
37,47,1,13,7,6,0.96,3.0,0.2770060128550695,1.4100277813710815,0,1,0,0
22,179,2,14,4,5,0.72,1.0,0.27474402730375425,0.4798076863846642,0,1,0,0
24,20,3,15,7,11,0.63,1.0,0.2770060128550695,0.21956215080787733,1,1,0,1
29,50,1,12,2,11,0.67,2.0,0.2733843537414966,1.409528825482478,0,1,0,0
40,51,1,24,8,10,0.67,3.0,0.2767747230201067,-0.5531172423139233,0,0,1,0
26,6,3,10,4,13,0.77,3.0,0.2733843537414966,0.06145473361299503,1,0,1,1
20,139,2,11,7,9,0.81,2.0,0.2770060128550695,1.0555288624421735,1,1,0,1
42,63,1,14,7,7,0.56,3.0,0.2767747230201067,-0.5694595876529978,0,1,0,1
43,167,2,12,5,11,0.92,2.0,0.2770060128550695,-0.6354018442888031,0,1,0,0
22,100,1,14,7,8,0.97,2.0,0.26641414141414144,-0.2996661307510826,1,1,0,0
25,129,1,19,9,12,0.65,2.0,0.2641112047177759,1.7368500483556015,1,1,0,0
36,27,2,14,8,10,0.65,1.0,0.2719186785260483,0.27635688281928555,1,1,0,0
53,21,2,11,8,10,0.51,1.0,0.2770060128550695,-0.12155735836736706,1,0,1,0
31,25,3,14,5,13,0.87,2.0,0.27391304347826084,2.1388455639125517,0,0,0,1
28,56,4,14,6,10,0.9,2.0,0.2719186785260483,0.08334719321912787,0,1,0,0
50,174,1,12,8,10,0.51,1.0,0.2765167148163434,0.4453304504770881,1,1,0,0
19,156,2,13,12,12,0.64,3.0,0.2765167148163434,0.693447045996341,1,1,0,0
23,70,2,10,6,11,0.72,1.0,0.2765167148163434,1.629956449158859,0,0,1,0
42,170,1,14,11,12,0.53,3.0,0.2723334021043945,-0.056372775488329974,1,1,0,0
33,45,1,9,8,9,0.98,2.0,0.2770060128550695,0.17820425159696685,0,1,0,0
18,170,1,20,7,6,0.59,2.0,0.2733843537414966,0.8224918226673812,1,0,1,0
36,143,4,19,10,10,0.59,3.0,0.27391304347826084,-0.6320693117488712,1,0,1,0
51,68,3,14,9,12,0.99,1.0,0.2627646326276463,-0.35410160220279785,1,1,0,0
35,146,1,16,11,10,0.59,3.0,0.27812113720642767,-0.4602560074904983,0,1,0,1
44,12,1,13,9,9,0.52,2.0,0.2770060128550695,0.7416671286628598,1,0,1,0
26,83,1,20,7,6,0.55,1.0,0.2767747230201067,0.9127104392659805,0,1,0,0
34,24,3,15,9,9,0.77,1.0,0.2641112047177759,0.04052322608861703,1,1,0,1
44,86,3,15,3,10,0.95,3.0,0.2767747230201067,2.1388455639125517,0,0,1,0
34,52,3,10,8,7,0.62,1.0,0.27621483375959077,1.4927189399959344,0,1,0,0
34,109,3,20,9,17,0.97,3.0,0.27391304347826084,-0.06789188057090409,1,1,0,0
37,129,1,14,12,8,0.94,2.0,0.2765167148163434,-0.42733107879191073,1,0,1,0
25,84,2,18,9,5,0.8,2.0,0.27474402730375425,-0.24457770467971343,0,1,0,1
27,131,2,12,10,12,0.84,3.0,0.2655860349127182,-0.1969243373434603,1,1,0,0
31,180,3,16,9,10,0.53,3.0,0.2765167148163434,2.1388455639125517,1,0,0,0
26,92,1,20,11,8,0.6,3.0,0.2770060128550695,-0.4457801267717554,1,1,0,0
34,95,4,11,8,8,0.53,1.0,0.27391304347826084,1.8545728383198123,1,1,0,1
49,99,2,19,8,16,0.92,2.0,0.2641112047177759,0.9021954059098553,1,1,0,1
31,139,3,23,13,17,0.88,1.0,0.2765167148163434,0.06126377518649246,1,1,0,0
28,55,1,14,7,8,0.52,3.0,0.2770060128550695,-0.049418192794091376,1,1,0,1
37,99,1,12,5,15,0.82,2.0,0.27474402730375425,0.039703952839428604,0,1,0,0
35,123,1,20,5,6,0.66,2.0,0.27391304347826084,1.242440202292733,0,0,1,0
37,87,2,15,10,6,0.76,1.0,0.27474402730375425,-0.3213060324382927,1,1,0,1
26,115,1,15,8,9,0.76,2.0,0.2770060128550695,-0.19762657155705038,1,0,1,0
28,65,1,12,11,8,0.81,1.0,0.2655860349127182,-0.5409082229162432,1,0,1,1
41,164,1,8,7,9,0.67,3.0,0.27474402730375425,0.9034643554537111,0,0,0,0
18,101,2,13,6,12,0.67,1.0,0.2767747230201067,2.1388455639125517,0,0,1,0
47,130,2,14,7,9,0.86,1.0,0.2767747230201067,0.04901163614411817,0,0,1,0
38,77,1,16,7,7,0.6,3.0,0.2770060128550695,-0.03388280080572136,0,1,0,0
20,13,2,19,4,12,0.84,2.0,0.2767747230201067,-0.005368395764418901,0,0,1,0
18,25,1,16,6,15,0.67,2.0,0.265988987717069,-0.37368408084317384,1,1,0,0
26,95,1,14,7,9,0.83,1.0,0.27391304347826084,-0.020423311711911495,0,0,1,0
46,9,2,12,7,13,0.72,2.0,0.2641112047177759,1.3265173494970401,0,1,0,1
39,36,1,17,8,15,0.94,1.0,0.2641112047177759,0.6666574267428036,1,0,1,1
37,128,1,20,17,8,0.91,2.0,0.265988987717069,0.1958833059215592,0,1,0,0
48,137,4,16,6,6,0.72,1.0,0.2765167148163434,1.001666266269966,0,0,1,0
34,152,2,10,10,7,0.52,1.0,0.2641112047177759,0.8249558023641885,0,1,0,0
33,137,2,9,5,12,0.85,1.0,0.27812113720642767,-0.3044524113121308,1,0,1,0
32,137,1,15,5,13,0.99,3.0,0.2641112047177759,0.9381695094832418,0,0,1,1
33,28,3,21,9,11,0.75,3.0,0.27474402730375425,-0.16761529884993748,1,0,1,0
18,160,3,21,10,7,0.74,1.0,0.2767747230201067,-0.5605461410997974,0,0,1,0
33,19,1,12,9,11,0.67,3.0,0.2770060128550695,0.1388544958389543,0,1,0,0
58,58,1,18,14,12,0.62,2.0,0.2765167148163434,0.9031378781438841,0,0,1,1
34,111,2,17,12,12,0.68,1.0,0.265988987717069,0.47106055846099826,1,1,0,0
42,43,1,15,10,6,0.7,1.0,0.2733843537414966,-0.4829246207011254,0,0,1,1
31,56,1,15,14,17,0.56,1.0,0.27391304347826084,1.6085629454413295,1,1,0,0
50,37,1,13,9,14,0.69,2.0,0.2719186785260483,2.1388455639125517,1,1,0,1
42,106,1,20,8,5,0.91,3.0,0.2765167148163434,-0.15246798366381462,0,0,1,0
34,97,4,19,8,9,0.85,1.0,0.2770060128550695,1.2642402626602356,1,0,1,0
32,156,4,9,10,14,0.84,3.0,0.2770060128550695,0.37546430617411714,1,0,1,1
27,70,3,24,8,13,0.65,1.0,0.2765167148163434,1.5421463727138889,1,0,1,0
37,35,2,15,12,12,0.79,1.0,0.2719186785260483,0.10935449891892891,1,1,0,1
46,123,1,12,12,14,0.81,1.0,0.27391304347826084,2.1388455639125517,0,0,1,0
29,157,2,11,11,8,0.84,2.0,0.2765167148163434,-0.4163602091918763,0,1,0,0
20,48,3,13,5,7,0.68,1.0,0.26641414141414144,-0.1723892595125016,1,1,0,1
18,6,2,15,4,8,0.76,3.0,0.27391304347826084,1.0687665933632706,0,1,0,0
18,73,1,16,6,5,0.6,2.0,0.27621483375959077,1.1005334516043588,0,1,0,0
43,143,1,18,15,10,0.91,3.0,0.2770060128550695,0.6665773474026574,0,0,0,1
35,76,1,18,10,14,0.56,3.0,0.2723334021043945,0.5414441385002987,0,0,1,0
42,85,2,14,4,10,0.9,3.0,0.2767747230201067,-0.32938172589457865,0,1,0,0
29,156,2,18,6,12,0.7,2.0,0.2723334021043945,0.24411570848656208,1,0,1,0
51,148,2,19,12,15,0.91,2.0,0.27812113720642767,0.8291445678487609,0,1,0,0
56,105,1,12,10,10,0.65,2.0,0.2655860349127182,2.111461201559699,0,0,1,0
37,168,4,13,11,14,0.58,2.0,0.265988987717069,0.8323539014038525,0,1,0,0
33,119,2,15,5,8,0.51,1.0,0.2765167148163434,0.453418463831858,1,1,0,0
41,14,4,14,5,6,0.77,2.0,0.2770060128550695,0.4612723991154313,0,1,0,1
44,94,4,10,6,13,0.64,1.0,0.2765167148163434,1.8972859263639668,0,0,1,1
48,49,3,14,13,7,0.57,2.0,0.2719186785260483,-0.30853645765958887,0,1,0,0
42,122,1,23,14,13,0.7,1.0,0.27812113720642767,0.8780668847288698,1,0,1,0
34,85,2,14,4,22,0.89,2.0,0.265988987717069,-0.481427753035315,0,1,0,0
39,16,4,9,8,12,0.54,1.0,0.2719186785260483,-0.5061907489882284,0,1,0,0
31,33,3,18,14,10,0.94,2.0,0.2770060128550695,-0.3231724970586242,0,1,0,1
26,126,4,14,11,12,0.96,3.0,0.2723334021043945,0.252856676460986,1,1,0,1
20,137,2,14,3,9,0.91,2.0,0.2641112047177759,-0.31585447735910654,0,1,0,0
21,49,3,15,11,11,0.88,1.0,0.2719186785260483,0.8719931747762398,0,0,1,0
31,110,4,14,13,14,0.76,2.0,0.265988987717069,0.7087853196089664,1,1,0,0
45,152,3,12,7,6,0.58,2.0,0.27474402730375425,1.878140804119774,1,0,1,0
36,134,3,21,8,12,0.9,1.0,0.27621483375959077,0.10232599683378608,0,0,1,0
33,61,4,14,2,5,0.69,1.0,0.2765167148163434,0.214720430703651,0,0,1,0
18,171,2,19,7,18,0.59,1.0,0.2770060128550695,-0.10047801206118062,1,1,0,0
33,16,3,19,6,13,0.82,3.0,0.2733843537414966,0.601953319904644,0,0,1,1
26,42,4,13,3,11,0.59,2.0,0.2719186785260483,-0.022813372017814575,1,0,1,0
22,87,1,11,5,9,0.86,2.0,0.2770060128550695,-0.44003289412895236,0,0,1,0
24,130,1,16,14,5,0.83,1.0,0.2770060128550695,0.028425085777293194,1,1,0,0
31,166,1,11,7,9,0.52,1.0,0.2770060128550695,-0.1786970475363283,1,1,0,0
31,171,1,20,8,6,0.51,2.0,0.265988987717069,-0.4297950584887181,1,0,1,0
47,113,3,14,6,6,0.71,3.0,0.2723334021043945,0.29383881876813334,0,0,1,0
40,73,1,18,6,6,0.51,2.0,0.2723334021043945,2.1388455639125517,1,1,0,0
34,76,2,10,4,8,0.75,2.0,0.2719186785260483,-0.05987162665779634,0,0,1,0
41,93,2,11,11,15,0.72,2.0,0.27474402730375425,-0.012982093027553453,1,0,0,0
37,140,1,21,8,9,0.8,3.0,0.27474402730375425,-0.47481196754938737,1,1,0,0
47,151,1,19,13,12,0.5,2.0,0.2641112047177759,2.1388455639125517,0,1,0,1
19,8,1,17,9,9,0.69,3.0,0.2767747230201067,0.9250857772931951,1,0,1,0
39,125,3,14,6,16,0.64,1.0,0.2733843537414966,0.058368599042743885,1,1,0,0
35,95,2,11,7,7,0.71,1.0,0.265988987717069,0.08066145534960792,0,0,0,1
44,128,1,15,6,8,0.72,2.0,0.2770060128550695,0.40854939355299713,1,0,0,0
27,18,3,21,4,8,0.63,1.0,0.2641112047177759,-0.2080615255730293,0,1,0,1
29,167,2,11,6,8,0.86,1.0,0.26641414141414144,0.9095873450002772,0,1,0,0
46,176,1,16,10,10,0.65,3.0,0.27391304347826084,-0.34833588971226875,0,0,1,1
38,128,3,18,6,11,0.66,2.0,0.2719186785260483,-0.5625173248572432,1,1,0,0
27,88,4,21,9,10,0.8,2.0,0.27474402730375425,-0.5195578388434079,0,0,1,0
27,157,2,16,6,8,0.94,2.0,0.2641112047177759,-0.28574464546412137,1,1,0,0
27,170,1,9,4,9,0.57,2.0,0.2627646326276463,1.2655153721533334,1,0,1,1
38,140,1,20,9,8,0.69,1.0,0.27391304347826084,-0.25160004681561426,0,0,0,0
41,123,3,13,8,8,0.59,2.0,0.2733843537414966,0.5514109363738843,0,0,1,0
39,121,1,20,9,12,0.56,2.0,0.2765167148163434,0.1328547052772285,1,1,0,1
37,3,3,13,7,6,0.54,2.0,0.265988987717069,-0.3482003708289444,0,1,0,0
29,145,2,17,8,10,0.99,3.0,0.2770060128550695,0.3127745027380974,1,1,0,0
18,123,4,10,8,12,0.94,3.0,0.27391304347826084,0.7566481252194482,0,0,1,0
28,100,3,7,8,10,0.51,2.0,0.2719186785260483,-0.5047862805610481,1,0,1,0
21,14,1,15,6,7,0.65,1.0,0.2765167148163434,-0.11830490516758142,0,1,0,0
36,88,1,18,7,11,0.57,2.0,0.2767747230201067,0.5730385181626103,0,1,0,1
18,26,1,18,6,13,0.65,1.0,0.27391304347826084,0.9224369991191272,1,0,1,0
37,81,1,16,11,7,0.5,2.0,0.27391304347826084,-0.069887704125318,0,0,1,1
58,109,1,17,4,13,0.61,1.0,0.2770060128550695,1.443248387633286,0,1,0,1
47,162,3,11,6,14,0.8,1.0,0.2655860349127182,0.03086442567713242,1,1,0,0
45,26,2,21,13,11,0.83,1.0,0.2719186785260483,0.616811117476392,0,1,0,1
33,99,4,19,4,8,0.71,2.0,0.2723334021043945,-0.45734851144826566,0,1,0,1
28,70,1,9,9,11,0.84,2.0,0.2765167148163434,-0.6277142276347643,0,1,0,0
21,114,1,17,14,9,0.55,3.0,0.265988987717069,-0.5351733101719242,1,0,0,0
41,67,2,14,2,14,0.96,2.0,0.2770060128550695,0.5549467472388028,0,1,0,0
43,53,2,11,9,8,0.51,2.0,0.2767747230201067,-0.038779960453125865,1,1,0,0
43,114,1,12,10,5,0.55,2.0,0.2719186785260483,1.3014155563358158,1,1,0,0
29,173,4,19,6,6,0.69,1.0,0.2767747230201067,-0.5391403174837839,1,1,0,0
31,108,2,11,9,12,0.64,1.0,0.2770060128550695,-0.0835566314933565,1,0,1,0
35,8,1,18,4,10,0.65,1.0,0.265988987717069,1.4041019102002599,1,1,0,0
26,42,1,19,11,7,0.5,1.0,0.2641112047177759,0.6835788073106278,1,1,0,0
21,97,2,16,10,4,0.6,2.0,0.2723334021043945,2.1388455639125517,1,0,1,0
34,122,1,15,7,8,0.65,3.0,0.27391304347826084,0.0042657648500976355,0,1,0,0
37,86,1,21,9,11,0.85,2.0,0.265988987717069,-0.6314225170784593,0,1,0,1
44,33,2,21,5,14,0.54,3.0,0.27391304347826084,-0.5337072422523238,0,1,0,0
26,103,3,20,6,7,0.55,2.0,0.2770060128550695,0.7413529712515169,0,1,0,0
38,22,3,21,9,11,0.73,3.0,0.27391304347826084,-0.07097801514115523,0,0,1,0
45,169,2,17,9,11,0.53,2.0,0.27474402730375425,0.3684296441397323,1,0,1,0
26,90,3,16,7,6,0.51,3.0,0.27391304347826084,-0.6108174868639082,0,1,0,0
25,16,3,9,9,10,0.58,2.0,0.2767747230201067,-0.21996254750860852,1,1,0,1
23,108,1,15,7,11,0.69,2.0,0.2723334021043945,0.16765841849463162,0,1,0,1
31,4,1,17,9,10,0.63,2.0,0.2770060128550695,1.507046981932869,1,1,0,1
38,128,1,9,12,7,0.65,2.0,0.27474402730375425,0.053705517466536075,0,1,0,0
42,80,1,18,11,6,0.66,1.0,0.2765167148163434,-0.5943211427937833,0,0,0,0
46,145,2,25,6,8,0.67,2.0,0.2641112047177759,0.5008315931476724,0,0,0,0
32,28,1,18,4,9,0.88,2.0,0.2767747230201067,-0.3884617990747756,0,1,0,0
34,68,4,19,14,15,0.69,3.0,0.2641112047177759,0.8347501216589975,0,0,1,0
34,81,2,16,6,9,0.62,2.0,0.2627646326276463,-0.40447766710402305,1,0,1,1
34,97,4,15,9,11,0.86,2.0,0.2770060128550695,0.2855783268345869,1,1,0,0
33,117,2,16,7,10,0.6,1.0,0.2765167148163434,-0.23544249995380037,0,0,1,1
27,128,2,16,12,8,0.9,2.0,0.265988987717069,0.3479847726054737,0,1,0,0
37,55,2,16,4,7,0.53,2.0,0.2765167148163434,1.6746838406051534,0,1,0,0
29,105,2,19,9,11,0.68,1.0,0.27621483375959077,1.5751205810064126,1,1,0,0
35,72,1,15,11,8,0.94,3.0,0.27391304347826084,-0.17222294088296713,1,1,0,0
34,77,1,21,6,12,0.88,1.0,0.2765167148163434,1.6136202637690265,1,0,1,1
22,87,3,14,13,12,0.87,2.0,0.2641112047177759,-0.4768447507992534,1,0,1,1
47,174,1,18,8,11,0.57,3.0,0.2770060128550695,0.7301295437325597,1,1,0,1
37,174,2,15,7,5,0.98,3.0,0.2770060128550695,-0.4812799142535065,1,0,0,0
31,59,3,11,8,10,0.77,2.0,0.27391304347826084,-0.6265253574310548,1,0,1,0
40,117,1,18,12,9,0.74,2.0,0.2719186785260483,0.04457647268986503,0,1,0,1
24,98,2,22,7,13,0.93,3.0,0.2733843537414966,-0.028104768416708246,0,0,1,0
54,141,2,16,9,6,0.96,2.0,0.2765167148163434,0.578995189079642,0,0,1,0
40,153,1,11,9,11,0.91,2.0,0.2723334021043945,-0.5775845607032198,1,0,0,0
32,62,2,10,11,15,0.88,2.0,0.27391304347826084,-0.6026062745242979,1,1,0,0
46,44,3,14,11,12,0.86,3.0,0.2641112047177759,0.5107306315795958,1,1,0,1
37,38,2,13,7,10,0.96,3.0,0.2723334021043945,-0.5549960268327389,1,1,0,0
29,126,2,14,10,6,0.55,2.0,0.27474402730375425,0.21930343293971258,0,1,0,0
21,75,1,15,8,6,0.82,2.0,0.27474402730375425,0.33603447107595835,1,1,0,0
35,52,2,11,7,5,0.83,2.0,0.2723334021043945,-0.5870708825359279,1,0,1,0
41,117,2,17,5,10,0.62,1.0,0.2733843537414966,0.5081434528979482,0,1,0,0
38,91,2,14,4,5,0.53,2.0,0.2765167148163434,-0.546926493325695,1,0,1,0
21,44,1,16,9,10,0.56,1.0,0.265988987717069,-0.376770215413425,0,0,1,0
29,98,2,18,5,10,0.78,3.0,0.27812113720642767,0.983451296361318,1,1,0,0
35,60,1,18,10,13,0.66,2.0,0.2765167148163434,-0.17031335661794147,0,0,1,0
47,172,2,19,10,8,0.83,3.0,0.2723334021043945,0.4269430019896636,1,0,1,0
38,73,1,18,5,7,0.59,1.0,0.2770060128550695,2.1388455639125517,1,1,0,0
40,92,2,16,9,6,0.66,3.0,0.27474402730375425,-0.1430371013742847,0,1,0,1
27,171,3,16,5,6,0.91,3.0,0.265988987717069,0.09670196317582343,0,1,0,0
37,75,1,17,7,13,0.69,1.0,0.2765167148163434,-0.5542075533297606,1,1,0,0
20,94,3,15,8,6,0.6,1.0,0.2765167148163434,-0.5502528659163849,1,1,0,1
44,149,1,11,6,8,0.76,1.0,0.2765167148163434,-0.5739625105489131,1,1,0,1
27,148,1,13,9,11,0.84,1.0,0.2733843537414966,0.7820271160965634,0,1,0,0
23,116,2,15,9,12,0.7,2.0,0.2733843537414966,0.04624581893445198,0,1,0,0
26,48,2,24,6,8,0.92,3.0,0.27391304347826084,1.4040218308601138,1,0,0,0
42,6,2,17,9,8,0.71,1.0,0.2723334021043945,-0.38569598186510945,1,0,1,0
37,138,3,9,9,15,0.58,1.0,0.2770060128550695,0.10817178866446141,0,1,0,0
18,6,2,9,8,5,0.7,2.0,0.2723334021043945,-0.2682935092614837,1,1,0,0
18,162,3,18,6,10,0.8,3.0,0.2765167148163434,0.8888899155470958,0,1,0,0
31,122,4,16,5,11,0.73,2.0,0.265988987717069,1.7997369701673658,0,1,0,0
26,81,1,10,8,6,0.73,2.0,0.2723334021043945,-0.5750836213109604,0,1,0,1
35,44,1,10,9,14,0.99,3.0,0.2767747230201067,0.1425381454856812,1,1,0,0
30,54,1,9,10,20,0.82,2.0,0.2723334021043945,-0.4556914851021628,0,1,0,0
31,21,2,15,9,12,0.9,2.0,0.2641112047177759,0.09970185845668632,0,1,0,0
38,147,3,18,6,13,0.57,2.0,0.2765167148163434,0.02443343866846537,0,0,0,0
42,160,3,16,9,7,0.57,3.0,0.2767747230201067,0.07305391803571538,1,0,1,1
31,61,1,15,10,12,0.91,1.0,0.2770060128550695,-0.06126377518649246,0,0,1,1
40,109,2,14,13,16,0.65,1.0,0.2770060128550695,-0.3961555756780564,0,0,1,0
28,17,1,18,10,12,0.84,3.0,0.2627646326276463,-0.120189849635639,0,0,1,0
38,86,1,12,14,7,0.5,3.0,0.265988987717069,-0.007271820080202539,1,1,0,0
31,74,2,14,7,12,0.89,2.0,0.2719186785260483,-0.5819273249188427,1,1,0,1
41,133,4,8,4,13,0.78,2.0,0.27391304347826084,-0.0002987575382378849,0,1,0,0
23,43,2,18,6,7,0.71,2.0,0.2723334021043945,-0.40718188482126905,1,1,0,0
43,83,1,11,14,7,0.85,2.0,0.27391304347826084,-0.3040581745606416,0,1,0,0
37,160,3,15,9,11,0.63,2.0,0.2767747230201067,0.4315999236166294,1,0,0,0
34,2,4,15,6,8,0.73,1.0,0.2723334021043945,2.1388455639125517,0,1,0,0
44,137,1,8,8,7,0.93,1.0,0.2770060128550695,0.7065061383894197,0,0,1,0
33,179,3,13,8,13,0.53,2.0,0.2765167148163434,0.05456791036041863,1,0,1,0
38,48,3,14,14,16,0.8,1.0,0.27474402730375425,-0.2223218080683015,1,1,0,0
24,151,1,19,7,13,0.92,3.0,0.2765167148163434,-0.30461256999242325,1,1,0,0
28,19,2,12,6,9,0.57,3.0,0.2655860349127182,0.772091117969188,1,1,0,0
39,11,2,16,2,11,0.57,1.0,0.2765167148163434,-0.5011272707112894,0,0,1,0
29,117,3,16,11,6,0.78,2.0,0.2767747230201067,-0.11935825648796654,1,0,1,0
32,158,1,9,10,8,0.9,2.0,0.2765167148163434,-0.47463948897061087,1,1,0,0
46,2,2,18,10,6,0.85,2.0,0.2770060128550695,0.8435403692273575,0,0,1,0
37,67,2,11,7,12,0.66,1.0,0.27474402730375425,0.2517294057496966,0,0,1,0
40,106,2,16,9,10,0.92,2.0,0.2765167148163434,0.9709034797553269,1,1,0,0
45,105,1,17,7,9,0.72,2.0,0.2765167148163434,0.23464170655233801,1,1,0,1
32,80,4,16,4,12,0.73,3.0,0.2641112047177759,0.33060755579374024,1,0,0,1
45,94,2,4,8,11,0.78,2.0,0.2767747230201067,0.22328892009929838,1,1,0,0
18,142,2,15,11,9,0.66,1.0,0.2770060128550695,-0.5439635577402843,0,1,0,0
39,11,2,17,6,9,0.92,1.0,0.2770060128550695,1.0185938067870322,0,1,0,1
36,97,3,10,12,11,0.81,2.0,0.2723334021043945,1.5966003240133302,0,1,0,0
51,124,2,17,8,8,0.55,2.0,0.26641414141414144,0.14333893888714358,1,1,0,0
33,162,1,14,6,9,0.81,2.0,0.2655860349127182,0.18632306469794688,0,0,0,0
37,128,2,17,6,10,0.67,2.0,0.27474402730375425,0.7533648722734525,0,1,0,1
22,177,1,26,7,11,0.96,1.0,0.2767747230201067,-0.49515211994653163,1,0,1,0
32,52,1,18,9,14,0.71,2.0,0.2733843537414966,-0.4696868897800282,1,0,1,0
24,64,4,15,8,8,0.79,2.0,0.27391304347826084,-0.6242215364145399,1,0,1,0
41,52,2,20,9,10,0.69,1.0,0.2719186785260483,-0.4866329101448204,0,0,1,0
32,130,2,16,4,11,0.54,2.0,0.2723334021043945,-0.17855536870376187,0,1,0,0
38,162,3,10,5,15,0.66,2.0,0.2723334021043945,-0.5375017709854071,0,0,1,0
49,128,3,9,7,7,0.74,2.0,0.2733843537414966,0.15473484498487733,1,0,0,1
28,47,1,14,9,6,0.95,1.0,0.2723334021043945,0.2239973142621305,0,1,0,0
40,12,2,19,9,9,0.62,1.0,0.2733843537414966,-0.10506717424648421,1,0,1,0
35,118,2,15,8,9,0.74,3.0,0.27474402730375425,-0.09322159185408312,0,1,0,1
24,99,1,15,7,9,0.99,3.0,0.2641112047177759,0.16220686341544546,1,1,0,0
19,163,2,15,12,11,0.84,2.0,0.2733843537414966,-0.15132223310479923,1,1,0,0
48,97,3,11,10,13,0.6,3.0,0.2770060128550695,-0.5023962202551451,0,1,0,0
50,161,3,14,7,16,0.8,2.0,0.2770060128550695,0.3204929191383463,0,1,0,0
47,163,1,21,7,10,0.58,2.0,0.27621483375959077,-0.35223513758246633,0,0,1,0
25,100,3,15,11,8,0.83,1.0,0.2767747230201067,0.5141494034089159,1,1,0,0
31,64,2,10,10,8,0.54,2.0,0.2767747230201067,-0.4762533956720197,1,1,0,0
54,177,4,7,6,9,0.86,3.0,0.2723334021043945,0.06403575234540067,1,0,1,0
43,27,1,16,4,9,0.52,2.0,0.2719186785260483,-0.18748729510468834,1,0,1,1
42,28,1,19,8,9,0.53,2.0,0.2719186785260483,-0.5014229482749062,0,1,0,0
53,110,1,10,12,9,0.62,1.0,0.2765167148163434,-0.302826184712238,1,0,1,0
24,88,2,29,8,11,0.81,3.0,0.2627646326276463,1.6324512286018764,1,1,0,0
30,80,3,13,10,10,0.57,1.0,0.2723334021043945,-0.5110016693462446,0,0,1,0
31,3,2,13,7,10,0.56,3.0,0.265988987717069,0.6299071695649228,1,0,1,1
24,2,3,16,10,11,0.78,3.0,0.2719186785260483,0.8758061833570492,1,1,0,0
36,76,1,14,9,8,0.98,1.0,0.2723334021043945,0.7095060336702825,0,0,1,0
26,153,2,11,9,16,0.63,1.0,0.2723334021043945,1.905176821342992,0,0,1,0
54,135,3,17,13,10,0.84,2.0,0.2770060128550695,-0.3360591108729264,1,1,0,0
36,150,3,18,9,10,0.6,3.0,0.2767747230201067,0.6231004256524926,0,0,1,0
18,146,2,12,9,7,0.68,2.0,0.27391304347826084,-0.570211101460524,0,1,0,1
32,120,2,17,4,16,0.66,3.0,0.2770060128550695,1.0142387226729253,1,0,1,0
18,83,2,30,5,7,0.54,1.0,0.2770060128550695,-0.25680520392511963,1,1,0,1
33,65,1,19,8,8,0.76,3.0,0.2723334021043945,-0.07033122047074332,0,0,1,0
39,159,1,20,5,4,0.74,2.0,0.2767747230201067,-0.09532213454561135,1,0,1,0
35,114,4,16,8,13,0.75,2.0,0.27474402730375425,-0.4298196982856861,1,1,0,0
38,106,1,17,13,13,0.6,3.0,0.2767747230201067,1.1628598180350993,1,1,0,0
31,71,2,8,4,8,0.63,3.0,0.2723334021043945,0.2334220366024184,1,1,0,0
49,11,1,20,7,12,0.72,3.0,0.2655860349127182,0.9065073703792681,1,0,1,1
54,15,3,10,10,9,0.92,2.0,0.27391304347826084,-0.21953751101090926,1,0,1,0
43,21,3,13,3,12,0.77,3.0,0.2767747230201067,0.3418925828051177,0,0,1,0
45,84,3,14,9,10,0.69,2.0,0.27474402730375425,0.3773369307436907,1,0,1,1
58,15,2,6,9,10,0.93,3.0,0.27391304347826084,2.0595574692464536,1,1,0,1
34,172,4,18,4,7,0.79,1.0,0.27474402730375425,2.1388455639125517,1,0,1,0
37,41,2,15,7,9,0.82,3.0,0.27621483375959077,-0.04215561263775187,0,0,1,1
34,163,1,13,7,10,0.83,3.0,0.2767747230201067,1.7699659354806916,1,1,0,0
30,80,2,23,10,5,0.84,3.0,0.2770060128550695,-0.4060053345160436,1,0,1,1
34,9,3,13,12,9,0.7,2.0,0.27812113720642767,-0.3395271622961827,1,0,1,1
36,30,2,13,6,8,0.92,1.0,0.27391304347826084,-0.061183695846346225,0,0,1,0
34,105,3,16,11,11,0.5,1.0,0.2655860349127182,-0.5948878581240491,1,0,1,0
32,114,3,9,9,12,0.89,2.0,0.2770060128550695,-0.4788528942521514,0,0,1,0
18,164,2,22,9,6,0.62,1.0,0.27474402730375425,-0.28205483586815244,0,0,1,0
47,56,2,11,10,16,0.92,2.0,0.2767747230201067,0.2508731728050561,0,0,1,0
41,179,2,24,13,11,0.54,1.0,0.2723334021043945,1.0450815885277105,1,1,0,0
18,13,1,16,9,5,0.86,2.0,0.2770060128550695,2.1388455639125517,1,1,0,1
35,13,2,17,6,10,0.85,2.0,0.2733843537414966,-0.605341291987754,1,1,0,0
49,32,2,12,3,7,0.79,1.0,0.2723334021043945,0.5857156937026838,0,0,1,0
53,139,1,19,14,10,0.97,2.0,0.2719186785260483,-0.13698803121862277,0,0,1,0
60,180,2,14,8,10,0.85,3.0,0.27474402730375425,-0.6073617553391361,1,0,1,1
29,40,2,16,7,15,0.93,2.0,0.27391304347826084,-0.17250629854809996,0,1,0,0
45,116,4,10,4,10,0.82,2.0,0.2770060128550695,0.6813858653804693,0,0,0,0
49,4,1,16,6,8,0.74,1.0,0.27474402730375425,-0.3424284983891733,1,0,0,0
27,13,3,7,8,12,0.74,2.0,0.2723334021043945,1.2294796690875267,1,0,1,0
41,142,2,14,3,16,0.99,2.0,0.2719186785260483,0.6906319491927386,0,1,0,0
38,108,3,21,8,12,0.65,2.0,0.2627646326276463,-0.4835960551685054,0,1,0,0
48,109,2,18,8,12,0.52,3.0,0.2765167148163434,-0.5251695526028866,1,1,0,1
38,95,2,18,9,17,0.67,2.0,0.2767747230201067,-0.14084415944412618,0,1,0,0
33,62,4,16,5,6,0.68,3.0,0.2723334021043945,0.34296441397322885,0,0,1,0
40,29,2,16,12,6,0.89,2.0,0.2767747230201067,0.06735596498684851,0,1,0,0
24,38,1,17,4,7,0.86,2.0,0.2770060128550695,1.1579380185907269,1,1,0,0
42,13,2,9,5,10,0.91,3.0,0.2719186785260483,-0.34801557235168384,1,0,1,0
37,111,4,20,7,12,0.78,2.0,0.2627646326276463,-0.6211415617935309,0,0,1,0
34,95,1,17,6,6,0.75,1.0,0.2770060128550695,-0.38499374765151934,1,1,0,1
31,88,1,21,6,8,0.74,3.0,0.2765167148163434,0.3428104152421784,0,0,1,1
55,7,1,18,6,15,0.58,2.0,0.27391304347826084,-0.19695513708967038,1,0,1,0
41,5,4,10,9,10,0.84,3.0,0.27391304347826084,-0.5107737512242899,1,1,0,0
23,115,4,14,6,9,0.71,3.0,0.27391304347826084,2.1388455639125517,1,0,1,0
23,160,1,23,6,5,0.53,2.0,0.2655860349127182,-0.23060693979881605,0,1,0,0
35,38,1,16,9,6,0.63,1.0,0.2765167148163434,-0.40954730533020406,0,1,0,1
45,101,1,22,5,12,0.94,3.0,0.27391304347826084,0.03974091253488071,1,1,0,0
49,56,2,15,7,11,0.71,2.0,0.27474402730375425,-0.21974078933589586,1,1,0,0
24,50,1,21,12,7,0.91,2.0,0.2767747230201067,-0.5269004983398937,1,1,0,1
36,44,1,13,12,11,0.7,3.0,0.2641112047177759,0.1418975107645113,0,1,0,0
36,162,3,14,5,11,0.51,3.0,0.2655860349127182,-0.3890654741004934,1,0,1,0
34,32,2,17,7,9,0.78,1.0,0.2767747230201067,0.6340712952525271,0,0,1,0
23,161,1,12,11,7,0.91,2.0,0.2733843537414966,-0.3436050486943988,0,0,1,0
18,86,2,19,10,7,0.52,3.0,0.27621483375959077,1.016850541151541,0,0,1,1
42,55,1,13,10,15,0.97,1.0,0.2770060128550695,0.8296496836866064,1,1,0,0
32,163,4,14,4,10,0.84,1.0,0.265988987717069,-0.38185217353809003,1,1,0,0
34,54,1,16,6,9,0.54,1.0,0.27391304347826084,-0.5860052113170587,0,1,0,1
28,106,2,21,16,13,0.97,3.0,0.2641112047177759,-0.6354018442888031,0,0,1,0
29,50,3,16,6,11,0.63,2.0,0.2723334021043945,-0.4970247445161052,1,1,0,1
40,24,3,14,8,8,0.93,3.0,0.27621483375959077,2.1388455639125517,1,0,1,0
48,73,2,17,7,9,0.94,2.0,0.27474402730375425,0.7988499374765152,0,1,0,0
35,101,1,19,6,12,0.67,3.0,0.2767747230201067,-0.4671859503877688,0,0,0,0
29,93,2,16,8,7,0.67,1.0,0.27391304347826084,-0.23642193188328128,0,1,0,1
28,55,1,14,7,10,0.76,1.0,0.27391304347826084,0.590126217359969,1,1,0,0
42,73,2,17,12,10,0.54,1.0,0.2767747230201067,-0.5738762712595248,0,0,1,1
30,145,2,15,8,5,0.92,2.0,0.27812113720642767,-0.3222423447230795,0,1,0,0
20,48,1,11,5,15,0.51,2.0,0.2770060128550695,-0.3060355182673295,0,0,1,0
35,33,1,14,11,12,0.82,3.0,0.2767747230201067,1.7446916637406908,0,0,1,0
44,74,1,16,9,11,0.86,1.0,0.26641414141414144,-0.13496140791799877,1,1,0,0
40,26,3,15,5,10,0.89,3.0,0.27812113720642767,-0.004647681703102767,0,0,0,1
52,121,1,22,7,5,0.7,1.0,0.2767747230201067,0.4823147857261656,0,1,0,1
60,175,3,14,10,8,0.65,3.0,0.27474402730375425,-0.2225250863932881,0,0,0,0
41,50,2,20,7,9,0.72,1.0,0.2770060128550695,-0.21633433740505978,0,0,1,0
33,23,1,8,9,8,0.59,2.0,0.2767747230201067,2.1388455639125517,0,0,1,1
48,111,3,11,9,15,0.84,3.0,0.2767747230201067,-0.47048152323224857,0,1,0,1
42,37,1,15,8,12,0.6,2.0,0.2641112047177759,0.2746998564731827,0,1,0,1
56,45,2,20,6,3,0.75,2.0,0.27391304347826084,1.3732405644977486,1,0,0,0
38,77,3,19,8,11,0.71,2.0,0.2719186785260483,0.1996963145023685,0,1,0,0
33,109,1,17,8,7,0.61,1.0,0.2770060128550695,1.8516283825821276,1,1,0,0
43,40,1,22,8,15,0.95,2.0,0.27391304347826084,0.2939804976006998,1,1,0,0
39,47,2,15,12,8,0.65,1.0,0.2770060128550695,-0.4721200697306254,1,0,1,1
48,106,3,13,8,9,0.77,3.0,0.2641112047177759,-0.10969945607648193,1,0,1,0
22,55,1,16,5,10,0.6,2.0,0.2770060128550695,-0.20963847257898596,1,1,0,0
29,160,3,21,7,12,0.85,1.0,0.2770060128550695,0.463200463228183,1,0,1,1
28,112,2,15,5,12,0.76,2.0,0.2719186785260483,0.4444187779892694,1,0,0,1
26,120,1,14,8,10,0.77,1.0,0.2767747230201067,-0.410187940051374,0,1,0,1
36,170,2,20,11,11,0.98,2.0,0.2733843537414966,-0.16947560352102697,0,1,0,0
30,10,2,13,9,5,0.9,3.0,0.2723334021043945,-0.28025613068948313,0,0,1,0
42,36,4,15,5,12,0.68,1.0,0.27391304347826084,0.13222639045454265,0,0,1,1
48,179,1,17,11,8,0.78,1.0,0.2723334021043945,-0.6193859762595556,1,1,0,0
28,83,3,20,9,13,0.77,1.0,0.2770060128550695,0.44382742286203564,1,0,1,1
39,99,2,19,4,10,0.96,2.0,0.2719186785260483,0.5770301652714381,1,0,1,0
38,68,1,11,6,10,0.5,2.0,0.27391304347826084,1.9411509249163788,1,0,1,0
26,9,1,15,6,8,0.82,3.0,0.2770060128550695,-0.32768773985302363,0,1,0,0
38,101,1,16,10,13,0.62,2.0,0.2641112047177759,1.0269405380099668,1,0,1,1
27,57,2,6,9,12,0.78,3.0,0.2733843537414966,-0.20455035450507889,0,0,1,1
24,31,2,11,7,5,0.54,2.0,0.2723334021043945,2.1388455639125517,0,1,0,0
18,83,4,15,8,13,0.6,2.0,0.2770060128550695,-0.37676405546418296,1,1,0,0
34,91,2,22,9,8,0.89,3.0,0.2719186785260483,0.18961863754242664,1,0,1,1
32,164,1,17,9,11,0.55,3.0,0.2765167148163434,-0.47866809577489083,1,0,1,0
56,58,2,14,5,10,0.59,1.0,0.2655860349127182,1.1178305890759461,0,1,0,1
23,83,2,15,4,7,0.64,1.0,0.2767747230201067,-0.35137274468858376,1,0,1,0
34,44,1,17,5,5,0.52,2.0,0.2767747230201067,-0.38534486475831436,1,1,0,1
20,100,1,23,8,6,0.56,2.0,0.2767747230201067,-0.16342037341612306,1,1,0,0
34,91,1,13,14,12,0.86,2.0,0.2627646326276463,-0.5684616758757908,0,1,0,0
30,126,1,10,7,13,0.69,2.0,0.27391304347826084,0.21382723806355836,1,1,0,0
52,157,3,16,11,8,0.69,2.0,0.2765167148163434,0.01619142658264496,0,0,1,1
37,44,2,13,10,9,0.84,2.0,0.2733843537414966,1.5740672296860274,0,0,1,1
36,170,2,8,5,12,0.67,1.0,0.27391304347826084,2.1388455639125517,0,0,1,1
52,146,2,11,5,8,0.53,2.0,0.2767747230201067,0.9768047111291803,1,0,0,0
50,178,1,16,3,8,0.61,2.0,0.2765167148163434,0.030457869027159218,0,0,1,0
32,60,3,15,4,9,0.86,2.0,0.265988987717069,-0.34914284306297316,0,1,0,1
35,82,1,15,7,9,0.94,1.0,0.2770060128550695,0.012809614448776941,0,1,0,0
28,12,3,19,7,12,0.83,1.0,0.2770060128550695,-0.05487590782251954,1,1,0,0
21,120,2,13,8,5,0.97,2.0,0.2765167148163434,-0.6112240435138815,1,1,0,0
42,71,2,20,6,6,0.58,2.0,0.2765167148163434,0.7283985979955525,0,0,1,1
33,21,4,19,7,17,0.97,2.0,0.2767747230201067,1.118471223797116,0,0,1,1
41,64,2,24,7,7,0.66,2.0,0.27391304347826084,2.1388455639125517,1,1,0,0
33,22,3,15,6,8,0.54,2.0,0.2765167148163434,1.564451548919237,1,0,1,0
20,125,3,12,14,10,0.76,1.0,0.2770060128550695,0.7280166811425474,1,0,1,0
24,33,2,18,9,8,0.55,2.0,0.265988987717069,-0.457126753275553,1,1,0,1
27,21,2,21,8,12,0.77,1.0,0.27391304347826084,1.1577840198596763,1,0,1,1
21,32,1,15,6,9,0.72,1.0,0.27474402730375425,0.2846235347020741,1,0,1,1
19,171,4,13,11,10,0.78,1.0,0.2733843537414966,2.1388455639125517,1,0,0,1
29,27,2,16,11,12,0.59,2.0,0.2723334021043945,-0.5080017740653817,0,0,1,1
38,124,3,15,14,12,0.52,3.0,0.27391304347826084,-0.5499140687080738,1,1,0,0
32,91,3,20,10,12,0.98,2.0,0.2723334021043945,-0.13064328349934395,0,0,1,0
30,46,2,14,10,13,0.51,2.0,0.265988987717069,0.09583341033269886,0,1,0,0
36,173,2,15,2,14,0.61,2.0,0.2723334021043945,2.0046107220076506,1,0,1,0
44,146,1,15,10,14,0.88,1.0,0.2641112047177759,-0.018458287903707675,1,0,0,0
36,150,1,20,6,11,0.84,2.0,0.27474402730375425,0.09818651094314983,1,0,1,0
34,85,2,19,6,13,0.51,2.0,0.2767747230201067,-0.3549947948428905,1,0,1,0
31,155,4,10,11,7,0.55,2.0,0.265988987717069,1.0333530451709079,0,1,0,0
25,112,2,14,7,12,0.93,2.0,0.27621483375959077,-0.06259432422276841,0,0,1,0
34,94,1,10,7,9,0.82,1.0,0.2723334021043945,0.16631554955987163,0,0,1,0
21,6,1,24,2,15,0.76,3.0,0.265988987717069,1.5959535293429181,0,1,0,1
50,33,2,14,17,10,0.67,1.0,0.2770060128550695,0.1277850670510475,0,1,0,1
37,147,2,18,7,8,0.75,1.0,0.27391304347826084,-0.013844485921436007,1,0,0,0
18,145,1,15,10,11,0.85,2.0,0.2770060128550695,0.2533433124511054,1,1,0,0
22,75,1,18,11,7,0.75,3.0,0.2767747230201067,-0.5259333863088969,1,1,0,0
42,66,3,10,11,12,0.97,3.0,0.265988987717069,0.4910988733452836,1,1,0,1
18,82,1,14,9,5,0.91,1.0,0.2767747230201067,-0.075283819661326,0,1,0,0
42,88,1,9,8,12,0.95,3.0,0.27391304347826084,-0.6092836595026457,0,0,0,1
38,57,2,13,13,8,0.84,1.0,0.27474402730375425,0.19197789810211963,0,1,0,0
28,102,2,19,9,8,0.68,1.0,0.2767747230201067,-0.23682232858401248,1,1,0,0
29,129,3,14,8,14,0.77,2.0,0.27391304347826084,-0.12699659354806916,0,0,1,0
22,48,4,23,10,16,0.52,1.0,0.2723334021043945,-0.18040335347636735,0,1,0,0
31,25,1,21,7,11,0.72,1.0,0.265988987717069,0.15636723153401216,0,0,1,1
20,119,3,16,3,10,0.75,2.0,0.26641414141414144,0.9596061328454654,0,1,0,1
32,31,1,17,10,7,0.82,1.0,0.2719186785260483,-0.5517620534806793,1,0,0,0
29,36,2,17,4,6,0.64,2.0,0.2723334021043945,-0.09553157281983997,1,0,1,1
37,145,3,8,9,10,0.88,3.0,0.2733843537414966,-0.48886897171967303,1,0,1,1
40,81,2,8,8,8,0.67,1.0,0.2723334021043945,0.181974140533082,1,0,1,1
38,163,1,15,6,5,0.65,1.0,0.2723334021043945,-0.4833188574526146,0,1,0,0
41,85,3,13,10,8,0.93,3.0,0.2723334021043945,0.9171764024664437,0,0,1,0
37,27,3,15,5,15,0.85,2.0,0.2767747230201067,1.1786539278916341,1,0,0,0
29,168,1,8,9,8,0.78,3.0,0.2733843537414966,0.04025834827121025,0,1,0,0
33,166,3,14,12,11,0.89,2.0,0.2770060128550695,0.8229168591650805,0,0,1,0
49,16,4,17,9,12,0.51,2.0,0.2723334021043945,0.16714714270754408,1,1,0,1
51,118,3,15,14,12,0.6,2.0,0.265988987717069,0.6595611652159986,1,1,0,0
40,165,1,19,4,11,0.7,3.0,0.2719186785260483,-0.49990144081212773,0,0,1,1
25,13,3,12,3,10,0.96,2.0,0.2723334021043945,-0.34731949808733575,1,1,0,0
38,96,2,14,5,15,0.63,1.0,0.2765167148163434,1.7937741393010922,1,1,0,0
47,80,1,12,4,9,0.91,1.0,0.2719186785260483,1.568523275368211,0,1,0,0
24,45,1,17,14,8,0.88,2.0,0.2765167148163434,0.2845680951588959,0,1,0,0
20,37,3,15,7,10,0.82,1.0,0.2723334021043945,-0.20811696511620745,0,0,1,0
48,20,2,8,5,8,0.67,1.0,0.2733843537414966,0.14328965929320742,0,1,0,1
42,13,4,11,10,13,0.68,3.0,0.27391304347826084,0.6631154559286432,0,1,0,0
34,104,2,16,7,13,0.89,2.0,0.2770060128550695,0.3933466388236961,0,0,1,0
27,46,4,15,11,11,0.9,2.0,0.2767747230201067,-0.5178330530556429,0,0,0,1
48,169,2,22,8,6,0.58,3.0,0.2767747230201067,0.3117765909608905,1,0,0,0
39,135,1,15,13,11,0.69,2.0,0.2767747230201067,2.1388455639125517,1,0,1,0
30,148,2,19,3,15,0.68,2.0,0.27391304347826084,0.17068911352170457,0,1,0,0
22,27,3,23,9,12,0.72,2.0,0.27474402730375425,-0.5498832689618638,1,0,1,0
31,178,2,16,2,11,0.98,2.0,0.2719186785260483,-0.5428178071812688,1,0,0,0
42,86,1,13,12,8,0.78,2.0,0.2627646326276463,1.3029555436463203,0,1,0,0
54,156,2,16,8,16,0.51,3.0,0.2770060128550695,-0.42863698803121864,1,0,1,0
35,41,1,11,11,4,0.89,3.0,0.265988987717069,-0.01685670110078293,1,1,0,1
37,37,4,10,8,13,0.76,2.0,0.2733843537414966,1.1859596276926678,0,1,0,1
28,168,1,16,2,15,0.51,3.0,0.2733843537414966,1.7188137169749722,0,1,0,0
18,137,1,20,5,10,0.66,3.0,0.265988987717069,-0.36636606114365616,1,1,0,0
23,155,2,13,15,8,0.86,3.0,0.2719186785260483,-0.358875562865362,0,0,0,0
41,16,3,20,10,6,0.65,3.0,0.2719186785260483,0.05260288655221481,1,1,0,1
51,139,3,14,4,11,0.75,3.0,0.2719186785260483,2.083008396010817,1,0,1,0
21,2,2,21,7,15,0.94,1.0,0.2719186785260483,-0.5008131132999464,0,1,0,0
42,102,3,21,10,12,0.7,1.0,0.2765167148163434,0.3940673528850122,0,1,0,0
31,9,2,21,9,14,0.98,3.0,0.27391304347826084,0.8735331620867444,0,1,0,0
43,133,1,16,4,11,0.73,1.0,0.2723334021043945,0.22993550533143606,0,1,0,0
52,132,1,11,7,10,0.93,2.0,0.2770060128550695,0.7098509908278355,1,0,1,0
25,12,2,13,10,9,0.67,2.0,0.27391304347826084,-0.3302749185346713,1,0,1,1
32,132,3,12,6,10,0.76,1.0,0.2641112047177759,1.637095830330358,0,0,1,0
42,78,1,18,9,11,0.69,1.0,0.27391304347826084,-0.2783588663229415,0,0,1,0
45,11,1,7,9,6,0.66,3.0,0.265988987717069,-0.024747596079808303,1,1,0,0
40,60,3,16,10,12,0.98,2.0,0.2723334021043945,1.0119780213011045,0,0,0,0
66,85,2,22,7,8,0.65,1.0,0.2770060128550695,-0.20846192227376045,1,1,0,0
45,148,3,15,5,12,0.62,3.0,0.2719186785260483,-0.5322411743327234,0,0,1,0
31,165,1,13,12,8,0.51,2.0,0.2723334021043945,0.22978766654962762,1,0,1,0
37,125,1,17,13,14,0.56,1.0,0.2770060128550695,0.4857273976062437,1,1,0,0
43,170,3,20,5,7,0.5,2.0,0.2770060128550695,1.9566986368032326,0,1,0,0
40,61,1,13,8,8,0.78,2.0,0.2767747230201067,-0.14130615563727755,1,1,0,0
35,55,3,13,4,6,0.92,2.0,0.2765167148163434,0.1754199545395746,0,0,1,1
37,50,4,14,8,10,0.66,2.0,0.2767747230201067,-0.18556539094117863,0,1,0,0
40,155,1,14,7,19,0.61,2.0,0.27391304347826084,-0.10430950048971596,0,0,0,0
29,103,2,16,4,10,0.6,2.0,0.26641414141414144,-0.00554703429243743,0,0,1,0
32,2,1,15,8,11,0.95,3.0,0.2719186785260483,-0.3574464546412138,1,1,0,1
43,124,3,10,11,11,0.59,2.0,0.27391304347826084,-0.3259691140145005,0,0,1,0
31,62,2,14,5,9,0.78,2.0,0.2770060128550695,-0.07633717098171111,0,1,0,0
41,55,2,17,5,7,0.71,3.0,0.2770060128550695,0.2927485077522961,1,0,1,1
24,70,2,12,14,10,0.92,1.0,0.2765167148163434,0.7318358496725987,1,1,0,1
44,138,3,18,0,12,0.64,3.0,0.2770060128550695,1.9339006646585233,0,0,1,0
48,157,3,20,7,7,0.79,2.0,0.27812113720642767,-0.5960459285815485,1,0,1,1
30,172,1,18,12,8,0.58,2.0,0.27391304347826084,2.138121461879154,0,1,0,0
19,49,2,13,4,12,0.62,3.0,0.265988987717069,0.9713100364053,0,0,1,0
38,71,3,11,10,8,0.74,3.0,0.2767747230201067,0.3978618816180955,1,1,0,0
19,93,3,14,13,15,0.91,2.0,0.2719186785260483,0.03874300075767376,1,1,0,0
41,107,3,8,7,14,0.82,2.0,0.2770060128550695,0.463200463228183,0,1,0,0
18,55,1,13,5,14,0.71,2.0,0.265988987717069,0.5546695495229119,0,0,1,0
27,53,1,15,11,7,0.53,3.0,0.2767747230201067,-0.11868682202058654,0,0,1,0
51,98,1,12,3,6,0.92,2.0,0.2770060128550695,1.0241685608510587,1,0,1,1
43,68,2,17,9,8,0.54,2.0,0.2723334021043945,-0.6119632374229237,0,1,0,1
36,116,2,10,13,12,0.69,1.0,0.27474402730375425,-0.20285020851428184,0,1,0,0
18,93,2,15,5,9,0.66,1.0,0.27474402730375425,1.0658898970672481,0,1,0,0
24,69,3,16,7,4,0.58,3.0,0.2765167148163434,-0.1666112271234885,0,0,1,1
35,63,1,14,5,11,0.61,2.0,0.2641112047177759,-0.23652665102039558,0,0,1,0
36,33,1,11,9,15,0.5,1.0,0.2733843537414966,0.6245172139781568,0,1,0,0
40,7,2,16,10,10,0.7,2.0,0.27391304347826084,2.132996384109795,0,1,0,0
33,13,4,19,9,14,0.59,3.0,0.2733843537414966,-0.13341526065825218,1,0,1,1
30,174,4,19,9,9,0.58,3.0,0.2723334021043945,0.22281460400766298,0,0,1,1
36,75,2,17,6,11,0.51,3.0,0.2767747230201067,0.2115418968947696,0,1,0,0
28,175,2,21,9,6,0.83,3.0,0.27474402730375425,0.26392610524889276,1,1,0,0
41,92,1,17,10,12,0.97,2.0,0.27391304347826084,0.05601549843229292,0,1,0,0
25,35,2,16,7,7,0.82,2.0,0.2627646326276463,-0.006822143785535207,0,0,1,0
22,83,3,10,8,8,0.61,3.0,0.27391304347826084,-0.5533636402836041,0,1,0,1
34,99,2,14,10,14,0.73,3.0,0.2767747230201067,2.1388455639125517,1,0,0,0
30,144,1,20,12,6,0.87,2.0,0.265988987717069,1.0159696684099322,1,1,0,0
39,163,4,12,4,10,0.86,2.0,0.2723334021043945,-0.6054398511756263,1,1,0,1
20,64,2,14,6,12,0.96,2.0,0.2765167148163434,0.03034698994080289,0,0,1,0
38,45,1,12,13,8,0.53,1.0,0.2770060128550695,-0.28525800947400193,0,1,0,0
45,27,2,18,9,4,0.73,3.0,0.2767747230201067,-0.1977744103388588,1,0,1,0
26,133,2,15,10,12,0.55,3.0,0.27474402730375425,0.3483543695599948,1,1,0,0
43,70,1,14,9,5,0.76,3.0,0.2770060128550695,-0.5343909966181879,0,0,1,0
43,171,3,20,8,11,0.53,3.0,0.2723334021043945,-0.11069736785368889,1,0,1,0
41,85,3,16,13,10,0.95,1.0,0.26641414141414144,-0.6215049987988099,0,1,0,0
24,33,1,13,11,8,0.83,2.0,0.2733843537414966,-0.3904453027307055,1,0,1,0
32,47,2,15,5,6,0.84,1.0,0.2627646326276463,0.6035918664030209,1,0,1,0
38,77,1,15,10,5,0.51,3.0,0.27391304347826084,1.2008359051121418,1,0,1,0
21,33,2,13,9,16,0.74,2.0,0.27391304347826084,-0.3333980128003745,0,0,1,1
27,126,2,10,8,13,0.54,3.0,0.26641414141414144,-0.3080744614664375,0,1,0,0
40,159,1,16,8,12,0.74,2.0,0.27391304347826084,0.8856251424488262,0,0,1,0
46,159,2,12,5,13,0.94,2.0,0.2733843537414966,-0.568560235063663,1,1,0,0
38,121,1,10,9,14,0.59,1.0,0.27474402730375425,-0.3120476287275393,0,1,0,0
30,132,1,17,7,14,0.7,1.0,0.2767747230201067,0.6254904859583957,1,0,0,0
29,85,2,13,5,13,0.66,3.0,0.2723334021043945,1.6087477439185902,1,1,0,1
54,177,2,13,4,14,0.64,2.0,0.27391304347826084,-0.08796715515064156,0,0,1,0
32,57,2,20,12,6,0.91,3.0,0.27391304347826084,-0.42148528696123544,1,1,0,0
42,162,1,13,9,18,0.52,1.0,0.2723334021043945,0.3710537825168321,0,0,1,1
24,108,2,19,5,8,0.9,2.0,0.27391304347826084,1.6583476552153211,1,1,0,0
25,72,1,13,6,11,0.81,2.0,0.27812113720642767,-0.6017254017826893,0,1,0,0
31,65,2,11,12,9,0.79,1.0,0.2765167148163434,-0.4915054299952568,0,1,0,0
39,29,2,13,2,11,0.94,2.0,0.2770060128550695,-0.43752579478745096,1,1,0,1
44,34,3,15,5,12,0.6,2.0,0.2770060128550695,-0.2513906085413856,0,1,0,1
35,30,1,14,7,11,0.9,2.0,0.27474402730375425,2.108676904502307,0,0,0,1
40,168,2,18,5,8,0.89,3.0,0.2767747230201067,0.712388889915547,0,1,0,0
38,13,3,10,6,10,0.78,2.0,0.27474402730375425,0.8762681795502005,0,0,1,1
21,24,1,14,2,7,0.6,1.0,0.2733843537414966,-0.1951687518094851,0,1,0,1
36,89,1,15,8,15,0.89,1.0,0.2723334021043945,-0.374762071960527,1,1,0,0
33,178,1,17,4,6,0.73,2.0,0.2767747230201067,-0.6147228946833478,0,1,0,0
29,153,1,13,10,15,0.72,2.0,0.26641414141414144,-0.2155705036990495,0,0,1,0
52,87,2,12,5,5,0.68,2.0,0.2655860349127182,1.3897430685171155,0,1,0,0
27,128,1,13,11,7,0.79,3.0,0.2765167148163434,-0.39674693080529017,0,1,0,1
32,42,4,15,13,15,0.88,1.0,0.265988987717069,-0.16578579392505804,0,1,0,0
27,65,2,14,6,7,0.94,1.0,0.2767747230201067,0.07737204245437018,0,1,0,0
32,166,2,19,9,9,0.82,3.0,0.2723334021043945,-0.40231552492007466,0,0,0,0
40,82,1,19,5,12,0.72,3.0,0.265988987717069,1.4518599966736274,1,0,1,1
18,8,2,11,5,11,0.51,2.0,0.2719186785260483,-0.10957625709164157,0,0,0,1
33,31,1,12,15,9,0.84,1.0,0.2765167148163434,0.19049335033479325,0,0,1,0
32,83,1,20,6,5,0.56,2.0,0.265988987717069,0.4129845570072503,0,0,0,0
24,93,3,9,6,11,1.0,1.0,0.2765167148163434,-0.36722845403753873,1,1,0,0
33,108,1,18,8,11,0.87,3.0,0.27391304347826084,1.60670264077024,0,1,0,0
38,127,2,20,2,10,0.65,1.0,0.265988987717069,-0.47816913988628734,1,0,1,0
38,56,1,18,8,14,0.59,3.0,0.2767747230201067,-0.4534739033750362,1,1,0,0
30,66,3,19,9,9,0.88,2.0,0.2767747230201067,-0.31841701624378616,0,0,1,0
58,126,1,12,9,12,0.55,3.0,0.2767747230201067,-0.17370748865029353,0,1,0,0
32,75,4,13,11,9,0.55,1.0,0.2765167148163434,-0.4678697047536328,0,1,0,0
19,136,4,14,11,7,0.84,2.0,0.2767747230201067,0.4774669056726973,0,1,0,0
29,13,2,14,15,4,0.52,2.0,0.2733843537414966,0.44499781321801907,1,0,1,0
27,165,2,18,9,10,0.84,3.0,0.2765167148163434,0.6592408478554137,0,0,1,0
34,162,3,21,11,14,1.0,2.0,0.27391304347826084,-0.1896371173901527,1,1,0,0
31,148,1,14,7,12,0.96,2.0,0.27474402730375425,0.1483469776209044,1,1,0,0
28,5,1,19,10,9,0.88,2.0,0.27474402730375425,-0.00639094733859393,1,0,0,1
48,171,1,10,6,16,0.64,3.0,0.27812113720642767,0.1599954416375609,1,0,1,0
18,116,3,10,6,8,0.67,3.0,0.26641414141414144,-0.13863889761548365,0,1,0,0
35,135,1,9,8,10,0.76,2.0,0.2719186785260483,0.17022711732855322,0,0,1,0
33,153,1,18,4,9,0.91,2.0,0.27391304347826084,-0.10626220439943575,1,1,0,0
49,76,2,14,7,14,0.71,3.0,0.2733843537414966,0.858897122687709,0,0,1,0
34,50,1,18,11,12,0.97,3.0,0.2770060128550695,-0.27198331885745264,0,1,0,0
45,90,3,19,13,8,0.81,3.0,0.2723334021043945,1.9509144444649775,0,0,1,0
37,152,3,12,5,15,0.79,2.0,0.27391304347826084,-0.16426428646227956,1,1,0,0
27,171,3,16,7,11,0.82,2.0,0.2723334021043945,-0.11932129679251444,1,0,1,0
24,135,1,26,4,11,0.83,2.0,0.27474402730375425,0.447005956670917,1,0,0,0
47,67,1,15,15,9,0.99,2.0,0.27391304347826084,0.02683581887285249,1,0,1,0
37,57,2,18,3,11,0.72,2.0,0.27474402730375425,-0.6199526915898212,1,0,1,0
19,97,1,13,8,10,0.63,2.0,0.27391304347826084,-0.08574341347427297,0,1,0,0
29,1,2,11,7,10,0.63,3.0,0.27474402730375425,-0.45201399540467785,1,0,0,1
41,71,4,18,6,13,0.6,1.0,0.2765167148163434,1.378125404246669,0,1,0,0
38,60,1,26,6,14,0.89,1.0,0.2765167148163434,0.1918546991172793,0,0,1,0
26,153,3,18,13,15,0.86,1.0,0.2641112047177759,-0.1008414490664597,1,0,1,0
32,122,4,18,12,12,0.99,1.0,0.2765167148163434,-0.5837753096914482,1,0,1,0
44,2,4,19,13,11,0.95,2.0,0.2723334021043945,2.1388455639125517,0,0,1,0
29,98,2,13,9,10,0.84,2.0,0.27391304347826084,0.23172805056086337,0,0,1,0
32,47,2,16,10,8,0.59,1.0,0.27391304347826084,0.2301079839102126,1,1,0,1
18,140,1,13,6,12,0.63,3.0,0.27391304347826084,0.10198719962547509,0,1,0,1
27,46,3,14,5,9,0.65,3.0,0.27474402730375425,-0.25934926296207317,0,1,0,0
42,23,2,13,6,8,0.9,3.0,0.27474402730375425,0.8110589568741954,1,0,0,1
53,29,2,8,10,22,0.97,3.0,0.27474402730375425,0.8350149994764043,1,1,0,1
43,36,1,10,7,10,0.76,2.0,0.2723334021043945,2.1054121314040373,1,0,0,1
25,72,2,14,2,12,0.77,2.0,0.27474402730375425,1.3540092029641675,0,1,0,1
37,118,2,13,10,13,0.94,2.0,0.2765167148163434,1.5944135420324137,1,0,0,1
31,22,1,12,10,7,0.87,1.0,0.265988987717069,2.1388455639125517,0,0,1,1
29,34,2,16,9,20,0.79,2.0,0.2641112047177759,0.06194136960311447,1,0,1,1
43,16,1,7,12,5,0.63,1.0,0.2655860349127182,-0.37229809226371974,1,1,0,0
54,150,1,16,15,10,0.72,1.0,0.2770060128550695,0.7358644564768786,1,1,0,0
41,11,2,22,8,13,0.68,2.0,0.27474402730375425,2.1388455639125517,1,0,1,0
23,74,3,14,8,11,0.69,1.0,0.2765167148163434,-0.6315826757587517,0,1,0,0
28,109,1,15,7,14,0.87,2.0,0.2723334021043945,-0.08433894504709281,1,1,0,1
56,134,4,10,8,10,0.82,1.0,0.2733843537414966,-0.5456637037310813,1,1,0,1
27,31,2,10,3,9,0.92,1.0,0.27391304347826084,1.061423933866785,1,1,0,1
30,106,1,12,6,11,0.64,3.0,0.2765167148163434,1.630683323169417,0,1,0,1
59,173,1,15,6,16,0.79,1.0,0.2641112047177759,-0.5403784672814296,1,0,1,1
39,80,3,12,9,20,0.53,3.0,0.27391304347826084,-0.05302792304991407,1,0,1,1
32,110,1,11,9,15,0.96,1.0,0.27391304347826084,0.24104189381479496,1,0,1,0
46,158,2,23,6,7,0.85,1.0,0.27474402730375425,-0.3653188697725131,0,1,0,0
21,11,2,23,7,7,0.9,2.0,0.2641112047177759,-0.41762299878649,1,1,0,1
34,158,1,15,3,11,0.79,3.0,0.27391304347826084,-0.22638737456803357,1,0,1,1
42,99,1,18,9,8,0.9,3.0,0.27812113720642767,0.35158834291205443,0,1,0,1
24,175,2,13,9,7,0.63,3.0,0.2765167148163434,-0.3210226747731599,1,0,1,1
30,146,1,6,8,8,0.99,1.0,0.27621483375959077,2.1388455639125517,1,0,1,1
39,28,2,9,11,12,0.67,2.0,0.2765167148163434,-0.5294630372245732,1,0,0,1
21,35,3,10,8,6,0.52,1.0,0.265988987717069,-0.6007028502085143,1,0,1,0
18,174,1,15,9,12,0.92,1.0,0.2770060128550695,-0.38057090409575023,0,0,1,1
32,85,3,17,9,4,0.66,1.0,0.27474402730375425,0.35316528991801105,0,1,0,0
55,19,2,15,9,8,0.91,2.0,0.2719186785260483,-0.5541336339388564,0,0,1,1
21,92,3,21,6,6,0.56,1.0,0.2770060128550695,-0.5059505109677896,1,0,1,0
34,75,1,17,10,12,0.61,1.0,0.27474402730375425,-0.03696277542673048,1,0,1,0
47,101,1,9,8,9,0.58,3.0,0.2770060128550695,2.0238790432366836,1,1,0,0
26,157,1,25,9,9,0.58,1.0,0.2733843537414966,0.0504715441144765,0,0,1,0
41,136,1,12,9,11,0.82,1.0,0.2765167148163434,-0.17523515606231405,0,1,0,0
32,176,3,21,11,12,0.59,2.0,0.2765167148163434,0.4234626306679233,0,0,0,0
18,158,1,22,8,13,0.92,3.0,0.2767747230201067,0.06834771681481344,0,0,0,0
38,168,3,9,10,7,0.98,2.0,0.2723334021043945,-0.4086294728931434,0,1,0,0
33,23,2,22,8,11,0.79,2.0,0.2767747230201067,-0.10427254079426386,0,0,0,1
36,80,4,13,7,12,0.72,3.0,0.2723334021043945,0.5094801618834661,1,1,0,0
26,164,2,17,11,6,0.59,2.0,0.2770060128550695,0.8239024510438034,0,0,1,0
28,176,1,13,10,11,0.83,2.0,0.27474402730375425,-0.453412303882616,1,1,0,0
34,9,3,17,14,11,0.54,1.0,0.2723334021043945,0.8007718416400249,0,1,0,0
48,164,3,12,7,9,0.79,3.0,0.27391304347826084,1.3672530938345069,1,1,0,0
22,106,2,11,11,11,0.8,2.0,0.2719186785260483,0.09115800885800701,0,0,1,0
27,173,1,13,5,8,0.72,3.0,0.265988987717069,-0.05420447335513955,1,1,0,0
35,58,2,12,4,11,0.86,1.0,0.2767747230201067,0.8766377765047216,1,1,0,0
23,2,3,14,3,10,0.68,2.0,0.265988987717069,2.1388455639125517,1,1,0,0
22,25,1,9,5,6,0.94,2.0,0.27474402730375425,0.1377765047216011,1,0,0,0
32,142,4,19,7,4,0.51,2.0,0.2770060128550695,-0.17946704119158058,0,1,0,0
30,173,1,20,9,8,0.9,1.0,0.27391304347826084,-0.5555196225183104,1,0,1,0
41,9,2,16,5,11,0.74,1.0,0.2765167148163434,0.490205680705191,0,0,1,0
31,150,1,20,9,10,0.67,1.0,0.2641112047177759,1.3907286603958384,1,1,0,0
20,34,4,17,11,9,0.94,2.0,0.265988987717069,-0.4060053345160436,1,0,1,0
60,50,2,17,7,7,0.91,1.0,0.2723334021043945,0.4749474864327118,0,0,1,0
30,50,3,18,9,15,0.68,3.0,0.2719186785260483,-0.5646794670411915,1,1,0,1
59,111,1,19,12,11,0.53,2.0,0.265988987717069,-0.2416578887389968,1,0,1,1
26,99,2,11,5,4,0.58,1.0,0.2770060128550695,2.1388455639125517,0,1,0,0
40,111,2,22,9,10,0.53,1.0,0.2641112047177759,1.4815571119693973,1,0,1,0
29,94,2,21,5,12,0.93,2.0,0.2719186785260483,-0.16177566696850418,0,1,0,0
46,4,3,18,12,13,0.63,2.0,0.2733843537414966,0.14071480051004379,1,1,0,0
29,86,2,20,8,9,0.98,2.0,0.2723334021043945,0.15559723787875987,1,0,0,0
35,173,1,12,5,6,0.9,2.0,0.2767747230201067,-0.5229273310787919,0,1,0,0
40,35,1,16,10,10,0.77,1.0,0.2719186785260483,-0.3057028810082605,0,0,1,0
32,127,2,20,4,15,0.9,3.0,0.27391304347826084,0.591130289086418,1,0,1,0
28,63,1,8,6,10,0.94,2.0,0.27391304347826084,0.8595685571550891,0,0,0,0
33,92,2,12,10,16,0.68,2.0,0.27391304347826084,0.39515766390084944,0,0,0,0
18,18,2,17,7,12,0.91,2.0,0.2723334021043945,0.7648962972545106,1,1,0,0
30,139,1,12,6,12,0.76,1.0,0.2733843537414966,-0.2355472190909147,1,1,0,0
35,129,2,17,7,12,0.53,1.0,0.2767747230201067,-0.1493202496011433,1,0,1,0
19,63,1,14,12,8,0.95,3.0,0.2641112047177759,0.35757581357529616,0,0,1,0
34,51,3,24,6,11,0.67,2.0,0.2765167148163434,-0.22426219207953726,1,0,0,0
24,162,1,15,9,11,0.89,1.0,0.27474402730375425,0.010474993686052026,0,0,1,0
48,95,3,18,6,9,0.57,2.0,0.2655860349127182,-0.4679990636877152,0,0,0,0
18,122,2,7,3,10,0.56,2.0,0.27391304347826084,0.9448284146138636,0,1,0,1
50,178,2,15,12,8,0.95,2.0,0.2733843537414966,0.6437547354609798,1,0,1,0
29,7,2,16,7,12,0.61,2.0,0.2767747230201067,-0.4421703965159327,1,1,0,1
37,133,1,13,6,7,0.53,3.0,0.2765167148163434,0.34452288113145946,1,0,1,1
51,143,1,11,6,6,0.56,2.0,0.27474402730375425,0.4494329766722722,1,1,0,0
42,63,3,11,11,12,0.78,3.0,0.2723334021043945,0.9550600903048558,0,0,1,0
36,152,3,19,5,12,0.97,1.0,0.2723334021043945,0.39191137065030585,0,0,1,0
30,61,2,12,5,4,0.74,1.0,0.2765167148163434,-0.4455090890051066,0,1,0,0
44,164,1,16,14,5,0.73,2.0,0.2770060128550695,0.42285279569296347,0,0,1,1
37,66,1,16,9,9,0.86,2.0,0.2723334021043945,0.4548044524113121,1,0,1,0
30,12,2,17,9,13,0.88,1.0,0.2733843537414966,-0.619515335193638,1,0,1,1
40,145,3,8,11,7,0.85,2.0,0.2733843537414966,2.1388455639125517,0,0,1,0
26,44,2,13,8,10,0.86,2.0,0.2627646326276463,0.3901742649640567,1,0,0,0
42,57,2,17,8,9,0.75,2.0,0.27474402730375425,1.2054127473989615,0,1,0,0
43,115,1,19,9,15,0.61,3.0,0.2765167148163434,0.9704969231053536,1,0,1,0
25,88,3,13,5,6,0.58,2.0,0.2767747230201067,-0.31600847609015703,0,1,0,1
47,54,1,12,12,12,0.72,1.0,0.2733843537414966,2.1388455639125517,1,0,1,1
31,155,2,14,10,12,0.56,2.0,0.2765167148163434,-0.24792255711812936,0,0,0,1
50,109,3,22,14,8,0.98,1.0,0.2765167148163434,-0.6128502701137742,0,0,1,0
39,85,1,20,10,17,0.85,2.0,0.2723334021043945,-0.4239431067088007,1,1,0,0
20,167,2,13,14,11,0.86,2.0,0.2733843537414966,-0.515523072089886,1,1,0,0
42,100,2,15,7,14,0.71,1.0,0.2767747230201067,-0.16567491483870173,0,1,0,0
27,39,1,10,4,13,0.85,1.0,0.2733843537414966,0.4747380481584832,1,0,1,0
30,114,1,17,11,5,0.84,3.0,0.27474402730375425,-0.14802666026031946,1,1,0,0
39,61,1,18,9,5,0.54,1.0,0.2733843537414966,-0.44518877164452164,0,0,1,0
45,80,1,18,4,7,0.77,2.0,0.27474402730375425,0.15854785356568663,0,0,1,1
36,64,3,15,7,7,0.78,1.0,0.2723334021043945,0.12970697121455718,0,1,0,1
19,154,2,16,8,7,0.97,2.0,0.2641112047177759,0.2950400088703269,1,0,0,0
18,169,3,14,10,9,0.98,3.0,0.2767747230201067,-0.5751021011586864,1,0,0,1
27,78,2,12,6,8,0.78,3.0,0.2655860349127182,0.396020056794732,1,1,0,0
45,119,1,18,10,9,0.86,3.0,0.2733843537414966,1.2701476539833312,1,0,0,1
26,57,4,20,7,16,0.63,1.0,0.2655860349127182,0.003859208200124431,1,1,0,0
25,32,1,18,7,8,0.76,1.0,0.27474402730375425,0.7660666876104941,1,1,0,0
32,124,2,13,13,9,0.8,1.0,0.26641414141414144,1.5267649794565692,0,0,1,0
24,132,4,15,10,13,0.8,1.0,0.2765167148163434,0.15805505762632516,1,0,1,1
41,22,1,12,3,9,0.54,1.0,0.2767747230201067,0.5859744115708486,1,1,0,1
37,107,3,18,6,10,0.84,1.0,0.2655860349127182,0.358530605707809,1,0,0,0
42,46,1,10,11,11,0.57,2.0,0.2723334021043945,1.0224068153678414,0,1,0,0
26,103,1,19,13,7,0.95,2.0,0.2723334021043945,-0.25360203031927014,0,1,0,0
34,49,3,18,11,7,0.99,2.0,0.2723334021043945,-0.4244851822420983,0,1,0,0
35,67,2,10,7,12,0.95,2.0,0.2733843537414966,-0.27345554672629496,0,0,0,0
39,168,2,13,8,5,0.65,3.0,0.2767747230201067,-0.10902802160910194,0,0,1,0
36,152,2,17,6,10,0.84,1.0,0.2765167148163434,-0.10042257251800245,1,1,0,0
28,5,1,20,9,12,0.92,2.0,0.27391304347826084,0.3011814782646191,1,0,0,1
42,24,2,14,10,8,0.51,3.0,0.2765167148163434,-0.5028951761437486,0,0,1,0
34,47,3,14,7,7,0.82,3.0,0.27391304347826084,0.369347476576793,1,1,0,0
31,140,2,18,7,8,0.51,1.0,0.2767747230201067,0.4357517294057497,1,0,0,0
43,163,2,17,5,7,0.81,1.0,0.2723334021043945,-0.5598192670892392,0,1,0,0
52,52,1,15,12,10,0.93,2.0,0.2770060128550695,-0.5664596923721349,1,1,0,1
50,43,1,13,12,15,0.72,3.0,0.2733843537414966,0.12583852309056973,0,1,0,1
30,2,2,23,18,12,0.93,2.0,0.2723334021043945,-0.30231490892515045,1,0,0,0
30,122,1,14,9,10,0.82,2.0,0.2723334021043945,0.715407265044136,1,1,0,0
37,151,1,13,4,16,0.87,2.0,0.2765167148163434,0.17240773936022769,0,1,0,0
32,151,1,20,8,8,0.71,2.0,0.2733843537414966,-0.4413018436728081,0,1,0,0
52,1,3,8,12,13,0.62,2.0,0.27474402730375425,0.9162339302324148,1,0,1,0
32,77,3,10,10,12,0.6,1.0,0.2765167148163434,-0.3357387935123415,1,0,1,0
31,104,3,11,7,4,0.55,2.0,0.2765167148163434,0.42985665798113826,0,0,1,0
34,179,2,16,9,12,0.98,1.0,0.2770060128550695,0.4465932400717018,1,0,1,0
33,124,1,21,6,11,0.79,2.0,0.27621483375959077,-0.13266374685072596,0,1,0,0
42,141,1,7,10,14,0.97,2.0,0.2765167148163434,-0.3803737857200057,1,1,0,0
40,25,4,11,5,9,0.79,2.0,0.2765167148163434,-0.441264883977356,0,0,1,0
19,111,1,19,7,13,0.64,3.0,0.27391304347826084,-0.6005673313251899,0,1,0,0
28,108,2,12,4,8,0.9,1.0,0.2723334021043945,0.46624963810298203,0,1,0,0
31,145,1,14,13,9,0.52,3.0,0.27474402730375425,-0.33839989158489336,0,1,0,0
44,32,4,18,9,11,0.96,3.0,0.2641112047177759,0.15382933244630065,0,1,0,0
35,41,2,16,14,11,0.63,2.0,0.2655860349127182,-0.14320342000381917,1,1,0,0
40,64,2,10,8,16,0.64,2.0,0.2767747230201067,0.7493301055199305,0,0,1,1
34,85,2,7,11,11,0.88,2.0,0.2723334021043945,-0.2722297168271333,1,1,0,0
31,23,4,17,10,9,0.5,1.0,0.2723334021043945,0.18002143662336223,0,1,0,0
42,164,1,15,7,15,0.55,1.0,0.27391304347826084,-0.07267200118271025,1,0,1,0
58,177,2,11,5,11,0.73,2.0,0.2641112047177759,0.036882696086584246,1,0,1,0
35,37,1,15,4,7,0.55,2.0,0.27391304347826084,0.06273600305533482,0,1,0,1
18,109,2,14,2,11,0.76,3.0,0.2733843537414966,0.46233191038505844,1,1,0,0
25,29,1,16,11,15,0.63,1.0,0.27474402730375425,0.26021781580519776,0,0,1,1
33,133,1,13,7,5,0.71,1.0,0.2765167148163434,1.1616647878821478,0,0,0,0
19,81,2,16,7,6,0.61,2.0,0.2655860349127182,-0.4644817326705228,1,0,1,0
38,173,1,10,3,9,0.7,2.0,0.265988987717069,0.40622709268875623,0,0,1,0
29,163,4,13,5,7,0.57,1.0,0.2733843537414966,-0.40367687370256067,1,1,0,0
42,81,1,15,7,8,0.53,2.0,0.2723334021043945,0.667803177301819,0,0,1,1
44,133,4,19,8,6,0.86,3.0,0.2641112047177759,0.5920419615742366,0,1,0,0
18,169,1,22,8,6,0.92,2.0,0.2767747230201067,-0.05007114741374531,0,1,0,0
41,28,3,12,11,12,0.96,1.0,0.2723334021043945,0.3141604913175515,0,1,0,1
45,173,1,15,6,12,0.55,1.0,0.2719186785260483,-0.08631012880453864,0,1,0,0
26,57,1,18,13,14,0.86,2.0,0.27391304347826084,-0.02886860212271851,0,0,1,0
18,137,1,24,6,15,0.6,3.0,0.27474402730375425,0.16733810113404665,1,0,1,0
45,41,1,17,11,11,0.78,3.0,0.2767747230201067,-0.07861019225201585,1,1,0,0
56,117,2,17,7,5,0.63,1.0,0.27812113720642767,1.3106493202496012,1,1,0,1
34,29,1,19,10,9,0.95,3.0,0.26641414141414144,-0.6285088610869847,0,1,0,0
46,140,1,19,10,14,0.51,3.0,0.2733843537414966,0.7429668779529257,0,1,0,0
47,64,3,18,8,8,0.84,2.0,0.2765167148163434,0.9995410837814697,1,1,0,0
36,57,2,10,6,9,0.71,2.0,0.27391304347826084,1.8677859294439414,0,1,0,0
35,99,4,15,12,5,0.63,2.0,0.2723334021043945,0.2743980189603238,1,1,0,0
56,17,1,11,6,10,0.9,1.0,0.27474402730375425,0.407847159339407,0,1,0,0
23,176,4,14,8,11,0.65,2.0,0.2765167148163434,-0.010222435767129279,1,0,1,0
47,45,4,20,9,10,0.83,1.0,0.2765167148163434,0.20225269343780608,0,1,0,0
29,163,1,14,12,15,0.78,3.0,0.27391304347826084,-0.6219669949919613,1,1,0,0
20,158,2,19,10,14,0.59,1.0,0.27391304347826084,0.16018024011482146,0,1,0,0
32,86,3,12,6,7,0.56,2.0,0.2723334021043945,1.4522911931205686,0,1,0,0
27,33,2,14,4,7,0.58,1.0,0.2765167148163434,1.5653139418131194,1,0,0,0
25,141,1,15,3,14,0.91,2.0,0.27474402730375425,-0.35045491225152303,0,0,0,0
58,116,1,17,7,5,0.54,1.0,0.2767747230201067,2.1388455639125517,0,0,0,1
35,66,4,8,15,11,0.79,3.0,0.2723334021043945,-0.5940809047733446,1,1,0,0
41,140,2,17,6,11,0.95,1.0,0.27391304347826084,-0.5868183246170051,1,0,1,0
18,115,2,14,9,9,0.59,2.0,0.27474402730375425,-0.3020869908031958,1,1,0,1
36,6,1,14,6,10,0.73,2.0,0.2767747230201067,-0.5934772297476268,1,0,1,1
18,137,2,19,8,14,0.62,3.0,0.2641112047177759,0.23464170655233801,1,0,1,0
40,72,1,11,9,13,0.95,2.0,0.2719186785260483,-0.14301862152655861,1,1,0,1
42,71,1,16,11,12,0.62,2.0,0.2767747230201067,-0.6144025773227628,1,0,0,0
31,133,2,20,6,5,0.53,2.0,0.2641112047177759,-0.4144752647238187,1,1,0,1
30,14,2,16,8,10,0.7,3.0,0.2641112047177759,1.368651402312445,0,0,1,0
48,81,2,11,11,11,0.79,3.0,0.2723334021043945,1.0809571329132248,0,1,0,0
38,162,3,13,10,10,0.8,2.0,0.2770060128550695,-0.6294698131687395,1,1,0,0
40,122,1,17,3,10,0.77,2.0,0.27812113720642767,0.16035887864283999,0,0,1,0
37,63,2,14,5,9,0.86,3.0,0.2733843537414966,-0.06701100782929549,1,1,0,1
25,15,1,19,7,11,0.69,1.0,0.2723334021043945,1.164085647934261,1,0,1,0
44,51,1,17,11,15,0.84,2.0,0.2655860349127182,-0.39021738460875083,0,0,1,1
29,71,2,17,6,12,0.91,1.0,0.2767747230201067,-0.41841763223871037,1,1,0,0
25,153,2,15,9,11,0.98,3.0,0.2733843537414966,-0.5359433038271765,1,1,0,0
31,66,2,8,9,13,0.66,1.0,0.27621483375959077,-0.5045275626928835,0,0,1,0
46,128,2,29,11,13,0.76,2.0,0.2733843537414966,1.5437294796690875,1,0,1,0
29,64,2,19,8,7,0.85,1.0,0.2765167148163434,2.1388455639125517,1,1,0,0
59,56,3,12,13,21,0.99,1.0,0.2733843537414966,0.38060786379120237,0,0,0,0
33,138,3,7,8,9,0.58,2.0,0.2767747230201067,-0.5843974645648919,0,0,1,0
44,75,4,15,9,11,0.82,2.0,0.2627646326276463,-0.1438933343189252,1,1,0,0
29,21,2,16,9,10,0.66,1.0,0.27391304347826084,1.5592340719112474,1,0,1,0
46,88,2,11,6,9,0.57,1.0,0.2770060128550695,0.5556613013508769,1,1,0,1
49,147,3,15,8,9,0.51,3.0,0.265988987717069,1.1866618619062579,1,0,0,1
33,45,1,12,10,18,0.83,1.0,0.2767747230201067,-0.4211772894991345,1,0,1,0
19,32,3,8,6,11,0.79,1.0,0.2770060128550695,-0.3672838935807169,0,0,1,0
32,94,3,10,10,11,0.93,1.0,0.2723334021043945,1.4512624815971515,1,0,1,1
32,115,1,15,8,10,0.75,2.0,0.2767747230201067,0.2051355496830706,0,1,0,1
35,58,1,15,8,8,0.67,1.0,0.2765167148163434,0.6045466585355337,0,1,0,1
46,77,3,17,11,12,0.85,1.0,0.2723334021043945,-0.4816926308527218,1,0,1,1
25,60,1,19,3,9,0.59,2.0,0.2765167148163434,0.8932141999149927,1,1,0,1
19,161,3,8,11,14,0.79,3.0,0.2765167148163434,0.7506729744546905,0,1,0,0
43,176,4,21,6,9,0.5,3.0,0.26641414141414144,2.1388455639125517,0,1,0,0
35,167,1,16,4,11,0.77,3.0,0.2765167148163434,-0.6277943069749106,1,1,0,0
39,156,4,14,6,8,0.68,3.0,0.2733843537414966,1.7448641423194673,1,1,0,0
22,9,1,11,8,7,0.98,3.0,0.27474402730375425,0.3420712213331362,0,1,0,0
28,149,4,15,6,7,0.91,1.0,0.2655860349127182,1.2236523571045774,0,1,0,0
33,109,1,13,6,7,0.61,1.0,0.2723334021043945,1.0751667806257277,0,1,0,0
56,175,4,18,13,14,0.57,1.0,0.27474402730375425,-0.6118030787426312,0,1,0,0
52,115,2,12,9,10,0.88,2.0,0.2765167148163434,-0.46584308145300884,1,0,1,1
35,175,1,11,6,13,0.6,2.0,0.2723334021043945,-0.5605646209475234,1,0,1,0
46,33,1,9,9,12,0.76,2.0,0.27391304347826084,1.8110219971787433,0,1,0,0
29,174,2,11,8,6,0.51,1.0,0.265988987717069,-0.0884907508362131,0,0,1,0
31,102,1,11,8,11,0.77,1.0,0.2770060128550695,2.1388455639125517,1,0,1,1
34,67,2,16,14,5,0.93,2.0,0.2719186785260483,-0.3165197518772445,0,0,1,0
21,157,3,19,5,11,0.8,3.0,0.2765167148163434,1.799453612502233,0,0,0,0
35,99,4,14,5,17,0.65,3.0,0.27474402730375425,-0.1412938357387935,1,1,0,0
37,81,2,10,7,4,0.72,2.0,0.2641112047177759,-0.39212696887377646,1,1,0,1
24,115,3,14,11,15,0.78,2.0,0.27391304347826084,1.1525049433592667,0,0,1,1
20,166,2,12,6,5,0.61,1.0,0.27391304347826084,-0.33117427112400594,0,1,0,0
65,34,2,17,6,7,0.7,2.0,0.2767747230201067,0.03066114735214582,1,0,1,0
30,49,1,19,4,8,0.88,2.0,0.27621483375959077,-0.35376896494372884,0,0,1,0
40,91,1,12,11,10,0.6,1.0,0.2770060128550695,0.36000899352589333,0,0,1,0
50,116,2,18,9,8,0.85,1.0,0.2767747230201067,-0.4776209044037477,1,0,1,0
40,174,1,15,7,6,0.67,2.0,0.2770060128550695,0.7664362845650152,0,0,1,0
42,68,3,13,6,13,0.78,3.0,0.2733843537414966,-0.16591515285914044,1,1,0,1
30,86,1,19,9,9,0.53,2.0,0.265988987717069,1.106354603638066,1,1,0,0
46,5,2,20,7,12,0.95,1.0,0.2641112047177759,0.7163374173796808,1,0,1,0
48,59,2,10,10,13,0.75,3.0,0.2719186785260483,2.1388455639125517,1,0,1,0
37,7,1,12,7,9,0.9,1.0,0.2723334021043945,-0.020072194605116455,0,0,1,1
22,157,3,22,4,14,0.78,2.0,0.265988987717069,-0.19033319165450077,0,1,0,0
43,120,3,14,7,16,0.6,1.0,0.2723334021043945,0.04173057614005261,1,1,0,0
28,127,2,15,9,7,0.88,1.0,0.2770060128550695,0.40824755604013824,1,1,0,0
33,28,1,12,16,16,0.78,2.0,0.27474402730375425,1.2446701039183437,0,1,0,0
49,176,1,18,10,14,0.89,2.0,0.27391304347826084,1.0014321881987693,1,0,1,0
19,143,4,20,7,16,0.66,3.0,0.2719186785260483,-0.004093286271321124,0,1,0,0
42,173,1,13,8,11,0.9,1.0,0.2765167148163434,1.30487744780983,1,1,0,0
38,51,2,16,7,5,0.6,2.0,0.27621483375959077,0.8371278620664165,1,1,0,0
38,55,2,13,7,11,0.71,1.0,0.2723334021043945,-0.5744368266405485,1,1,0,0
38,161,3,12,7,8,0.75,3.0,0.2733843537414966,2.1388455639125517,1,1,0,0
32,40,1,16,7,9,0.67,3.0,0.27391304347826084,-0.5440497970296725,1,1,0,0
37,107,1,17,8,11,0.78,3.0,0.2770060128550695,0.9876831814905845,1,0,1,1
32,144,3,21,5,7,0.7,1.0,0.2770060128550695,2.1388455639125517,1,1,0,0
29,73,4,15,12,11,0.69,1.0,0.265988987717069,-0.14328965929320742,0,1,0,1
38,128,1,14,7,13,0.56,2.0,0.27391304347826084,-0.5424728500237158,1,0,1,0
50,165,2,9,5,9,0.9,2.0,0.2655860349127182,0.7499830601395845,0,0,1,1
26,97,4,14,9,10,0.91,3.0,0.27391304347826084,0.9883114963132704,0,1,0,0
30,68,2,9,10,12,0.8,3.0,0.27391304347826084,-0.21138173821447712,0,1,0,0
29,72,2,18,6,9,0.6,2.0,0.27391304347826084,-0.09001225829899162,0,1,0,0
47,170,3,23,10,11,0.51,2.0,0.2641112047177759,1.381870653385816,0,1,0,0
32,137,4,16,6,7,0.75,2.0,0.2719186785260483,0.37736773048990074,0,1,0,0
45,38,1,17,4,7,0.96,2.0,0.2627646326276463,0.22117605750928612,0,0,1,0
34,85,1,19,8,11,0.88,1.0,0.2723334021043945,0.2194820714677311,1,0,1,0
29,175,1,16,12,10,0.81,2.0,0.27621483375959077,2.031394181311946,0,1,0,0
43,109,1,17,8,6,0.57,2.0,0.27391304347826084,-0.5189849635639002,0,1,0,0
29,90,3,20,10,8,0.8,2.0,0.2733843537414966,-0.0477365266510204,0,1,0,0
30,143,1,9,12,13,0.59,3.0,0.2733843537414966,0.7308440978446338,0,0,0,0
30,53,1,15,4,8,0.74,3.0,0.2733843537414966,-0.36301504875599827,1,0,1,1
45,161,2,12,10,14,0.81,2.0,0.27474402730375425,-0.36190009794319294,0,0,1,1
56,58,4,12,7,7,0.96,1.0,0.2765167148163434,1.005701033023488,1,1,0,1
22,69,2,18,2,12,0.62,1.0,0.27621483375959077,-0.24314859645556522,0,0,1,1
26,157,2,16,5,8,0.62,2.0,0.2733843537414966,0.48012800374524917,0,0,1,0
25,40,2,14,7,8,0.52,1.0,0.2770060128550695,0.2568175238236037,1,0,1,0
22,143,4,19,7,11,0.99,2.0,0.2770060128550695,0.592855074874183,0,1,0,0
36,2,2,11,3,7,0.88,2.0,0.27391304347826084,0.9040249108347347,1,1,0,1
31,24,3,21,8,11,0.59,1.0,0.2627646326276463,-0.6354018442888031,1,0,1,1
30,59,1,11,4,14,0.84,2.0,0.2723334021043945,-0.38951515039516077,0,1,0,1
41,104,3,13,8,10,0.73,1.0,0.27812113720642767,0.9099569419547983,0,1,0,0
18,105,3,12,7,4,0.55,1.0,0.2770060128550695,0.031948576743727634,0,1,0,1
48,116,2,18,2,12,0.92,2.0,0.2641112047177759,-0.6286382200210671,1,1,0,1
36,28,2,18,11,9,0.87,3.0,0.2641112047177759,-0.10332390861099304,0,1,0,0
44,86,4,18,4,15,0.62,3.0,0.27391304347826084,-0.05150641558713556,0,0,1,0
35,165,2,9,8,7,0.57,2.0,0.2723334021043945,-0.3194149280209931,0,0,1,0
32,57,2,15,8,10,0.98,2.0,0.2723334021043945,0.09055433383228922,1,1,0,0
29,101,2,15,6,9,0.63,2.0,0.26641414141414144,0.514167883256642,0,0,1,0
45,16,3,17,3,9,0.82,1.0,0.27391304347826084,-0.21249668902728241,0,1,0,0
36,70,1,16,4,11,0.88,2.0,0.2770060128550695,-0.30441545161667866,0,1,0,0
39,150,3,11,8,7,0.52,1.0,0.2723334021043945,-0.22256820603798225,0,1,0,0
26,98,2,7,10,8,0.82,1.0,0.265988987717069,-0.08358743123956659,1,0,1,1
18,137,1,15,7,14,0.62,1.0,0.2765167148163434,-0.45416381769014225,0,1,0,1
34,133,1,21,4,7,0.67,2.0,0.2627646326276463,-0.5773812823782332,1,0,1,0
34,128,4,18,7,16,0.73,3.0,0.2767747230201067,-0.5348283530143711,0,0,1,0
40,72,2,6,4,10,0.67,2.0,0.2641112047177759,0.2807489266288446,0,1,0,1
49,150,1,17,6,9,0.66,2.0,0.2767747230201067,1.1276988277616593,1,0,1,0
44,94,2,10,11,14,0.56,1.0,0.2627646326276463,-0.030427069280949126,0,0,1,1
27,73,2,17,6,8,0.97,1.0,0.2770060128550695,-0.14957896746930804,0,1,0,0
41,55,3,7,6,9,0.51,2.0,0.2733843537414966,2.1388455639125517,1,1,0,0
36,166,2,13,6,4,0.58,3.0,0.2723334021043945,-0.5259333863088969,1,0,0,0
31,60,1,9,12,11,0.62,1.0,0.265988987717069,-0.2162049784709774,1,1,0,1
28,1,3,23,8,6,0.71,3.0,0.265988987717069,0.5130344525961106,0,0,0,1
45,83,1,19,5,7,0.83,1.0,0.2641112047177759,0.2541810655480199,1,0,1,0
36,56,2,17,9,11,0.82,3.0,0.27474402730375425,0.40500126278959464,1,1,0,0
42,138,1,12,12,12,0.99,2.0,0.2765167148163434,0.4694466517595895,1,0,0,0
29,52,1,12,11,8,0.8,3.0,0.27812113720642767,-0.2557395327062505,1,1,0,0
18,10,3,12,7,14,0.65,3.0,0.2770060128550695,0.11960465445764727,0,1,0,0
30,70,2,16,8,18,0.71,3.0,0.27621483375959077,-0.2943685744029469,0,0,1,0
36,147,1,13,11,9,0.51,2.0,0.2723334021043945,1.696773418587031,1,1,0,0
55,49,3,14,8,7,0.73,2.0,0.2719186785260483,0.8237299724650269,0,1,0,1
35,32,4,20,8,9,0.99,1.0,0.2765167148163434,1.1332366221302337,1,0,0,0
18,13,3,16,8,9,0.95,3.0,0.2719186785260483,0.28020069114630497,1,1,0,0
30,169,1,19,12,4,0.82,3.0,0.2641112047177759,-0.595214335433876,1,1,0,0
25,36,4,17,6,13,0.54,2.0,0.2767747230201067,-0.45301806713112686,1,1,0,0
40,112,1,16,6,6,0.97,1.0,0.2719186785260483,-0.5440189972834624,0,1,0,0
32,52,1,13,12,16,0.89,2.0,0.27391304347826084,-0.3779960453125866,1,0,0,0
41,47,1,18,7,8,0.65,2.0,0.2765167148163434,0.11320446719519031,1,0,1,0
44,111,2,11,10,12,0.97,1.0,0.27391304347826084,-0.15491964346213788,0,0,0,0
26,142,2,16,7,8,0.59,1.0,0.2641112047177759,0.22529706355219634,0,1,0,0
46,13,3,11,7,9,0.9,3.0,0.27474402730375425,0.4796044080596776,0,1,0,0
33,2,1,10,8,11,0.52,2.0,0.27391304347826084,-0.3887882763846026,0,1,0,0
31,88,3,14,7,12,0.68,3.0,0.27474402730375425,0.5866951256321647,0,1,0,0
18,65,1,12,11,10,0.79,2.0,0.2770060128550695,-0.5234262869673953,0,1,0,0
31,126,1,18,10,7,0.66,2.0,0.27621483375959077,-0.1895323982530384,0,1,0,0
18,21,3,12,6,13,0.69,2.0,0.2723334021043945,2.1388455639125517,0,0,1,0
20,60,1,15,9,14,0.86,1.0,0.265988987717069,-0.63166891504814,1,1,0,1
37,39,3,14,9,12,0.9,1.0,0.27391304347826084,-0.3596886761653084,1,1,0,1
42,21,4,13,6,9,0.79,3.0,0.2641112047177759,2.1388455639125517,0,0,1,1
28,129,1,15,10,15,0.6,1.0,0.2627646326276463,2.0178053332840538,1,1,0,0
40,94,2,24,9,9,0.69,1.0,0.2767747230201067,1.1644922045842343,0,1,0,1
46,9,1,20,8,4,0.68,1.0,0.26641414141414144,-0.42729411909645865,0,1,0,1
30,106,3,16,9,12,0.5,1.0,0.2767747230201067,1.0228626516117507,0,0,1,0
41,121,3,15,18,4,0.99,3.0,0.2770060128550695,-0.4785880164347446,1,1,0,1
18,149,1,5,7,11,0.57,2.0,0.2770060128550695,0.5063940273132149,0,0,1,0
31,139,1,7,13,13,0.97,1.0,0.27391304347826084,0.2199194278639144,0,1,0,0
35,89,1,17,10,6,0.7,2.0,0.2719186785260483,-0.6031298702098695,0,0,1,1
40,14,3,19,9,10,0.93,1.0,0.2765167148163434,-0.4469566770769809,1,1,0,0
32,48,1,19,15,6,0.79,1.0,0.2765167148163434,-0.5821367631930713,0,0,0,0
36,16,1,16,5,6,0.93,2.0,0.2765167148163434,0.11462741547009653,1,1,0,0
44,103,3,15,9,7,0.99,2.0,0.27621483375959077,0.0005205157109505418,1,1,0,0
43,164,2,15,10,7,0.96,2.0,0.2765167148163434,-0.28474673368691444,1,1,0,0
33,155,2,17,12,12,0.65,1.0,0.2641112047177759,-0.10632996384109795,1,0,1,0
38,137,3,11,7,19,0.82,2.0,0.2767747230201067,1.7820209561473213,1,0,1,0
27,138,1,14,11,16,0.93,2.0,0.2733843537414966,-0.432462316510512,0,0,1,0
59,176,2,17,11,10,0.9,2.0,0.27391304347826084,-0.40951034563475197,1,1,0,0
37,173,1,19,13,7,0.62,2.0,0.2767747230201067,-0.5898490196440781,0,1,0,1
40,174,3,16,11,12,0.6,2.0,0.26641414141414144,-0.4721508694768355,1,0,1,0
22,139,2,17,9,10,0.93,3.0,0.2641112047177759,0.46597244038709124,0,0,1,0
33,178,2,7,3,11,0.57,1.0,0.2719186785260483,-0.5109955093970026,0,0,1,0
33,3,3,18,8,16,0.51,2.0,0.265988987717069,0.5515341353587246,1,0,1,0
43,161,3,23,3,15,0.66,2.0,0.2765167148163434,-0.548614319418008,1,1,0,0
40,150,1,16,12,12,0.94,2.0,0.27391304347826084,0.9346583384152914,1,0,1,0
33,140,1,11,7,9,0.68,2.0,0.27474402730375425,1.6178767886952612,1,1,0,0
40,117,1,21,8,18,0.89,3.0,0.2767747230201067,0.7993735331620867,0,0,1,1
39,142,2,20,4,15,0.97,2.0,0.2767747230201067,-0.5230197303174222,0,1,0,1
45,152,3,9,9,10,0.93,1.0,0.265988987717069,0.15228318518655407,0,0,1,1
46,3,3,13,4,11,0.95,1.0,0.27391304347826084,-0.36473367459452133,0,0,1,0
40,110,3,16,7,10,0.52,1.0,0.2770060128550695,0.8335735713537721,1,1,0,0
23,84,3,21,5,7,0.62,1.0,0.27391304347826084,-0.24426970721761251,1,1,0,1
32,100,1,11,5,13,0.67,1.0,0.2723334021043945,-0.05845483833213214,1,0,1,0
31,98,2,13,11,9,0.91,3.0,0.2765167148163434,0.9475880718742877,0,0,0,0
50,71,1,14,7,8,0.72,3.0,0.2770060128550695,-0.4955833163934729,0,1,0,0
33,23,1,16,15,14,0.58,2.0,0.27474402730375425,0.644130492364743,1,1,0,0
28,176,3,20,8,12,0.96,2.0,0.2719186785260483,-0.514506680464953,1,0,1,1
55,45,3,16,7,8,0.55,1.0,0.2733843537414966,-0.4379816310313603,0,0,1,1
51,11,2,18,7,8,0.71,2.0,0.2723334021043945,-0.4339345443793543,1,1,0,0
40,112,4,22,8,8,0.8,2.0,0.2765167148163434,0.19517491175872712,1,1,0,0
24,152,2,15,6,6,0.56,2.0,0.2770060128550695,-0.4513487208865399,1,1,0,0
41,15,1,19,5,12,0.61,3.0,0.2655860349127182,0.1204239277068357,1,0,1,0
29,122,1,15,6,15,0.85,1.0,0.2767747230201067,-0.5907976518273489,1,0,1,0
34,160,3,16,5,8,0.68,2.0,0.2767747230201067,0.7937802992503342,0,1,0,0
27,71,2,11,9,8,0.68,2.0,0.2765167148163434,1.6001977343706688,1,1,0,0
18,56,1,14,11,7,0.84,1.0,0.2770060128550695,1.5501173470330605,0,1,0,0
21,48,1,12,8,12,0.71,3.0,0.2765167148163434,0.2031397261286567,0,0,1,1
43,100,1,12,7,12,0.58,3.0,0.2767747230201067,-0.5839847479656768,1,1,0,1
22,2,1,14,7,14,0.97,2.0,0.2770060128550695,-0.024371839176045188,0,0,0,0
29,50,4,5,8,7,0.51,2.0,0.2719186785260483,-0.07104577458281744,1,1,0,0
41,146,3,21,8,9,0.84,2.0,0.2733843537414966,-0.24362291254720062,0,0,1,0
32,72,3,15,8,11,0.68,1.0,0.2641112047177759,1.482394865066312,0,0,1,1
25,65,2,15,8,8,0.88,3.0,0.2723334021043945,0.15108199508436052,0,1,0,0
41,137,1,10,8,11,0.59,1.0,0.2767747230201067,0.011860982265506132,1,1,0,0
49,27,1,10,7,7,0.63,1.0,0.2723334021043945,-0.3552350328633292,0,1,0,1
34,48,1,19,5,5,0.82,1.0,0.2770060128550695,0.4878895397901921,0,1,0,0
45,66,2,11,8,9,0.61,2.0,0.2767747230201067,1.1633710938221868,1,0,1,1
31,169,2,13,6,11,0.99,2.0,0.2767747230201067,-0.3153986411151972,0,0,1,0
44,137,2,20,8,11,0.99,2.0,0.2733843537414966,-0.36429015824909605,1,0,0,1
36,170,1,16,10,10,0.58,2.0,0.265988987717069,-0.5775106413123156,1,0,1,1
30,35,1,12,1,14,0.51,2.0,0.2770060128550695,1.9508959646172515,0,0,1,1
36,6,1,20,5,8,0.76,2.0,0.2655860349127182,0.05685941147844942,0,1,0,1
37,167,3,15,6,8,0.62,2.0,0.2765167148163434,0.4595660931753922,1,1,0,0
52,140,1,11,5,10,0.73,1.0,0.2770060128550695,-0.2110429410061661,0,1,0,0
45,49,1,7,6,9,0.87,1.0,0.2719186785260483,-0.38506150709318154,1,1,0,1
31,112,2,20,12,9,0.98,1.0,0.2719186785260483,-0.5409082229162432,1,0,1,1
35,108,3,12,6,8,0.75,2.0,0.2723334021043945,-0.44845970469203333,0,0,1,0
43,93,2,10,5,10,0.94,2.0,0.2723334021043945,0.15304701889256433,0,1,0,0
20,157,2,16,10,12,0.77,2.0,0.27474402730375425,-0.5660900954176138,0,1,0,1
37,79,1,17,6,9,0.62,2.0,0.27812113720642767,0.6529022600853769,1,0,0,0
47,145,1,20,10,5,0.72,2.0,0.2719186785260483,1.601281885437264,0,1,0,0
41,153,2,13,8,9,0.84,2.0,0.2627646326276463,0.6383955796204239,0,1,0,0
43,12,1,12,9,12,0.56,2.0,0.2767747230201067,-0.4122946426921442,1,0,1,1
39,5,2,18,10,10,0.65,1.0,0.2733843537414966,-0.602304437011439,1,1,0,1
44,23,1,15,9,11,0.58,1.0,0.2765167148163434,-0.49883576959325854,0,0,1,0
60,29,2,8,4,13,0.77,2.0,0.2733843537414966,-0.11199095719451271,1,1,0,1
36,130,4,6,8,12,0.72,1.0,0.27621483375959077,2.1388455639125517,1,1,0,0
44,54,4,12,7,13,0.75,2.0,0.265988987717069,-0.33524599757298,1,1,0,1
47,41,4,13,9,13,0.8,3.0,0.2765167148163434,-0.27798310941917836,1,1,0,1
22,22,2,14,1,5,0.68,1.0,0.2723334021043945,0.07651580950972964,1,1,0,1
31,43,2,18,9,9,0.5,1.0,0.27391304347826084,0.4629663851569863,0,0,1,0
27,21,1,19,11,10,0.79,2.0,0.2770060128550695,1.7183948404265148,1,0,1,1
27,148,2,15,8,12,0.76,2.0,0.27391304347826084,1.8947726670732232,0,1,0,1
29,83,1,14,4,14,0.79,3.0,0.2770060128550695,0.15929936737321285,1,1,0,1
29,117,1,15,15,9,0.61,3.0,0.27391304347826084,-0.09740419738941351,1,0,0,0
44,32,3,20,3,9,0.54,3.0,0.2770060128550695,0.6224474710328387,0,0,1,0
42,100,3,20,9,8,0.84,3.0,0.27391304347826084,-0.616490800115807,0,0,0,0
34,23,4,22,2,16,0.71,1.0,0.27391304347826084,2.1388455639125517,1,1,0,1
35,134,1,10,4,13,0.6,3.0,0.2719186785260483,-0.5140570041702857,1,1,0,0
54,1,4,17,8,13,0.86,3.0,0.27391304347826084,-0.6008198892441127,1,1,0,0
22,126,3,9,5,13,0.9,2.0,0.26641414141414144,-0.6144025773227628,0,0,1,0
37,159,1,20,6,9,0.91,1.0,0.27474402730375425,0.13110527969249533,1,0,1,0
42,171,2,11,9,12,0.58,1.0,0.2767747230201067,-0.6215727582404721,1,0,1,0
38,179,3,20,5,11,0.69,3.0,0.2719186785260483,-0.3897061088216633,1,1,0,0
31,123,2,10,6,7,0.52,3.0,0.2770060128550695,-0.6241599369221198,0,1,0,0
40,33,2,20,13,14,0.99,1.0,0.2723334021043945,-0.07949106499362445,0,1,0,1
33,39,2,15,6,6,0.66,2.0,0.265988987717069,-0.4325731955968683,1,0,1,0
29,137,1,17,6,12,0.56,1.0,0.2765167148163434,-0.34710389986386514,1,0,1,1
37,86,1,12,9,7,0.69,2.0,0.27391304347826084,-0.273788183985364,1,1,0,1
35,152,3,13,8,10,0.74,2.0,0.27474402730375425,-0.583393392838443,0,1,0,0
47,106,1,13,13,15,0.5,3.0,0.2765167148163434,0.8874238476274956,0,0,1,0
44,46,1,23,9,9,0.77,2.0,0.2723334021043945,-0.3964266134447052,1,0,1,0
43,171,1,21,9,15,0.95,1.0,0.2767747230201067,-0.3163103136030159,0,1,0,0
28,143,3,15,7,11,0.87,2.0,0.27474402730375425,1.7821010354874676,0,0,1,0
44,153,1,8,11,16,0.77,2.0,0.2733843537414966,1.3515945028612963,1,1,0,0
36,154,2,11,13,13,0.81,3.0,0.2641112047177759,-0.623235944535817,0,0,0,0
43,3,2,12,7,10,0.63,2.0,0.26641414141414144,0.10751883404480747,1,0,1,1
39,130,2,15,4,8,0.83,2.0,0.2719186785260483,-0.3200740425898891,0,0,1,0
31,85,1,11,9,10,0.87,2.0,0.2765167148163434,-0.5644145892237848,0,0,1,1
37,9,3,12,5,11,0.85,3.0,0.2719186785260483,0.4619253537350852,0,0,0,0
30,108,1,17,14,10,0.76,2.0,0.26641414141414144,2.1388455639125517,1,1,0,0
32,50,1,18,8,18,0.79,1.0,0.2770060128550695,-0.08017481935948848,0,1,0,0
52,116,4,15,8,7,0.98,2.0,0.2723334021043945,2.1388455639125517,1,1,0,0
30,139,2,9,7,11,0.64,1.0,0.26641414141414144,0.14377013533408484,1,0,1,0
47,134,1,17,6,11,0.87,2.0,0.2719186785260483,-0.4653564454628894,0,1,0,0
35,24,1,19,9,10,0.94,2.0,0.2765167148163434,-0.003563530636507555,0,1,0,0
38,143,1,13,7,7,0.92,3.0,0.2765167148163434,-0.3947695870986023,1,1,0,0
34,52,1,23,12,10,0.64,1.0,0.2770060128550695,2.1388455639125517,1,0,1,0
47,118,2,9,9,11,0.68,3.0,0.2765167148163434,-0.005029598556107897,0,1,0,0
38,71,1,9,11,5,0.61,1.0,0.2765167148163434,-0.39999322405583376,0,1,0,1
33,137,3,25,9,14,0.76,1.0,0.27474402730375425,1.5147530784346337,0,1,0,1
44,13,1,11,11,11,0.79,2.0,0.2770060128550695,0.7487818700373909,1,1,0,0
44,55,1,12,8,10,0.99,2.0,0.2770060128550695,-0.3689778796222719,0,1,0,0
40,134,2,21,4,6,0.58,3.0,0.2765167148163434,-0.614113059708388,0,0,1,0
50,70,1,11,6,11,0.77,3.0,0.2767747230201067,0.0037668089614941573,1,1,0,0
31,174,1,22,8,8,0.94,2.0,0.27812113720642767,-0.5973087181761623,1,1,0,0
33,162,2,14,8,6,0.52,3.0,0.2719186785260483,-0.09325239160029321,0,0,1,0
31,20,2,15,6,13,0.73,2.0,0.27391304347826084,2.1388455639125517,0,0,1,0
35,29,4,16,5,13,0.83,1.0,0.2655860349127182,-0.6206302860064433,1,1,0,0
33,125,2,19,6,11,0.5,3.0,0.2765167148163434,0.4626645476441274,0,1,0,0
18,151,1,19,10,9,0.81,2.0,0.2765167148163434,-0.308585737253525,1,0,1,0
36,149,1,14,4,6,0.91,2.0,0.2767747230201067,-0.40963354461959234,0,1,0,0
33,146,1,11,6,11,0.98,3.0,0.2641112047177759,-0.34748581671687023,0,0,0,1
63,137,4,9,9,15,0.9,2.0,0.2770060128550695,2.1125946322202305,0,1,0,0
24,7,2,19,7,10,0.69,1.0,0.27391304347826084,1.7538022286696358,0,0,1,1
43,59,3,19,6,16,0.66,1.0,0.265988987717069,-0.26619296656995545,1,0,1,0
41,161,1,17,9,3,0.57,2.0,0.2767747230201067,-0.6354018442888031,1,0,1,1
35,93,1,13,11,17,0.52,2.0,0.2723334021043945,-0.6354018442888031,1,0,1,0
39,26,1,14,9,14,0.74,3.0,0.265988987717069,-0.5673282452152594,0,1,0,1
44,149,3,15,8,8,0.99,3.0,0.2627646326276463,-0.24290835843512648,0,0,1,0
33,97,4,15,8,15,0.66,1.0,0.27621483375959077,-0.21690105273532545,0,0,1,0
29,167,2,10,10,4,0.93,1.0,0.2767747230201067,1.1132907064845785,0,1,0,0
18,9,1,16,14,5,0.93,2.0,0.2770060128550695,0.7682226698452005,1,1,0,1
33,151,1,26,6,8,0.53,3.0,0.2770060128550695,-0.4140748680230875,1,1,0,1
35,96,1,19,5,6,0.59,1.0,0.265988987717069,-0.24975822199225078,0,0,1,0
49,52,1,17,12,9,0.8,2.0,0.2767747230201067,-0.15304701889256433,1,1,0,1
40,58,3,16,10,10,0.88,3.0,0.2733843537414966,-0.09924602221277697,0,1,0,0
44,134,3,15,8,12,0.72,2.0,0.265988987717069,1.5302022311336154,0,0,1,0
24,28,1,20,9,9,0.6,1.0,0.2770060128550695,0.45579004429003506,1,0,0,0
40,137,1,19,7,14,0.62,3.0,0.2723334021043945,1.541474938246509,0,1,0,0
38,52,4,23,8,6,0.84,2.0,0.2765167148163434,-0.43610900646178674,1,0,1,0
52,12,2,17,7,8,0.85,3.0,0.2641112047177759,0.43667572179205244,1,1,0,0
22,158,1,23,7,9,0.68,2.0,0.2723334021043945,-0.595202015535392,1,1,0,0
35,121,1,20,7,11,0.91,1.0,0.2767747230201067,-0.5579959221136018,1,1,0,1
34,139,2,17,6,10,0.84,2.0,0.27621483375959077,0.1089479422689557,1,1,0,1
55,62,1,15,11,3,0.92,2.0,0.2723334021043945,0.10265863409285507,0,1,0,0
18,32,1,11,7,12,0.73,1.0,0.27474402730375425,0.24062917721557975,1,0,1,1
47,156,4,12,11,17,0.75,3.0,0.27391304347826084,-0.2918553151122035,1,1,0,0
28,110,1,13,8,10,0.69,1.0,0.2765167148163434,-0.28600336333228615,1,1,0,0
36,34,3,16,12,10,0.53,2.0,0.2723334021043945,-0.24845847270218493,1,1,0,0
46,92,3,14,10,8,0.95,2.0,0.2767747230201067,0.028141728112160355,0,0,1,0
50,169,2,16,12,10,0.82,1.0,0.2723334021043945,-0.29837254141025876,1,0,1,0
50,167,2,20,10,13,0.99,3.0,0.2641112047177759,-0.4671058710476226,1,1,0,0
53,125,1,16,7,3,0.78,2.0,0.2765167148163434,-0.010739871503458811,0,0,1,0
18,178,4,18,8,7,1.0,3.0,0.2627646326276463,0.5096033608683065,0,1,0,1
29,84,2,16,5,9,0.83,3.0,0.27391304347826084,-0.08806571433851385,0,1,0,0
41,33,2,8,10,8,0.9,2.0,0.265988987717069,-0.14519308360899105,1,1,0,0
30,178,2,14,9,12,0.54,2.0,0.2767747230201067,1.430780650367441,1,0,1,0
35,173,3,15,6,12,0.52,2.0,0.2765167148163434,-0.2289375935542291,0,0,1,0
39,6,2,15,10,17,0.52,2.0,0.2767747230201067,-0.5306272676313147,0,1,0,0
34,57,1,13,14,8,0.57,2.0,0.2765167148163434,2.1388455639125517,1,0,1,0
45,136,2,18,5,9,0.99,2.0,0.27474402730375425,-0.39595845730231183,1,0,1,1
25,102,1,18,4,6,0.82,1.0,0.2767747230201067,-0.6139775408250636,1,0,1,0
34,15,3,13,19,9,0.99,2.0,0.2767747230201067,-0.11758419110626528,0,0,0,0
46,74,2,21,11,8,0.67,3.0,0.265988987717069,-0.003329452565310862,0,0,1,1
18,37,1,27,11,12,0.7,2.0,0.2765167148163434,-0.6018054811228355,0,0,1,1
43,156,3,23,7,12,0.88,2.0,0.2765167148163434,-0.18829424845539272,0,1,0,0
34,33,1,5,11,4,0.87,3.0,0.2733843537414966,0.2920709133356741,0,0,1,0
22,128,2,9,8,4,0.85,1.0,0.265988987717069,-0.2265660130960521,1,0,1,1
28,41,2,19,6,4,0.8,1.0,0.2733843537414966,-0.013573448154787204,0,0,0,0
37,58,3,10,5,12,0.95,2.0,0.2767747230201067,-0.3691318783533224,1,1,0,1
51,117,1,10,7,15,0.94,2.0,0.2765167148163434,-0.6093267791473398,0,1,0,1
37,120,2,8,14,11,0.54,1.0,0.2770060128550695,1.0257701476539833,1,1,0,0
30,78,1,12,8,15,0.78,3.0,0.265988987717069,0.6551136818632615,1,0,1,0
32,53,4,11,8,12,0.66,2.0,0.2765167148163434,0.06117137594786219,0,1,0,1
40,18,2,11,6,11,0.54,3.0,0.27391304347826084,-0.6302459667732337,1,0,1,1
36,39,1,14,4,12,0.65,2.0,0.2719186785260483,-0.48179119004059406,1,0,1,0
41,126,1,17,7,6,0.86,2.0,0.265988987717069,0.10039793272103438,0,1,0,0
36,65,1,15,6,9,0.98,1.0,0.27391304347826084,-0.22232796801754354,1,0,1,1
35,52,4,16,11,15,0.84,1.0,0.27812113720642767,-0.6341883342881255,0,0,1,0
23,36,3,14,15,13,0.68,2.0,0.27812113720642767,1.5355429071264453,1,0,0,0
23,95,3,14,8,15,0.71,2.0,0.27391304347826084,1.0596067488403895,1,0,1,0
25,93,4,16,7,11,0.61,1.0,0.2733843537414966,0.9421857963890378,1,1,0,1
35,28,1,13,10,7,0.74,2.0,0.2765167148163434,0.48333117735109865,1,1,0,1
34,41,1,11,8,12,0.63,1.0,0.2770060128550695,2.1388455639125517,0,0,1,0
56,112,2,13,12,9,0.59,2.0,0.2719186785260483,1.0337965615163331,0,0,0,0
47,61,2,18,5,8,0.95,1.0,0.2733843537414966,1.4758653188697726,0,0,1,0
47,50,3,17,4,11,0.59,2.0,0.2723334021043945,-0.13667387380727983,0,0,1,1
42,167,1,13,11,10,0.88,3.0,0.2733843537414966,0.2618132426588805,0,1,0,0
32,166,2,16,9,8,0.69,2.0,0.2770060128550695,-0.2038173205452787,0,1,0,0
39,19,3,18,9,6,0.93,2.0,0.2770060128550695,0.09309223292000074,1,0,1,1
34,85,3,21,5,9,0.7,2.0,0.265988987717069,-0.6034994671643905,0,0,1,0
26,50,1,13,11,9,0.99,1.0,0.27391304347826084,0.1261588404511547,0,1,0,0
38,149,1,12,4,12,0.69,1.0,0.2770060128550695,0.6326298671298949,1,0,1,1
27,165,1,8,13,9,0.75,1.0,0.2770060128550695,0.8445321210553225,0,0,1,0
59,61,2,19,6,6,0.86,1.0,0.27391304347826084,-0.44515181194906955,0,0,0,0
32,172,2,7,11,10,0.84,1.0,0.2767747230201067,-0.3748729510468834,1,1,0,0
35,132,2,9,6,8,0.71,3.0,0.265988987717069,1.3145793678660087,0,0,1,0
23,98,4,21,5,11,0.72,2.0,0.2733843537414966,-0.5858635324844923,0,0,1,0
22,131,1,8,8,10,0.64,1.0,0.2719186785260483,-0.3824312087668398,1,1,0,0
42,55,3,12,10,17,0.53,1.0,0.2770060128550695,-0.002953695661547749,1,0,0,0
40,156,1,19,5,8,0.66,1.0,0.2627646326276463,-0.4178940365531388,0,1,0,0
48,40,3,13,11,6,0.93,2.0,0.2765167148163434,2.1388455639125517,1,1,0,0
27,68,2,8,6,9,0.87,2.0,0.27474402730375425,-0.23946494680883829,0,0,0,1
30,87,1,22,6,11,0.72,2.0,0.27391304347826084,0.054487831020272395,1,0,1,0
58,115,3,21,7,7,0.56,2.0,0.27391304347826084,-0.5437664393645396,1,0,1,1
43,51,1,15,8,7,0.68,2.0,0.27391304347826084,2.1388455639125517,0,1,0,0
35,44,3,13,8,7,0.87,2.0,0.2723334021043945,-0.3809158612533033,0,1,0,1
31,162,3,8,10,11,0.83,2.0,0.2723334021043945,0.39375319547366927,1,1,0,1
30,96,1,21,13,15,0.61,1.0,0.27621483375959077,-0.5919434023863643,0,0,0,1
43,109,2,12,10,10,0.53,2.0,0.2723334021043945,0.3942644712607568,1,1,0,0
33,128,3,15,5,9,0.52,1.0,0.265988987717069,-0.5110755887371488,0,1,0,0
33,12,4,18,6,5,0.52,2.0,0.2770060128550695,1.4733027799850928,1,1,0,0
24,79,1,4,10,10,0.65,2.0,0.27391304347826084,0.512523176809023,1,1,0,0
39,136,3,15,7,14,0.9,1.0,0.27391304347826084,-0.6101891720412224,1,1,0,1
28,148,3,18,4,8,0.98,3.0,0.2770060128550695,-0.2833915448536704,1,0,1,0
34,78,1,10,5,6,0.78,2.0,0.2723334021043945,-0.2697472572826,0,0,1,1
27,103,2,13,6,10,0.87,2.0,0.27474402730375425,1.5531665219078594,0,1,0,0
31,65,1,16,9,17,0.85,1.0,0.2765167148163434,-0.5233462076272491,0,0,1,0
27,118,2,15,13,7,0.66,1.0,0.2733843537414966,-0.10946537800528523,1,0,1,0
44,150,3,12,5,4,0.85,3.0,0.2719186785260483,0.4388255440775168,1,1,0,0
43,99,1,17,4,14,0.78,2.0,0.27474402730375425,-0.5089504062486525,1,0,1,0
44,42,1,14,7,15,0.94,2.0,0.2770060128550695,0.6035610666568108,0,0,1,1
32,67,1,13,8,12,0.96,2.0,0.2733843537414966,2.1388455639125517,1,1,0,0
29,88,3,16,15,9,0.96,2.0,0.2641112047177759,0.3044955309568249,0,0,1,0
18,60,1,7,4,14,0.74,2.0,0.2765167148163434,0.033279125780003575,1,0,1,0
42,140,1,14,11,15,0.67,1.0,0.2767747230201067,0.7930965448844701,0,0,0,0
26,64,3,11,2,12,0.96,3.0,0.2733843537414966,-0.027981569431867883,1,0,1,0
52,126,1,9,11,7,0.76,1.0,0.2765167148163434,2.1388455639125517,1,1,0,0
33,180,2,18,9,7,0.67,3.0,0.265988987717069,-0.4161384510191636,1,0,1,1
36,144,1,20,7,11,0.7,1.0,0.2723334021043945,-0.2706958894658708,1,0,1,0
45,54,3,17,1,9,0.97,1.0,0.2767747230201067,-0.521584462144032,1,1,0,0
28,100,1,19,9,8,0.84,1.0,0.2733843537414966,0.22798280142171629,0,1,0,0
39,52,2,15,7,5,0.83,1.0,0.2719186785260483,2.129670011519105,0,1,0,0
47,120,3,16,8,6,0.82,2.0,0.2765167148163434,-0.3505781112363634,0,0,0,0
37,59,3,15,18,8,0.8,1.0,0.2641112047177759,1.304532490652277,1,0,0,1
53,174,4,14,12,15,0.62,2.0,0.2641112047177759,0.20082974516289986,0,0,0,0
31,64,3,13,3,8,0.85,3.0,0.2767747230201067,-0.21427691435822568,1,0,1,0
43,131,1,10,5,7,0.83,2.0,0.27391304347826084,-0.34197266214526395,1,0,1,0
42,138,1,18,6,8,0.84,3.0,0.2767747230201067,1.7708652880700264,1,1,0,0
37,123,3,16,13,8,1.0,3.0,0.2655860349127182,-0.008842607136917192,0,1,0,0
48,97,3,14,9,5,0.54,2.0,0.2767747230201067,1.0853553366720259,1,1,0,1
34,58,3,8,5,8,0.84,1.0,0.2767747230201067,-0.38788276384602594,1,0,1,0
36,19,1,19,8,7,0.94,2.0,0.27391304347826084,-0.6051749733582196,0,0,1,0
42,111,1,16,8,14,1.0,1.0,0.2641112047177759,1.285633766377765,1,0,1,0
26,172,3,11,14,9,0.65,2.0,0.2770060128550695,-0.390605461410998,1,1,0,0
22,61,3,14,9,10,0.8,1.0,0.2767747230201067,-0.4606071245972933,1,0,1,0
25,51,1,14,9,11,0.67,2.0,0.2723334021043945,-0.5066650650798638,0,1,0,1
30,141,3,16,13,11,0.9,1.0,0.2765167148163434,-0.3525061753491151,0,1,0,0
44,130,1,20,12,11,0.85,2.0,0.2719186785260483,-0.29599480100283976,1,0,0,0
39,70,1,20,9,7,0.92,3.0,0.2719186785260483,-0.4860477149668287,0,0,1,0
36,16,2,16,10,5,0.54,1.0,0.26641414141414144,2.1388455639125517,1,1,0,0
43,50,1,19,8,13,0.78,1.0,0.27812113720642767,-0.23934174782399792,1,0,1,1
46,98,1,16,10,10,0.61,1.0,0.2733843537414966,1.8333025335871231,0,1,0,0
19,138,2,14,7,14,0.57,2.0,0.26641414141414144,0.3363671083350273,0,0,0,1
34,129,1,15,7,10,0.62,3.0,0.2627646326276463,-0.24562489605085655,1,0,1,0
33,42,2,13,8,5,1.0,2.0,0.27391304347826084,1.3486130874281597,0,1,0,1
48,134,1,18,5,12,0.76,1.0,0.2770060128550695,1.4275220372184134,0,1,0,1
31,178,3,12,2,7,0.8,1.0,0.2719186785260483,0.27641848231170574,0,0,1,0
46,13,2,19,6,17,0.63,1.0,0.2641112047177759,0.48614011420545894,1,0,0,0
43,26,1,23,10,13,0.53,3.0,0.265988987717069,-0.23667448980220404,1,1,0,0
34,106,1,12,8,9,0.83,2.0,0.265988987717069,-0.4161692507653737,1,0,1,0
38,62,4,14,3,9,0.64,2.0,0.2767747230201067,-0.1836003671329748,0,0,1,0
18,55,2,16,9,14,0.66,2.0,0.2719186785260483,0.8457702708529682,0,1,0,0
21,73,2,9,4,7,0.98,3.0,0.265988987717069,-0.5539365155631117,0,0,0,0
18,4,1,16,9,6,0.58,3.0,0.27391304347826084,-0.6044172996014513,0,0,0,0
46,157,2,15,7,17,0.99,2.0,0.2765167148163434,0.1828180535792385,1,1,0,0
43,136,3,17,7,11,0.78,1.0,0.27391304347826084,-0.21818848212690728,1,0,1,0
42,175,4,17,9,8,0.6,1.0,0.27391304347826084,0.4648205298788338,1,0,0,0
33,157,2,7,6,16,0.6,2.0,0.2733843537414966,0.41669284645094523,0,1,0,0
40,5,1,14,9,10,0.51,2.0,0.2641112047177759,-0.4811320754716981,1,1,0,0
41,106,4,9,8,12,0.94,2.0,0.2770060128550695,0.33981667991055753,1,1,0,0
48,105,3,13,9,14,0.91,1.0,0.27474402730375425,0.013031372621489599,0,1,0,0
39,104,2,16,16,14,0.55,2.0,0.2723334021043945,0.7027177696055784,0,0,0,1
22,165,2,20,6,9,0.5,1.0,0.27391304347826084,-0.07909066829289327,1,1,0,0
18,34,1,15,5,8,0.83,3.0,0.265988987717069,-0.5173217772685553,1,0,0,0
20,177,1,20,9,7,0.73,1.0,0.2733843537414966,0.4196188223409039,1,1,0,0
18,129,2,12,7,9,0.54,2.0,0.2641112047177759,-0.5979863125927842,1,0,1,0
26,44,2,24,9,15,0.54,2.0,0.2723334021043945,0.29191691460462366,0,1,0,0
22,166,2,17,4,20,0.9,2.0,0.2641112047177759,0.3783656422671077,0,1,0,0
53,7,2,18,12,11,0.61,3.0,0.2641112047177759,-0.6178952685429872,0,0,0,1
43,11,2,13,16,8,0.92,2.0,0.27391304347826084,0.11092528597564356,1,0,1,0
33,38,4,16,6,11,0.74,3.0,0.2770060128550695,0.46982856861259464,0,1,0,1
31,142,1,17,8,9,0.78,1.0,0.27391304347826084,0.31521384263793667,0,1,0,0
50,110,1,13,10,8,0.68,3.0,0.27391304347826084,-0.5862947289314336,0,1,0,1
27,137,2,23,1,8,0.93,2.0,0.27474402730375425,-0.39563813994172686,0,1,0,0
34,138,2,20,7,9,0.94,2.0,0.2767747230201067,0.1673504210325307,0,1,0,0
35,74,1,15,6,14,0.91,2.0,0.2723334021043945,1.1518704685873389,1,1,0,0
34,154,4,19,4,13,0.6,1.0,0.2765167148163434,0.2737450643406698,0,1,0,1
57,130,4,23,5,5,0.61,2.0,0.265988987717069,-0.05186369264317262,0,0,1,0
45,59,2,14,13,8,0.82,2.0,0.2655860349127182,1.3649061531732978,0,0,1,0
41,168,1,13,6,5,0.54,3.0,0.2723334021043945,-0.4050505423835308,0,0,1,0
50,155,3,19,6,7,0.64,2.0,0.2723334021043945,-0.4890660900954176,1,0,1,0
43,120,2,17,5,6,0.76,3.0,0.27621483375959077,0.3293447661991265,1,1,0,0
18,35,1,12,10,12,0.67,2.0,0.2767747230201067,-0.5457930626651636,1,0,1,0
28,166,1,24,8,12,0.6,3.0,0.265988987717069,-0.15407573041598138,0,0,1,0
18,37,3,16,6,13,0.74,2.0,0.2767747230201067,0.7895853738165197,1,0,1,0
31,36,3,19,9,8,0.77,2.0,0.2770060128550695,1.2868719161754107,1,0,1,1
36,81,1,19,5,13,0.81,2.0,0.2770060128550695,1.857486494311287,1,1,0,0
48,88,1,13,10,7,0.6,1.0,0.27474402730375425,0.32867949168098853,0,1,0,0
30,113,1,17,10,9,0.87,2.0,0.2723334021043945,0.9327549140995078,0,1,0,0
31,23,1,16,8,10,0.83,1.0,0.27391304347826084,1.5889188673085333,0,0,1,1
19,80,2,16,11,9,0.68,2.0,0.2719186785260483,-0.6354018442888031,0,1,0,0
35,165,2,17,8,14,0.55,2.0,0.27812113720642767,-0.3512926653484375,1,1,0,0
29,179,2,11,10,12,0.9,3.0,0.2767747230201067,0.15403877072052927,0,0,1,0
31,165,3,15,6,11,0.88,3.0,0.2765167148163434,0.6758419110626528,0,0,0,1
33,32,1,24,6,9,0.54,1.0,0.2765167148163434,1.1463326742187645,0,0,1,0
28,39,3,15,16,5,0.86,1.0,0.2770060128550695,0.5828081976604513,1,1,0,0
29,173,1,15,9,12,0.56,3.0,0.2770060128550695,0.28181459784771373,0,0,1,0
36,169,2,12,12,6,0.66,3.0,0.2767747230201067,0.30056548334041727,1,0,1,0
38,53,2,18,9,7,0.79,3.0,0.2733843537414966,0.4271709201116183,0,0,1,1
18,86,1,13,8,7,0.71,3.0,0.27391304347826084,-0.20576386450575648,1,0,1,0
21,166,3,14,3,14,0.76,3.0,0.27391304347826084,-0.5547249890660901,1,1,0,0
35,97,1,9,7,8,0.68,2.0,0.27474402730375425,-0.15331805665921314,0,1,0,0
44,78,1,14,10,11,0.72,1.0,0.2733843537414966,1.4730563820154121,1,0,0,0
37,91,2,17,7,12,0.9,1.0,0.2719186785260483,1.2962473589217625,0,0,0,0
29,109,2,16,3,7,0.98,2.0,0.265988987717069,-0.030778186387744166,0,0,1,1
33,64,1,12,14,6,0.52,2.0,0.2641112047177759,-0.4123562421845644,1,0,1,1
23,54,4,10,11,14,0.77,1.0,0.2770060128550695,-0.08002698057768004,1,0,0,0
45,108,1,15,9,13,0.91,2.0,0.2770060128550695,0.4531289462174832,0,0,1,0
28,74,1,13,15,12,0.84,3.0,0.26641414141414144,1.5629916409488787,0,0,1,0
41,95,3,12,7,9,0.82,3.0,0.2770060128550695,-0.5357585053499159,0,1,0,0
34,164,2,20,10,8,0.84,2.0,0.27474402730375425,-0.5327093304751169,1,1,0,0
33,121,2,20,15,12,0.66,3.0,0.2723334021043945,-0.34188642285587567,0,1,0,0
41,108,1,17,10,18,0.61,3.0,0.2770060128550695,0.4490510598192671,1,1,0,0
60,9,2,11,6,8,0.56,2.0,0.2723334021043945,-0.32210066589051306,0,1,0,0
35,97,3,18,4,11,0.53,2.0,0.2765167148163434,-0.424380463104984,1,0,1,0
27,121,1,15,4,12,1.0,3.0,0.26641414141414144,-0.6328208255563974,0,0,1,0
45,49,1,13,4,8,0.7,3.0,0.27812113720642767,-0.3049944868454284,1,0,1,0
32,114,1,12,5,9,0.71,3.0,0.2770060128550695,2.1388455639125517,0,1,0,0
26,124,1,21,12,2,0.64,3.0,0.2723334021043945,-0.4820807076549689,1,1,0,0
39,144,3,16,10,8,0.55,1.0,0.2641112047177759,-0.36712373490042444,0,0,0,0
21,11,1,21,6,12,0.8,2.0,0.2733843537414966,-0.04869747873277524,0,0,1,0
23,145,2,17,8,9,0.59,2.0,0.2733843537414966,0.0027935369812552746,0,0,0,0
40,25,3,17,8,9,0.76,2.0,0.2641112047177759,0.08174560641620313,1,1,0,0
49,11,3,12,3,9,0.55,1.0,0.2765167148163434,0.7831913465033048,1,0,0,0
44,51,1,12,4,11,0.57,2.0,0.2641112047177759,1.1891504814000333,1,0,0,1
43,121,1,13,6,12,0.63,3.0,0.2767747230201067,-0.3982684382680687,1,0,1,0
19,75,2,21,6,8,0.83,2.0,0.2627646326276463,0.14896297254510624,0,0,1,0
40,47,1,16,4,14,0.66,1.0,0.2655860349127182,-0.6106634881328578,0,1,0,1
28,125,1,11,5,9,0.53,1.0,0.265988987717069,2.1388455639125517,1,1,0,0
36,76,1,16,6,7,0.93,2.0,0.2641112047177759,2.1388455639125517,1,0,1,0
48,143,2,15,12,11,0.59,2.0,0.2767747230201067,-0.056865571427691435,0,1,0,0
20,149,3,14,11,8,0.84,1.0,0.2770060128550695,-0.40631949192738653,0,0,1,0
44,29,1,14,10,5,0.71,2.0,0.27474402730375425,-0.449020260073057,1,0,1,0
18,102,4,15,7,9,0.92,2.0,0.2641112047177759,0.39747996476509034,1,0,0,0
21,167,1,10,5,10,0.55,2.0,0.2767747230201067,-0.51959479853886,0,1,0,0
37,145,1,14,4,13,0.81,2.0,0.2767747230201067,1.8979758406790728,0,1,0,0
51,180,1,12,8,8,0.84,3.0,0.2765167148163434,-0.2354794596492525,1,0,1,0
29,78,1,14,4,10,0.68,2.0,0.27391304347826084,1.2317218906116214,1,1,0,1
26,17,2,17,8,8,0.77,2.0,0.27391304347826084,1.1209413634431653,0,1,0,1
35,34,3,13,7,7,0.86,2.0,0.2723334021043945,0.05451247081724046,1,1,0,0
45,162,3,18,6,7,0.61,2.0,0.2733843537414966,1.446660999513364,0,1,0,0
44,160,3,12,9,8,0.83,2.0,0.2641112047177759,0.33817813341218067,1,0,1,1
34,7,4,13,8,9,0.83,2.0,0.2655860349127182,2.1388455639125517,0,1,0,1
45,152,4,12,5,9,0.54,3.0,0.2641112047177759,-0.15163639051614214,0,1,0,0
37,8,1,12,16,12,0.82,3.0,0.2770060128550695,1.4465316405792816,0,1,0,0
34,114,1,13,6,4,0.93,1.0,0.2641112047177759,0.1139436611042325,0,0,1,0
35,163,1,17,7,8,0.6,3.0,0.2723334021043945,-0.23837463579300106,1,0,1,0
46,16,1,9,8,17,0.69,1.0,0.27474402730375425,-0.34327241143532977,1,0,1,0
27,4,1,24,5,7,0.59,3.0,0.2770060128550695,0.36304584850220833,0,0,0,1
25,63,1,14,8,10,0.84,2.0,0.2723334021043945,0.9750614454936891,1,0,1,0
32,23,4,22,12,12,0.96,2.0,0.2723334021043945,-0.12282014796198079,1,1,0,0
34,111,3,17,10,7,0.69,2.0,0.2767747230201067,2.1388455639125517,1,0,1,0
41,112,3,15,5,6,0.53,3.0,0.2770060128550695,0.24826751427568236,0,1,0,0
39,138,1,15,3,13,0.62,2.0,0.2723334021043945,-0.09938154109610137,1,0,1,1
53,121,4,23,11,10,0.52,1.0,0.27474402730375425,0.7369054878987797,0,1,0,1
32,99,2,17,8,12,0.97,1.0,0.27391304347826084,0.10174696160503638,0,1,0,0
54,176,3,14,6,13,0.72,2.0,0.27391304347826084,-0.21645753638990015,0,0,1,0
49,54,2,13,9,13,1.0,1.0,0.265988987717069,0.9610106012726455,1,1,0,0
43,8,1,11,14,8,0.94,1.0,0.2765167148163434,0.015372153333456533,0,0,1,0
37,79,3,16,11,15,0.78,2.0,0.2765167148163434,0.3500175558553398,1,0,1,1
18,27,4,15,6,15,0.74,2.0,0.2723334021043945,0.1558436358484406,1,0,1,0
27,122,3,15,5,8,0.74,2.0,0.2767747230201067,1.1407332803577699,0,1,0,0
36,109,1,23,5,7,0.72,1.0,0.2770060128550695,-0.03922347679855118,1,1,0,0
48,70,1,19,10,14,0.97,2.0,0.2770060128550695,-0.5112419073666833,1,1,0,0
25,120,1,13,8,7,0.95,2.0,0.27621483375959077,-0.2213054164433685,0,0,0,0
18,138,1,23,10,9,0.79,3.0,0.2641112047177759,0.9083060755579374,0,0,1,0
60,141,4,15,7,8,0.92,3.0,0.265988987717069,0.23279988172897456,0,1,0,0
33,157,3,13,7,9,0.64,1.0,0.265988987717069,2.0106905919095226,0,1,0,0
18,123,3,22,10,12,0.56,3.0,0.2770060128550695,2.1388455639125517,0,1,0,0
45,87,3,20,7,7,0.72,2.0,0.27621483375959077,-0.3623436142886183,1,1,0,0
47,172,3,15,10,5,0.91,3.0,0.2770060128550695,0.26132044671951904,1,0,0,0
43,155,1,13,6,6,0.75,2.0,0.2770060128550695,-0.1514207922926715,0,0,0,0
44,97,1,17,7,9,1.0,3.0,0.2723334021043945,0.18347100819889245,0,0,1,0
33,150,3,8,11,12,0.5,2.0,0.2641112047177759,0.9966705474346892,0,0,1,0
48,9,1,13,8,6,0.76,2.0,0.2765167148163434,-0.1001022551574175,1,1,0,0
33,113,1,15,6,9,0.81,2.0,0.2765167148163434,0.2746567368284885,1,1,0,1
18,91,2,15,11,6,0.74,2.0,0.2770060128550695,-0.11239751384448592,0,0,1,0
54,126,1,8,7,9,0.53,2.0,0.2765167148163434,0.06586525727028009,1,1,0,0
47,108,1,21,12,9,0.63,2.0,0.27474402730375425,-0.5654248208994758,0,1,0,0
22,51,3,15,5,10,0.57,3.0,0.265988987717069,0.04374487954219257,0,1,0,0
44,166,1,18,7,8,0.6,2.0,0.2767747230201067,-0.5340645193083609,0,0,1,0
34,136,1,8,9,14,0.67,1.0,0.2770060128550695,-0.5879086356328423,1,1,0,0
47,77,3,24,6,12,0.74,1.0,0.2723334021043945,0.7234459988049698,1,0,1,0
55,124,1,18,7,6,0.61,2.0,0.2723334021043945,0.3147888061402374,0,1,0,0
30,41,1,19,7,16,0.6,2.0,0.2723334021043945,-0.49953184385760663,0,1,0,0
40,108,1,14,9,8,0.66,1.0,0.27391304347826084,-0.28413689871195463,1,1,0,0
49,69,1,16,7,10,0.64,1.0,0.2770060128550695,-0.3875439666377149,1,0,1,0
46,180,1,10,5,11,0.86,2.0,0.2767747230201067,-0.29141795871602016,1,1,0,0
36,124,2,7,7,9,0.96,3.0,0.2627646326276463,0.08281127763507229,0,1,0,0
29,30,3,13,6,10,0.93,3.0,0.2723334021043945,-0.14663451173162334,1,0,1,0
42,43,1,11,7,8,0.86,1.0,0.2767747230201067,-0.162724299151775,0,0,1,0
27,60,1,17,11,3,0.94,2.0,0.2719186785260483,1.2972514306482115,0,0,1,0
19,102,3,18,1,13,0.73,2.0,0.2733843537414966,-0.1878445721607254,1,0,1,0
41,166,2,11,4,17,0.6,1.0,0.2723334021043945,-0.006440226932530076,0,0,1,0
35,8,2,22,6,8,0.9,1.0,0.265988987717069,-0.5056240336579627,1,0,1,0
27,166,1,12,6,9,0.55,1.0,0.2723334021043945,-0.09582725038345684,1,0,1,0
35,107,1,14,10,7,0.72,2.0,0.2770060128550695,0.5133670898551796,1,0,1,0
45,128,1,16,8,11,0.6,2.0,0.2767747230201067,-0.6083350273193749,0,0,1,1
38,62,2,15,2,13,0.59,2.0,0.27391304347826084,0.09792779307498506,0,0,1,0
28,95,1,15,4,7,0.71,2.0,0.27391304347826084,-0.24510746031452701,1,0,1,0
36,117,1,18,11,10,0.88,2.0,0.2770060128550695,0.05144481609471538,0,1,0,0
33,34,1,20,6,9,0.77,1.0,0.27812113720642767,0.17565403261077128,1,0,1,1
35,10,1,16,13,6,0.92,2.0,0.27391304347826084,1.24475018325849,1,0,1,1
43,42,1,18,4,10,0.66,3.0,0.265988987717069,-0.5683754365864025,0,0,1,0
45,20,3,13,9,16,0.75,2.0,0.2770060128550695,0.9421303568458596,0,0,0,0
21,108,4,17,6,16,0.85,1.0,0.2770060128550695,-0.18327388982314785,0,0,1,0
40,80,2,16,8,15,0.91,2.0,0.2723334021043945,1.3793327542981046,0,0,1,0
31,35,4,16,14,13,0.56,1.0,0.2767747230201067,0.634718089922939,0,1,0,0
41,157,1,28,10,9,0.98,1.0,0.2770060128550695,0.2670984791085321,0,1,0,0
18,73,2,14,8,11,0.61,3.0,0.265988987717069,1.1891320015523072,1,1,0,0
61,79,1,13,7,6,0.87,1.0,0.2765167148163434,0.36231281454240816,1,1,0,0
33,37,2,12,9,15,0.64,2.0,0.265988987717069,0.34016779701735256,1,0,0,0
38,156,2,6,7,13,0.64,2.0,0.2733843537414966,-0.6163676011309667,0,0,1,0
35,150,2,12,10,16,0.54,3.0,0.2770060128550695,0.24346275386690813,0,0,1,0
39,102,2,21,12,15,0.85,3.0,0.2723334021043945,-0.374762071960527,1,0,1,0
44,165,1,18,9,12,0.61,1.0,0.2627646326276463,0.21486210953621743,0,1,0,1
30,139,1,16,14,13,0.53,2.0,0.2719186785260483,-0.38391575653416615,1,0,1,0
32,131,1,19,7,13,0.79,1.0,0.27474402730375425,0.06892675204356316,0,0,1,0
38,154,3,17,9,13,0.62,2.0,0.2765167148163434,2.1388455639125517,1,0,0,0
42,7,1,19,6,14,0.7,3.0,0.27391304347826084,0.09398542556009339,1,0,1,1
51,10,1,14,8,10,0.99,2.0,0.2641112047177759,-0.03802228669635762,0,1,0,1
35,17,4,13,9,11,0.7,1.0,0.2770060128550695,-0.46270766728882157,1,0,1,1
47,113,2,17,7,7,0.78,1.0,0.2723334021043945,-0.06440534929992177,0,1,0,0
35,86,2,12,6,12,0.59,1.0,0.27474402730375425,-0.1388236960927442,0,1,0,0
30,173,3,11,5,10,0.8,3.0,0.26641414141414144,-0.23780176051349336,0,1,0,0
45,130,4,9,6,5,0.51,1.0,0.2641112047177759,0.9058112961149201,1,1,0,1
35,82,1,9,10,7,0.73,2.0,0.27391304347826084,0.8888406359531598,0,0,1,0
43,11,3,13,8,10,0.86,1.0,0.2723334021043945,-0.3221561054336912,0,0,1,0
36,70,1,16,10,10,0.93,2.0,0.265988987717069,-0.585056579133788,0,1,0,0
26,97,3,11,3,7,0.69,3.0,0.2719186785260483,0.38974306851711543,1,0,1,0
18,165,4,15,10,12,0.8,2.0,0.2765167148163434,0.9267736033855081,1,1,0,0
26,28,3,18,7,7,0.65,2.0,0.2767747230201067,0.22828463893457518,0,0,1,0
20,79,1,19,1,13,0.95,2.0,0.2765167148163434,-0.015858789323575973,1,0,1,1
23,150,1,23,7,7,0.8,1.0,0.2767747230201067,-0.28324986602110397,1,1,0,0
28,51,1,22,13,9,0.55,2.0,0.2723334021043945,-0.24702320452879467,1,1,0,0
43,11,2,13,10,10,0.76,3.0,0.2765167148163434,0.30799438212629127,1,0,1,0
31,73,3,14,15,8,0.63,3.0,0.27474402730375425,0.4433099871257061,0,1,0,1
30,126,1,12,7,11,0.69,2.0,0.2723334021043945,-0.09295671403667634,1,1,0,0
24,18,1,19,9,8,0.59,3.0,0.27391304347826084,0.42749123747220324,0,1,0,1
34,12,3,19,4,19,0.52,2.0,0.2733843537414966,0.269088142713704,0,0,1,0
45,53,4,11,5,10,0.55,1.0,0.2767747230201067,0.37293872698488967,0,1,0,1
43,120,1,23,13,13,0.66,1.0,0.2765167148163434,0.8813870973703176,0,0,0,0
43,10,2,14,12,11,0.6,3.0,0.27391304347826084,0.821062714443233,1,0,1,0
40,4,4,11,8,8,0.54,1.0,0.27621483375959077,-0.3045879301954552,0,1,0,1
23,102,4,18,5,10,0.97,2.0,0.27621483375959077,0.025554549430512694,1,0,1,0
29,162,1,17,12,15,0.55,2.0,0.2655860349127182,0.6132814665607156,0,1,0,0
33,53,3,12,10,13,0.67,2.0,0.2723334021043945,-0.18368044647312107,1,1,0,0
47,78,1,18,15,11,0.84,1.0,0.2770060128550695,0.05737068726553693,0,1,0,1
36,139,2,11,8,11,0.88,2.0,0.2765167148163434,1.3709244235827496,1,0,1,1
39,17,1,13,2,8,0.61,2.0,0.2719186785260483,0.09006153789292776,1,1,0,0
40,29,2,13,14,8,0.59,2.0,0.27391304347826084,0.7453754181065548,1,0,1,0
40,111,1,14,4,12,0.81,1.0,0.2770060128550695,1.307224388471039,0,1,0,0
24,141,4,20,14,9,0.92,2.0,0.27621483375959077,-0.6249668902728241,1,0,0,0
39,82,1,23,5,8,0.82,2.0,0.2767747230201067,1.5677779215099268,1,0,1,1
43,28,2,17,5,7,0.91,3.0,0.2770060128550695,-0.27438569906183974,0,0,1,0
25,164,3,17,5,10,0.97,2.0,0.2723334021043945,1.172524778395826,1,1,0,0
30,95,1,7,9,7,0.56,2.0,0.2765167148163434,0.18350180794510254,0,0,1,0
18,62,1,12,9,10,0.66,2.0,0.27474402730375425,0.8499282365913304,0,0,0,0
38,66,2,16,12,11,0.87,2.0,0.2770060128550695,-0.4533260645932278,1,0,1,0
24,146,2,13,9,9,0.74,1.0,0.2770060128550695,0.2656262512396898,1,0,0,0
30,27,2,19,9,9,0.56,1.0,0.27391304347826084,-0.3434448900141063,1,0,0,0
21,88,2,20,6,6,0.95,2.0,0.2770060128550695,-0.17429884377752727,0,0,0,1
44,69,1,9,9,10,0.97,2.0,0.27391304347826084,-0.06736212493609052,0,1,0,0
27,45,3,15,12,14,0.53,2.0,0.27391304347826084,-0.505728752795077,1,1,0,1
40,167,1,19,9,7,0.72,2.0,0.2770060128550695,-0.47134391612613113,0,0,0,0
32,59,3,25,6,10,0.6,1.0,0.2770060128550695,-0.2469985647318266,1,1,0,0
39,123,1,8,5,7,0.88,2.0,0.2770060128550695,1.9895866058063683,0,1,0,0
29,70,2,13,10,6,0.56,1.0,0.265988987717069,-0.15593603508707088,1,1,0,0
44,55,2,11,6,12,0.85,1.0,0.27391304347826084,-0.4579213867277734,1,1,0,0
34,149,2,18,8,10,0.75,2.0,0.2723334021043945,-0.38286240521378107,0,1,0,0
40,53,3,19,10,11,0.82,1.0,0.2765167148163434,-0.6045343386370496,0,1,0,0
40,102,2,25,6,12,0.67,1.0,0.26641414141414144,1.3697663531252502,0,1,0,0
42,8,3,13,7,10,0.87,2.0,0.2767747230201067,-0.11614276298363302,0,1,0,0
39,24,3,8,14,10,0.68,3.0,0.2765167148163434,-0.5649751446048085,0,1,0,0
29,83,2,8,7,7,0.51,1.0,0.265988987717069,-0.4921768644626368,0,0,1,0
18,102,3,20,7,11,0.82,2.0,0.2767747230201067,0.8478769734937384,0,1,0,0
27,153,2,15,6,3,0.95,2.0,0.2770060128550695,2.1388455639125517,1,0,1,1
26,83,1,15,6,10,0.84,2.0,0.2641112047177759,2.1388455639125517,0,1,0,0
34,16,2,14,9,8,0.78,1.0,0.2770060128550695,2.1388455639125517,0,0,1,0
18,23,2,19,7,10,0.71,3.0,0.2770060128550695,0.7423447230794818,0,1,0,0
48,110,1,20,6,18,0.51,2.0,0.2767747230201067,0.46049008556169496,1,1,0,0
33,147,1,22,7,11,0.73,3.0,0.27621483375959077,0.45909793703299884,0,0,1,0
39,94,1,16,7,9,0.65,3.0,0.2641112047177759,0.1771077806318876,0,1,0,0
18,167,1,17,8,10,0.92,2.0,0.2770060128550695,-0.5520392511965702,1,0,1,0
51,50,2,13,11,8,0.92,3.0,0.2641112047177759,1.1618434264101665,0,1,0,1
52,67,2,13,4,13,0.81,2.0,0.27391304347826084,0.07487110306211077,0,1,0,1
19,113,1,15,7,8,0.89,1.0,0.2767747230201067,0.7657402103006671,0,1,0,0
22,139,3,12,9,17,0.56,2.0,0.2765167148163434,0.32450304609490016,0,1,0,0
38,28,2,17,12,10,0.53,2.0,0.2770060128550695,-0.04019058882954805,1,1,0,0
42,22,3,11,10,6,0.9,1.0,0.27391304347826084,0.6186652621982395,0,1,0,1
18,126,2,16,7,9,0.84,3.0,0.2765167148163434,-0.4267705234108871,0,1,0,0
61,139,1,15,6,15,0.98,1.0,0.27474402730375425,1.0831315949956573,1,0,1,0
25,144,1,13,9,13,0.8,1.0,0.2770060128550695,0.5582915996772186,0,0,1,0
33,24,1,20,9,12,0.87,2.0,0.2723334021043945,-0.5579897621643598,0,1,0,0
35,12,2,14,5,8,0.93,3.0,0.2770060128550695,0.15379853270009056,1,1,0,1
31,36,1,12,8,12,0.65,3.0,0.2733843537414966,0.9239030670387276,0,1,0,0
36,71,1,19,9,9,0.93,1.0,0.27621483375959077,1.0443300747201842,1,0,1,0
49,59,2,18,8,13,0.66,2.0,0.2723334021043945,-0.5700571027294735,0,0,1,0
48,110,2,10,11,15,0.72,2.0,0.2765167148163434,-0.5848471408595594,0,0,0,0
21,22,1,17,9,9,0.8,1.0,0.27391304347826084,-0.3702345092676436,1,1,0,0
30,166,2,13,10,13,0.68,2.0,0.2767747230201067,0.09259327703139726,0,1,0,0
52,112,3,15,4,12,0.99,1.0,0.27391304347826084,0.5183073691472783,0,1,0,0
51,28,1,15,12,14,0.76,1.0,0.265988987717069,0.3131317797941345,0,0,1,0
25,57,3,10,7,7,0.98,1.0,0.2770060128550695,-0.6156653669173766,1,0,1,0
54,160,2,12,8,8,0.92,2.0,0.2767747230201067,0.860541829135328,1,0,1,0
25,92,1,18,5,14,0.77,3.0,0.2733843537414966,-0.06570509858998762,1,0,1,1
29,124,1,17,9,9,0.53,1.0,0.2723334021043945,0.3516930620491687,1,1,0,0
37,138,1,17,2,13,0.53,2.0,0.2767747230201067,1.2040390787179913,0,1,0,0
33,39,2,17,4,11,0.86,1.0,0.27391304347826084,1.3766839761240368,1,1,0,1
18,30,1,18,6,7,0.68,1.0,0.2765167148163434,0.08322399423428752,0,0,1,0
23,170,3,14,12,8,0.62,2.0,0.2770060128550695,0.3106431603003591,0,1,0,0
43,57,4,18,4,10,0.51,3.0,0.2765167148163434,1.3807618625222529,1,0,1,1
18,89,1,18,3,9,0.57,2.0,0.2765167148163434,-0.5641004318124418,1,1,0,1
39,64,2,16,12,4,0.52,1.0,0.27391304347826084,1.1932899672906696,1,1,0,0
21,69,1,14,10,13,0.66,2.0,0.27391304347826084,0.10364422597157799,1,0,1,0
35,142,3,12,7,13,0.6,1.0,0.2770060128550695,0.544228435557691,1,1,0,0
48,127,1,14,14,14,0.76,1.0,0.27391304347826084,0.009249163786890396,1,1,0,0
30,109,1,11,9,7,0.55,2.0,0.2641112047177759,0.282590751452208,0,1,0,1
30,21,3,17,6,16,0.81,3.0,0.2641112047177759,-0.029053400599979056,0,1,0,0
43,11,2,17,4,15,0.89,3.0,0.2770060128550695,-0.11836034471075958,0,1,0,0
31,63,3,16,2,8,0.95,2.0,0.2765167148163434,1.8026321463111143,1,1,0,0
45,2,2,12,6,9,0.81,2.0,0.2627646326276463,-0.46029296718595036,0,1,0,1
28,13,1,15,7,10,0.76,3.0,0.2765167148163434,1.4737770960767282,1,0,1,0
42,177,1,8,6,8,0.58,2.0,0.27474402730375425,-0.47951816877028935,1,1,0,0
31,20,1,15,7,19,0.63,3.0,0.265988987717069,-0.13539260436494002,1,1,0,1
40,66,1,20,6,18,0.64,2.0,0.2719186785260483,0.1206949654734845,1,0,1,1
51,120,3,13,7,11,0.66,2.0,0.2719186785260483,0.5553286640918079,0,0,1,0
45,37,1,18,12,11,0.67,2.0,0.2641112047177759,0.16200974503970086,0,1,0,1
33,155,1,9,10,4,0.81,3.0,0.2767747230201067,-0.6097394957465551,1,1,0,0
18,93,1,10,9,12,0.52,2.0,0.2767747230201067,-0.1909553465279446,0,0,1,0
48,65,1,11,5,7,0.83,3.0,0.27474402730375425,-0.17928224271432003,0,0,1,0
33,151,2,12,7,9,0.89,2.0,0.2719186785260483,-0.3639760008377531,0,1,0,1
36,81,2,17,7,7,0.73,1.0,0.2767747230201067,-0.24264964056696173,1,1,0,0
30,103,1,12,12,8,0.86,3.0,0.2767747230201067,-0.1652252385440344,1,0,1,0
45,149,1,11,11,11,0.8,1.0,0.2765167148163434,-0.5977583944708296,0,0,0,0
27,127,3,20,9,9,0.56,1.0,0.2641112047177759,-0.20150733957952185,1,0,0,0
37,14,2,15,4,10,0.75,2.0,0.2733843537414966,-0.18584874860631148,1,1,0,0
22,90,1,13,7,12,0.62,1.0,0.265988987717069,-0.2161372190293152,1,0,1,0
38,59,2,16,8,15,0.59,1.0,0.27391304347826084,0.25912750478936053,1,0,1,0
20,11,2,17,2,9,0.99,2.0,0.2627646326276463,-0.435523811283795,1,1,0,1
31,154,1,11,8,3,0.74,2.0,0.2733843537414966,2.1388455639125517,1,0,1,0
42,54,1,20,11,7,0.64,2.0,0.2770060128550695,-0.26217051971491756,0,1,0,1
47,180,2,22,8,11,0.78,2.0,0.2627646326276463,1.814982844541361,0,1,0,1
40,119,2,12,6,4,0.51,1.0,0.2770060128550695,0.40997850177714534,1,0,1,1
31,171,3,14,8,8,0.55,2.0,0.2765167148163434,0.308246940045214,1,1,0,0
57,85,2,18,11,14,0.72,2.0,0.2641112047177759,-0.03055026826578949,0,0,1,0
30,114,1,17,7,10,0.89,3.0,0.265988987717069,0.15990920234817266,1,1,0,0
23,64,1,19,9,9,0.9,2.0,0.2719186785260483,0.02485231521692261,0,1,0,1
28,74,2,18,8,12,0.74,2.0,0.27474402730375425,1.1009276883558479,0,0,1,0
48,161,2,15,3,6,0.66,2.0,0.2767747230201067,0.2595833410332699,0,0,1,1
31,123,4,18,8,11,0.81,2.0,0.2627646326276463,-0.051364736754569144,1,0,0,0
40,89,4,11,6,5,0.81,2.0,0.2767747230201067,-0.5390848779406058,1,0,1,0
51,3,1,21,4,15,0.95,3.0,0.2770060128550695,6.467946704119158e-05,0,0,1,1
32,7,2,16,5,8,0.94,3.0,0.2719186785260483,0.03388280080572136,0,0,1,0
28,64,1,14,4,12,0.83,2.0,0.27391304347826084,0.9641583353353168,1,0,1,0
30,25,1,14,12,12,0.67,1.0,0.27474402730375425,2.1388455639125517,1,0,0,0
63,73,1,14,8,10,0.54,1.0,0.2767747230201067,2.1388455639125517,0,0,0,1
27,145,2,17,5,13,0.54,3.0,0.2723334021043945,-0.4186825100561171,1,1,0,1
38,50,1,15,5,13,0.88,2.0,0.2765167148163434,-0.1568846672703417,1,0,1,0
44,109,3,13,10,6,0.89,2.0,0.2723334021043945,-0.3922070482139227,0,1,0,1
24,90,1,16,5,7,0.62,2.0,0.2765167148163434,-0.37766956800275964,0,1,0,0
39,151,2,13,8,9,0.74,2.0,0.27391304347826084,-0.14309254091746285,1,0,0,0
45,111,2,16,7,16,0.68,2.0,0.27391304347826084,-0.4440615009332323,1,0,0,0
35,126,3,19,7,8,0.86,3.0,0.2641112047177759,-0.5753423391791251,0,1,0,0
27,165,4,14,5,14,0.95,3.0,0.27474402730375425,0.5106012726455134,0,1,0,0
33,78,4,13,8,11,0.77,2.0,0.2723334021043945,-0.549630711042941,0,1,0,0
39,50,1,14,7,8,1.0,3.0,0.2770060128550695,-0.6120001971183757,1,0,1,0
30,168,1,10,21,9,0.81,1.0,0.2765167148163434,0.08969194093840667,0,0,1,0
42,104,3,27,5,9,0.56,1.0,0.27391304347826084,0.3354985554919028,1,1,0,1
33,85,1,13,8,15,0.64,1.0,0.2627646326276463,-0.4731919008987366,1,1,0,1
28,156,2,10,8,7,0.52,3.0,0.27391304347826084,-0.253207793567781,0,1,0,0
50,177,3,13,9,8,0.85,2.0,0.265988987717069,0.1795471205317268,0,1,0,0
21,149,4,17,13,13,0.81,2.0,0.2770060128550695,0.37124474094333465,0,1,0,0
38,167,2,12,10,7,0.75,2.0,0.2719186785260483,-0.30246890765620094,1,1,0,0
32,44,2,14,6,12,0.85,2.0,0.27474402730375425,-0.5680304794288495,0,1,0,0
34,107,4,14,11,12,0.62,1.0,0.2641112047177759,1.1227893482157707,0,0,1,0
34,116,1,16,6,10,0.74,1.0,0.2723334021043945,-0.4321111994037169,0,1,0,0
27,2,3,21,7,13,0.64,3.0,0.2767747230201067,-0.5904034150758598,0,0,1,0
29,144,1,5,3,13,0.84,1.0,0.27391304347826084,-0.4086479527408694,0,0,1,0
30,168,1,16,7,11,0.76,3.0,0.2733843537414966,-0.01597582835917432,1,0,1,0
44,84,3,8,10,9,0.65,2.0,0.2765167148163434,0.6579780582607999,1,1,0,0
45,91,2,16,11,7,0.94,3.0,0.2627646326276463,-0.41919378584320466,0,1,0,0
43,9,2,17,6,6,0.74,3.0,0.27474402730375425,-0.31106819679805836,0,1,0,1
57,91,3,16,10,10,0.62,2.0,0.2641112047177759,2.1388455639125517,1,0,1,0
31,169,1,6,9,11,0.74,2.0,0.2770060128550695,1.9229174751600047,0,1,0,0
40,25,1,16,7,9,0.88,2.0,0.2767747230201067,-0.5106197524932394,0,1,0,0
28,157,1,15,2,8,0.75,3.0,0.2723334021043945,-0.3674871719057035,1,1,0,0
39,13,4,14,10,15,0.74,2.0,0.2767747230201067,-0.04734228989953123,1,0,1,0
24,109,2,10,9,12,0.99,3.0,0.27621483375959077,-0.4698408885110787,0,0,0,0
40,25,1,16,11,21,0.5,2.0,0.27391304347826084,0.9042035493627533,1,1,0,1
23,158,1,21,4,10,0.96,2.0,0.2770060128550695,0.2481812749862941,1,0,0,0
54,162,2,15,4,8,0.58,1.0,0.2765167148163434,0.4108347347217859,0,0,1,0
26,52,1,12,14,8,0.75,1.0,0.2765167148163434,-0.37349312241667126,0,0,1,1
46,12,1,19,11,14,0.69,3.0,0.27391304347826084,1.2156937026838899,0,1,0,0
26,176,1,11,4,9,0.51,2.0,0.2719186785260483,-0.34512655615717724,1,0,0,0
39,47,2,11,8,15,0.67,1.0,0.27621483375959077,0.8128761419005908,0,0,1,1
30,83,2,16,11,7,0.92,2.0,0.26641414141414144,1.379813230338982,1,1,0,1
42,72,3,20,5,8,0.84,1.0,0.2770060128550695,0.610718927676036,1,0,0,0
48,150,1,14,6,8,0.63,3.0,0.2767747230201067,1.2311428553828716,0,0,1,1
52,45,2,11,8,11,0.8,3.0,0.27391304347826084,-0.07431670763032913,1,1,0,1
37,146,1,9,11,4,0.74,3.0,0.27391304347826084,-0.09474309931686163,0,1,0,1
24,116,2,18,13,11,0.53,3.0,0.2641112047177759,0.9176568785073211,1,1,0,0
28,168,3,13,7,13,0.83,2.0,0.2770060128550695,-0.09237151885868461,1,0,1,0
55,11,1,14,7,7,0.74,2.0,0.2765167148163434,1.0956239720584702,0,1,0,1
36,167,1,18,8,13,0.96,3.0,0.27391304347826084,-0.24160860914506063,0,1,0,0
21,44,3,17,5,13,0.56,3.0,0.2767747230201067,0.6608670744553065,1,0,1,0
31,163,1,15,10,10,0.77,3.0,0.2641112047177759,-0.6041647416825285,0,0,0,0
27,156,3,15,14,14,0.83,1.0,0.27391304347826084,2.1388455639125517,0,0,1,0
18,37,2,16,11,11,0.54,1.0,0.2770060128550695,-0.11939521618341865,0,0,1,1
40,6,4,16,8,3,0.88,1.0,0.27391304347826084,-0.6331226630692564,0,1,0,1
30,70,1,11,6,10,0.87,2.0,0.27391304347826084,0.9653410455897843,0,1,0,1
37,62,1,12,6,11,0.56,1.0,0.2770060128550695,1.8932265198134768,1,0,1,0
44,104,1,10,5,10,0.53,2.0,0.2765167148163434,-0.5724348431368925,1,0,1,0
45,74,4,12,11,7,0.71,3.0,0.2655860349127182,0.2196483900972656,1,0,1,0
26,156,3,20,8,10,0.55,3.0,0.2723334021043945,1.2620966003240133,1,1,0,0
35,47,1,11,4,6,0.95,1.0,0.2770060128550695,0.37063490596837484,0,0,1,1
25,5,2,11,6,6,0.86,2.0,0.26641414141414144,0.39906307172028904,1,1,0,0
48,107,2,12,6,7,0.9,3.0,0.27391304347826084,-0.3594176383986596,0,0,1,0
23,178,1,17,7,10,0.95,3.0,0.2767747230201067,1.1793500021559822,1,1,0,0
41,21,1,15,7,10,0.86,2.0,0.27812113720642767,-0.26437578154356006,0,0,1,0
39,171,4,15,11,12,0.97,2.0,0.2719186785260483,1.713356001946544,1,0,1,0
42,165,2,10,4,12,0.61,1.0,0.27391304347826084,0.16967272189677157,0,0,1,0
57,86,1,10,8,7,0.6,1.0,0.2641112047177759,0.4916286289800972,0,0,0,0
27,155,2,18,11,10,0.78,2.0,0.27474402730375425,0.27139812367946087,1,1,0,0
38,112,2,10,6,8,0.96,1.0,0.2719186785260483,-0.06747300402244685,1,1,0,0
43,43,2,19,8,6,0.82,3.0,0.2770060128550695,0.9657476022397575,1,0,1,0
33,152,3,19,7,10,0.74,2.0,0.2723334021043945,0.9265210454665853,0,0,1,1
31,138,1,14,11,12,0.72,1.0,0.2641112047177759,-0.31531856177505097,0,0,0,0
38,32,3,11,8,11,0.99,1.0,0.2765167148163434,-0.045802302589026664,0,1,0,1
43,114,3,15,6,8,0.6,1.0,0.27391304347826084,-0.5235371660537517,0,1,0,1
23,151,2,24,4,13,0.53,1.0,0.2767747230201067,2.1388455639125517,0,0,1,0
33,107,1,12,10,11,0.94,1.0,0.2733843537414966,-0.5552485847516616,1,0,1,1
36,63,1,10,4,17,0.6,2.0,0.2767747230201067,0.01597582835917432,0,0,1,1
51,104,1,16,6,9,0.67,2.0,0.27474402730375425,-0.5047739606625642,0,1,0,1
27,134,3,13,4,11,0.57,1.0,0.2641112047177759,0.81400341261188,0,1,0,0
20,155,1,11,6,12,0.96,2.0,0.2723334021043945,-0.38822772100357894,0,1,0,0
29,53,4,10,9,13,0.55,1.0,0.2733843537414966,-0.07421814844245683,1,1,0,0
33,108,1,17,10,19,0.79,2.0,0.265988987717069,2.1388455639125517,1,0,1,0
31,138,3,20,9,11,0.92,2.0,0.2767747230201067,-0.055461103000511276,1,1,0,0
29,157,2,20,14,13,0.78,2.0,0.27621483375959077,1.1045127788147027,1,1,0,1
39,66,2,16,10,21,0.98,3.0,0.2765167148163434,1.6436500163238654,0,0,1,0
34,113,4,15,10,17,0.66,1.0,0.2767747230201067,1.9630495444717535,1,0,1,0
28,22,3,17,7,7,0.56,1.0,0.2641112047177759,-0.36835572474882805,0,0,1,0
24,29,1,23,4,5,0.82,2.0,0.2641112047177759,0.14748458472702186,1,0,0,0
42,145,1,18,7,15,0.5,2.0,0.27621483375959077,-0.40062153887851965,1,1,0,1
24,130,4,18,6,13,0.78,1.0,0.2770060128550695,-0.580030060552301,0,1,0,0
43,49,2,18,4,8,0.65,2.0,0.2641112047177759,0.43667572179205244,1,1,0,0
34,50,1,18,13,10,0.6,1.0,0.2767747230201067,0.03006363227567005,1,0,1,0
39,40,2,18,10,6,0.88,1.0,0.2733843537414966,-0.5403599874337035,0,1,0,0
19,131,2,10,11,12,0.93,1.0,0.2767747230201067,-0.41054521710741104,0,0,1,0
35,158,2,15,2,4,0.65,2.0,0.27391304347826084,-0.37746628967777307,1,0,1,0
37,163,4,15,8,9,0.72,1.0,0.2723334021043945,1.2422307640185044,1,0,0,0
53,24,1,9,10,6,0.7,2.0,0.27812113720642767,-0.4254399743746112,1,1,0,0
31,34,1,9,8,11,0.62,3.0,0.2719186785260483,0.051925292135592806,0,0,1,1
57,28,1,13,14,12,0.57,3.0,0.265988987717069,0.04710205187909251,1,0,1,1
39,80,3,15,4,8,0.66,1.0,0.2627646326276463,-0.5311570232661282,1,0,1,0
38,130,1,21,10,8,0.91,3.0,0.2723334021043945,-0.32577815558799794,1,0,1,0
40,80,1,21,6,13,0.61,2.0,0.2765167148163434,0.6244925741811888,1,1,0,0
34,135,3,13,6,8,0.65,2.0,0.2767747230201067,1.0679103604186302,1,1,0,0
31,7,1,17,7,10,0.68,2.0,0.2770060128550695,-0.4232963120383888,1,1,0,1
22,64,2,10,11,17,0.8,2.0,0.2770060128550695,-0.04993562853042091,1,0,0,0
47,66,1,16,7,12,0.57,1.0,0.27391304347826084,0.380158187496535,0,0,1,0
35,131,3,14,8,8,0.69,3.0,0.27474402730375425,-0.6239258588509231,1,0,1,0
29,180,1,13,4,15,0.67,1.0,0.2767747230201067,-0.2442943470145806,1,1,0,1
44,133,1,12,7,9,0.57,2.0,0.2767747230201067,-0.5440374771311884,1,1,0,0
38,132,1,16,11,6,0.82,1.0,0.27391304347826084,-0.5386721613413905,1,0,1,0
40,96,1,13,10,8,0.66,2.0,0.27391304347826084,-0.5990088641669593,0,0,1,0
20,77,3,17,10,11,0.63,2.0,0.26641414141414144,1.3722857723652357,0,1,0,0
29,68,1,18,8,12,0.93,3.0,0.2723334021043945,-0.12457573349595599,0,1,0,0
37,84,1,13,6,10,0.9,2.0,0.27391304347826084,0.11821866587819316,0,0,1,0
39,1,1,15,6,6,0.72,2.0,0.2627646326276463,0.3474303771736921,1,1,0,1
38,43,3,16,8,7,0.88,2.0,0.27391304347826084,0.9797738066638331,1,1,0,1
31,64,3,7,16,8,0.58,3.0,0.2719186785260483,-0.5332760458053826,0,0,1,0
41,38,3,12,6,15,0.88,2.0,0.27474402730375425,0.7445869446035764,1,0,1,0
37,71,2,19,9,9,0.73,2.0,0.2770060128550695,1.7132636027079138,1,1,0,1
18,155,3,12,10,11,0.82,1.0,0.2733843537414966,-0.4416899204750553,1,0,1,0
35,60,4,12,8,10,0.87,1.0,0.2765167148163434,-0.58170556674613,1,1,0,1
30,87,1,21,10,8,0.99,1.0,0.2765167148163434,-0.24809503569690586,0,1,0,1
34,174,1,23,10,4,0.7,2.0,0.2719186785260483,0.18154910403538274,1,1,0,0
60,79,1,13,12,14,0.98,2.0,0.27391304347826084,-0.15844929437781433,1,0,0,0
18,132,1,23,9,11,0.56,3.0,0.2767747230201067,-0.6213941197124536,1,1,0,0
45,24,1,16,6,9,0.64,3.0,0.27474402730375425,-0.16293373742600362,0,1,0,0
28,44,1,14,3,10,0.89,3.0,0.2719186785260483,0.06363535564466949,1,1,0,0
18,52,3,17,7,9,0.98,2.0,0.27474402730375425,1.012162819778365,1,0,1,1
22,32,4,18,6,8,0.97,3.0,0.27391304347826084,-0.45877761967241387,0,0,1,0
41,31,1,18,7,14,0.6,2.0,0.2719186785260483,0.04194617436352324,1,1,0,0
33,9,3,20,9,14,0.6,1.0,0.2765167148163434,0.18424100185414471,0,1,0,0
31,61,1,15,9,8,0.89,3.0,0.27474402730375425,1.9770942287435551,1,0,1,0
34,86,3,20,9,8,0.88,2.0,0.2723334021043945,-0.44900178022533094,1,0,1,0
20,41,3,20,5,1,0.56,1.0,0.27391304347826084,-0.5846561824330567,1,1,0,0
44,102,2,11,9,8,0.53,2.0,0.2770060128550695,2.1388455639125517,1,0,1,1
47,133,2,13,6,10,0.56,1.0,0.2765167148163434,0.5264631419437104,1,0,1,1
42,78,3,15,9,9,0.54,1.0,0.27621483375959077,0.5170876991973586,0,1,0,0
23,19,1,15,7,9,0.6,3.0,0.2770060128550695,0.6600847609015702,1,1,0,0
32,29,4,8,7,12,0.86,2.0,0.2765167148163434,2.1388455639125517,1,1,0,0
41,53,3,14,6,9,0.52,2.0,0.2719186785260483,-0.5393805555042226,1,0,1,0
40,18,4,17,5,10,0.79,1.0,0.27812113720642767,-0.5881550336025231,1,0,1,0
18,27,2,14,4,9,0.61,1.0,0.2723334021043945,-0.5327339702720849,1,1,0,0
20,103,4,15,6,8,0.96,2.0,0.2765167148163434,-0.40679380801902193,1,1,0,0
27,170,2,7,7,10,0.58,2.0,0.2641112047177759,1.0484818805093046,1,1,0,0
18,82,4,14,5,11,0.62,2.0,0.265988987717069,0.2190693548685159,1,1,0,0
43,58,1,12,5,5,0.57,1.0,0.2767747230201067,-0.5976906350291673,1,0,0,1
31,43,3,13,9,5,1.0,2.0,0.27474402730375425,-0.5731124375535146,1,0,1,0
44,113,3,11,8,6,0.95,3.0,0.2733843537414966,-0.16175718712077813,1,0,1,1
33,83,1,12,9,13,0.6,2.0,0.27474402730375425,-0.5848225010625913,1,1,0,0
48,47,1,19,6,7,0.77,3.0,0.27391304347826084,2.1388455639125517,1,0,0,0
18,95,1,12,10,7,0.83,2.0,0.2723334021043945,-0.620556366615539,0,1,0,0
38,167,3,14,5,7,0.99,3.0,0.2641112047177759,0.7148959892570486,1,1,0,1
32,114,2,20,7,7,0.51,3.0,0.2770060128550695,0.49602683273889825,1,0,1,0
50,44,1,18,10,10,0.9,2.0,0.2765167148163434,0.5085007299539852,0,1,0,0
31,77,2,12,11,12,0.61,2.0,0.2719186785260483,-0.573623713340602,1,1,0,0
61,163,3,20,6,6,0.69,3.0,0.27391304347826084,2.1388455639125517,1,0,0,0
33,58,2,18,6,17,0.76,2.0,0.2767747230201067,-0.3988536334460604,0,1,0,0
48,124,3,16,6,13,0.91,3.0,0.2767747230201067,0.3589248424592981,1,0,0,0
45,166,2,12,9,6,0.56,3.0,0.2765167148163434,1.9765521532102575,0,0,1,0
26,86,1,13,11,13,0.75,3.0,0.2627646326276463,-0.19819944683655807,1,0,1,0
18,86,1,12,9,11,0.75,2.0,0.2767747230201067,-0.3669635762201319,0,1,0,0
41,65,1,11,6,10,0.71,3.0,0.2770060128550695,-0.1560099544779751,0,1,0,0
36,38,2,14,6,8,0.76,2.0,0.2770060128550695,0.04568526355342832,0,0,1,1
52,122,1,11,9,10,0.76,1.0,0.27474402730375425,0.30576448050068067,0,1,0,0
39,2,1,16,11,10,0.83,3.0,0.2733843537414966,1.1939860415550176,1,1,0,1
49,57,1,14,6,10,0.51,2.0,0.2765167148163434,0.08598365149471168,0,1,0,1
33,125,2,17,6,8,1.0,1.0,0.2733843537414966,-0.3345006437146958,0,0,1,0
35,103,2,11,9,11,0.59,2.0,0.27391304347826084,-0.6165215998620172,1,0,0,0
33,132,3,17,1,9,0.93,2.0,0.2765167148163434,0.04354160121720597,0,0,0,0
50,102,1,17,6,12,0.53,1.0,0.27391304347826084,1.6776529361398063,0,1,0,0
42,111,3,13,7,11,0.99,2.0,0.2767747230201067,-0.3512926653484375,1,1,0,0
28,21,1,9,8,13,0.98,3.0,0.2770060128550695,0.9419578782670831,0,1,0,1
36,31,1,15,7,12,0.75,2.0,0.27391304347826084,-0.036032623091185725,0,0,1,1
26,10,1,24,4,11,0.62,2.0,0.2723334021043945,-0.5504499842921294,1,0,1,1
18,49,2,20,8,7,0.74,3.0,0.27391304347826084,0.09418254393583797,1,0,0,1
28,31,1,11,9,13,0.78,2.0,0.265988987717069,-0.40025810187324057,1,0,1,0
30,65,3,9,3,12,0.73,3.0,0.2765167148163434,0.5349577119484535,0,0,1,1
29,129,3,15,10,8,0.68,1.0,0.27474402730375425,-0.3024750676054429,0,1,0,0
43,97,1,7,12,10,0.55,3.0,0.2733843537414966,0.017004539882591367,1,0,1,0
38,36,2,17,7,14,0.97,1.0,0.2765167148163434,-0.5872495210639465,0,1,0,1
29,111,1,32,7,5,0.61,2.0,0.2770060128550695,-0.26526897418365275,1,1,0,0
62,146,3,12,6,6,0.75,2.0,0.2767747230201067,0.6945743167076304,1,1,0,0
35,97,2,11,10,19,0.88,2.0,0.27391304347826084,-0.5624988450095171,0,0,1,0
49,42,3,16,9,5,0.68,1.0,0.2765167148163434,0.5417890956578518,0,1,0,1
41,176,1,18,7,8,0.96,2.0,0.2723334021043945,0.6234946624039818,1,1,0,0
23,146,2,16,12,10,0.63,2.0,0.27812113720642767,-0.5803811776590961,0,1,0,1
31,59,2,14,7,6,0.86,1.0,0.2719186785260483,0.9410400458300223,1,0,1,0
22,24,1,16,9,12,0.55,2.0,0.27474402730375425,-0.41587973315099885,1,0,1,0
25,133,1,20,9,9,0.83,1.0,0.27621483375959077,0.7773209148756615,1,1,0,0
25,157,2,14,3,3,0.89,3.0,0.27474402730375425,1.6848231170575154,0,0,1,0
44,2,1,20,7,11,0.62,1.0,0.2733843537414966,0.11731315333961648,1,0,0,1
19,105,2,14,9,5,0.73,2.0,0.2719186785260483,0.5656588989706725,0,1,0,0
38,153,2,18,6,11,0.65,3.0,0.2733843537414966,0.4625536685577711,0,1,0,0
31,56,2,15,8,7,0.66,1.0,0.2723334021043945,-0.5098559187872292,1,0,1,1
38,153,2,17,8,12,0.57,3.0,0.27812113720642767,0.12247519080442777,0,1,0,0
23,86,4,11,10,12,0.93,1.0,0.2770060128550695,-0.42215672142861543,1,0,1,1
43,19,2,8,7,10,0.86,3.0,0.2770060128550695,-0.1526343022933491,1,1,0,1
38,124,3,16,10,13,0.64,2.0,0.265988987717069,-0.29261298886897175,0,1,0,0
42,80,1,15,10,5,0.93,1.0,0.2723334021043945,-0.020238513234650948,0,1,0,1
27,135,1,16,13,5,0.81,3.0,0.2733843537414966,-0.1850849149003012,0,1,0,0
25,123,1,16,7,12,0.94,1.0,0.2765167148163434,1.8630735682737973,0,0,1,0
29,19,3,13,5,6,0.6,2.0,0.265988987717069,-0.1772740992614221,1,0,0,0
27,115,1,10,6,7,0.66,2.0,0.2723334021043945,1.573968670498155,0,1,0,0
36,128,2,23,6,5,0.97,2.0,0.2770060128550695,-0.6337078582472481,0,0,1,1
33,25,4,9,4,14,1.0,3.0,0.2719186785260483,-0.45478597256358605,1,0,1,0
40,155,1,14,9,13,0.87,2.0,0.2723334021043945,0.4170070038622882,1,1,0,1
41,136,4,14,11,12,0.65,3.0,0.2719186785260483,-0.4636686193705764,1,0,1,0
35,127,2,11,5,13,0.63,1.0,0.27474402730375425,-0.5125724564029592,1,0,1,0
48,143,1,15,4,7,0.6,2.0,0.2723334021043945,0.7535681505984391,1,0,0,0
45,86,1,14,8,13,0.59,3.0,0.2770060128550695,-0.4329551124498734,1,0,1,0
50,121,1,12,14,7,0.53,1.0,0.27621483375959077,0.6214372393571477,1,0,1,1
38,9,1,20,12,15,0.69,1.0,0.2770060128550695,-0.27503865368149366,0,1,0,0
35,148,2,15,10,12,0.6,3.0,0.2770060128550695,-0.4994148048220083,1,0,1,0
40,122,2,14,4,9,0.77,2.0,0.27621483375959077,0.4055371783736502,1,1,0,0
40,2,4,8,8,14,0.54,2.0,0.2767747230201067,0.13557124289295855,0,1,0,1
36,19,3,15,7,3,0.68,2.0,0.2723334021043945,-0.40267896192535374,0,1,0,0
29,106,2,11,10,6,0.55,1.0,0.27391304347826084,2.1388455639125517,1,0,0,0
41,119,1,17,9,8,0.56,3.0,0.2719186785260483,0.2588441471242277,1,1,0,1
27,125,3,19,8,10,0.94,2.0,0.27621483375959077,0.6745729615187971,0,0,0,0
29,101,2,18,6,11,0.72,2.0,0.2767747230201067,1.1974787327752419,1,1,0,0
28,103,1,16,7,12,0.86,2.0,0.2723334021043945,0.6660229519708758,0,1,0,0
32,25,1,12,10,12,0.82,2.0,0.2719186785260483,0.7436259925218216,1,0,1,0
59,158,1,21,8,11,0.54,3.0,0.27391304347826084,2.1388455639125517,0,1,0,0
45,7,3,12,6,10,0.69,1.0,0.2723334021043945,1.2405798976216436,0,1,0,0
27,56,4,15,8,16,0.65,2.0,0.2719186785260483,-0.2622013194611276,0,1,0,1
61,44,1,10,10,12,0.55,1.0,0.2767747230201067,-0.46560900338181216,0,0,0,0
29,105,3,13,11,11,0.61,1.0,0.2765167148163434,-0.3131625795403446,1,1,0,0
37,137,1,11,4,8,0.86,1.0,0.265988987717069,1.211049100955408,1,1,0,0
48,148,2,16,7,5,0.99,2.0,0.2770060128550695,0.27336930743690674,1,0,1,0
47,78,1,13,12,11,0.76,1.0,0.27391304347826084,0.7326859226679973,0,0,1,1
45,79,4,14,8,14,0.73,3.0,0.2767747230201067,0.06358607605073334,0,0,1,1
26,158,1,21,5,13,0.52,2.0,0.265988987717069,-0.48042368130886604,0,1,0,0
22,109,2,15,10,3,0.85,1.0,0.27474402730375425,0.620186769661018,1,1,0,1
49,134,4,17,9,7,0.52,3.0,0.2723334021043945,0.4936121326360271,0,1,0,1
34,55,3,22,7,10,0.5,2.0,0.2723334021043945,-0.5089196065024424,0,0,1,0
38,75,1,12,6,11,0.52,2.0,0.2723334021043945,1.0095386814012652,0,1,0,0
40,174,2,18,13,12,0.91,3.0,0.2767747230201067,2.1388455639125517,0,1,0,1
18,152,2,12,9,11,0.59,2.0,0.2733843537414966,-0.48763698187126936,1,0,1,0
34,59,4,15,11,14,0.67,1.0,0.2770060128550695,-0.479074652424864,0,1,0,1
44,135,1,17,9,8,0.85,1.0,0.2641112047177759,-0.2054312272466875,1,0,1,0
40,36,2,14,9,11,0.64,2.0,0.27474402730375425,-0.238017358736964,1,0,1,0
31,70,1,16,9,10,0.51,2.0,0.265988987717069,0.007407338963526941,1,1,0,0
34,176,4,13,12,11,0.69,2.0,0.265988987717069,0.5528523644965165,0,1,0,0
35,5,1,19,8,11,0.85,3.0,0.2723334021043945,2.1388455639125517,1,0,1,1
32,134,2,11,8,10,0.99,3.0,0.2767747230201067,-0.19011759343103013,1,0,1,1
30,161,1,11,11,12,1.0,2.0,0.2765167148163434,-0.56821527790611,1,0,1,0
25,167,3,19,6,8,0.78,1.0,0.2765167148163434,-0.1521291864555036,1,1,0,0
32,118,2,16,5,8,0.84,1.0,0.2767747230201067,-0.08573109357578894,0,0,1,1
22,11,3,16,7,11,0.74,1.0,0.2765167148163434,-0.23624329335526276,0,0,1,0
20,27,1,16,8,9,0.74,1.0,0.2765167148163434,2.1158902050647104,1,1,0,1
30,159,4,10,3,11,0.71,2.0,0.2719186785260483,-0.5485958395702819,1,1,0,0
22,68,2,12,9,9,0.98,1.0,0.27621483375959077,0.688026290663365,0,0,1,0
58,24,2,11,8,8,0.97,2.0,0.2723334021043945,0.12367022095737931,1,0,1,1
38,32,1,16,6,12,0.74,2.0,0.27391304347826084,0.5264077024005323,0,1,0,0
44,164,1,19,10,8,0.63,1.0,0.2723334021043945,0.43364502676497946,0,1,0,0
30,7,2,16,8,11,0.56,2.0,0.2770060128550695,-0.6346749702782449,0,1,0,0
20,115,4,12,6,13,0.95,2.0,0.2767747230201067,-0.20217877404690185,1,0,0,0
30,117,1,17,6,9,0.53,2.0,0.2655860349127182,-0.20812312506544947,0,0,0,0
46,114,2,11,8,13,0.54,2.0,0.27391304347826084,-0.4712453569382588,1,0,0,0
27,54,1,12,6,7,0.72,1.0,0.2655860349127182,-0.2904754864819914,0,1,0,0
18,98,2,11,13,6,0.68,1.0,0.265988987717069,2.134480931877121,1,0,1,1
31,16,1,12,9,10,0.5,1.0,0.2770060128550695,1.6871330980232724,0,1,0,0
32,39,1,7,9,8,0.97,3.0,0.26641414141414144,-0.5764880897381406,0,1,0,1
43,120,1,19,15,9,0.56,1.0,0.2767747230201067,0.14921553046402897,0,0,1,1
29,59,1,11,7,11,0.97,2.0,0.2765167148163434,0.4303864136159518,0,1,0,0
19,88,1,17,8,9,0.68,2.0,0.2723334021043945,-0.4439013422529398,0,0,1,0
42,144,2,13,6,11,0.56,3.0,0.2723334021043945,0.028215647503064576,0,1,0,0
28,39,1,23,9,10,0.82,1.0,0.2627646326276463,-0.5986207873647121,0,1,0,0
38,105,3,12,7,11,0.56,1.0,0.2770060128550695,-0.17174246484208971,0,1,0,1
31,107,2,11,5,10,0.92,1.0,0.2765167148163434,1.5350624310855678,0,0,0,0
38,129,3,13,9,10,0.76,3.0,0.2765167148163434,1.7460222127769667,0,0,1,0
26,133,3,12,8,10,0.63,2.0,0.2641112047177759,-0.3609391458614381,1,0,1,1
32,88,2,17,7,15,0.68,2.0,0.2655860349127182,-0.19627138272380634,0,0,1,0
46,99,3,16,10,14,0.96,2.0,0.2770060128550695,-0.1268425948170187,0,1,0,0
32,83,2,14,6,8,0.7,1.0,0.2767747230201067,-0.5657944178539969,0,0,0,0
20,16,3,7,3,12,0.58,1.0,0.2723334021043945,-0.43512341458306386,1,1,0,1
23,91,1,19,7,17,0.81,2.0,0.27474402730375425,-0.5300605523010491,0,1,0,0
43,23,3,20,10,8,0.51,3.0,0.265988987717069,-0.5927072360923746,1,1,0,0
30,97,2,14,10,14,0.97,2.0,0.27474402730375425,-0.21180677471217638,1,0,1,0
37,16,2,15,10,12,0.83,3.0,0.2723334021043945,2.1388455639125517,1,1,0,1
50,122,2,11,7,11,0.78,2.0,0.2765167148163434,1.8427149360289272,1,0,1,0
47,34,2,16,9,10,1.0,1.0,0.2733843537414966,-0.563472116989756,1,0,1,0
36,43,2,19,7,9,0.81,2.0,0.2765167148163434,0.4257972514306482,0,0,1,0
32,124,2,14,7,11,0.73,2.0,0.27391304347826084,0.40179192923450313,1,0,1,1
38,53,2,10,9,12,0.67,3.0,0.265988987717069,-0.12030072872199533,1,1,0,0
29,79,2,14,7,12,0.71,1.0,0.2767747230201067,-0.5221573374235396,1,1,0,0
45,49,2,17,8,11,0.63,2.0,0.27391304347826084,-0.2738621033762682,1,0,0,1
29,36,3,13,13,14,0.5,1.0,0.2641112047177759,-0.5216645414841782,1,1,0,1
45,60,3,14,7,14,0.55,2.0,0.27621483375959077,0.38520934587499,0,0,0,0
44,117,1,21,4,10,0.78,2.0,0.2767747230201067,2.1388455639125517,1,0,1,0
42,140,4,12,9,12,0.71,2.0,0.2765167148163434,1.6474445450569488,1,1,0,1
42,6,3,15,6,10,0.98,1.0,0.2719186785260483,-0.25022637813464416,1,0,1,1
30,150,1,14,9,6,0.63,1.0,0.2767747230201067,-0.25222220168905807,1,0,1,0
44,38,1,17,9,16,0.69,2.0,0.2723334021043945,-0.007647576983965652,1,1,0,1
40,71,1,16,11,11,0.59,2.0,0.2723334021043945,-0.4797768866384541,0,1,0,0
18,130,1,11,10,7,0.73,2.0,0.265988987717069,-0.5687080738454715,0,0,1,1
38,31,2,10,11,6,0.59,1.0,0.2767747230201067,-0.16274277899950104,0,1,0,0
40,95,4,12,7,11,0.76,3.0,0.2767747230201067,0.2965430364853794,0,1,0,1
38,109,1,15,14,14,0.67,1.0,0.27812113720642767,0.6574667824737124,1,1,0,0
34,82,3,20,6,10,0.74,3.0,0.2765167148163434,-0.22482890740980294,1,0,1,0
41,148,4,18,11,8,0.51,1.0,0.2723334021043945,-0.4505972070790137,0,0,1,0
48,118,1,13,4,8,0.7,2.0,0.27391304347826084,-0.3770782128755259,1,0,1,0
39,85,2,9,10,15,0.67,3.0,0.2765167148163434,-0.16113503224733428,1,0,1,1
30,98,1,12,9,10,0.7,3.0,0.27391304347826084,0.30348529928113394,1,1,0,0
44,131,2,20,9,8,0.96,3.0,0.2765167148163434,-0.3336567306685393,0,0,1,0
26,127,2,16,6,10,0.88,3.0,0.2770060128550695,-0.29070340460394606,1,1,0,1
27,145,2,16,12,3,0.55,1.0,0.2627646326276463,2.1388455639125517,0,1,0,0
18,136,4,13,6,13,0.72,1.0,0.2723334021043945,1.3932542395850658,0,0,1,1
33,68,1,10,10,8,0.9,1.0,0.2770060128550695,2.1388455639125517,0,0,0,0
19,24,4,13,11,10,0.59,3.0,0.2723334021043945,-0.19623442302835425,1,1,0,1
47,82,1,14,4,7,0.6,2.0,0.2767747230201067,0.34625998681770864,0,0,1,0
39,154,1,12,5,12,0.71,1.0,0.2723334021043945,-0.33894196711819097,1,1,0,0
32,71,1,19,12,6,0.52,2.0,0.2767747230201067,1.216014020044475,1,1,0,0
25,143,1,17,8,3,0.97,1.0,0.2767747230201067,0.5310215043828039,1,1,0,0
42,94,2,15,6,15,0.9,2.0,0.2627646326276463,-0.5854446559360351,0,0,0,0
40,87,1,11,12,16,0.93,2.0,0.27474402730375425,1.283927460437726,1,1,0,0
32,106,3,11,8,14,0.56,2.0,0.265988987717069,0.11138112221955292,0,1,0,0
51,164,4,17,7,11,0.96,2.0,0.2765167148163434,-0.13732066847769175,0,1,0,0
35,112,4,10,9,15,0.78,2.0,0.2765167148163434,1.472341827903338,1,1,0,0
37,93,1,19,8,7,0.57,3.0,0.2770060128550695,0.35002371580458175,0,1,0,0
41,48,3,16,5,15,0.63,2.0,0.2767747230201067,-0.23287380111987876,1,0,1,1
25,91,4,12,3,17,0.81,1.0,0.2770060128550695,-0.1718779837254141,0,0,0,0
44,110,4,15,7,15,0.75,2.0,0.27474402730375425,-0.3565471020518791,0,0,1,0
31,131,1,15,6,15,0.9,1.0,0.2719186785260483,0.5781327961857594,1,0,0,0
43,159,1,15,4,9,0.7,1.0,0.2767747230201067,1.7132020032154935,1,0,1,0
30,96,1,16,12,9,0.66,3.0,0.2723334021043945,-0.15970592402318604,0,1,0,0
24,141,2,16,6,14,0.66,2.0,0.27474402730375425,0.1990926394766507,0,1,0,0
22,40,3,12,6,10,0.69,3.0,0.2767747230201067,2.1388455639125517,1,0,1,1
35,7,2,9,3,9,0.71,1.0,0.2723334021043945,-0.4173396411213572,1,0,1,0
27,130,2,13,7,18,0.84,1.0,0.2723334021043945,0.7792243391914451,0,1,0,0
21,33,1,20,11,11,0.71,1.0,0.265988987717069,0.12274006862183455,1,0,1,1
38,163,1,13,12,10,0.77,2.0,0.2719186785260483,-0.4234995903633754,1,0,1,1
29,79,1,20,13,4,0.51,2.0,0.2733843537414966,0.5456575437818393,0,0,1,0
47,100,2,9,5,9,0.9,2.0,0.27391304347826084,-0.3712385809940926,0,0,1,1
37,177,3,17,5,7,0.95,2.0,0.27474402730375425,0.70726997209543,1,0,1,0
39,99,1,9,6,6,0.7,3.0,0.27474402730375425,2.1388455639125517,0,1,0,0
51,58,1,17,5,7,0.74,2.0,0.26641414141414144,-0.010819950843605049,1,0,1,0
37,1,3,11,18,6,0.69,1.0,0.2733843537414966,-0.1192104177061581,1,0,0,0
20,56,3,10,7,11,0.77,2.0,0.2767747230201067,2.1388455639125517,0,1,0,1
39,158,3,17,8,10,0.57,2.0,0.2719186785260483,2.1388455639125517,1,0,1,0
50,154,1,12,5,6,0.65,3.0,0.2723334021043945,-0.5143526817339025,0,0,1,1
60,72,2,18,9,11,0.88,1.0,0.2767747230201067,-0.27460129728531035,1,1,0,0
38,119,1,15,5,9,0.66,2.0,0.27812113720642767,-0.5932862713211243,0,1,0,0
46,9,2,13,8,13,0.62,2.0,0.27474402730375425,1.0097419597262518,1,0,1,0
25,91,1,11,9,4,0.66,2.0,0.27621483375959077,0.5154368328004977,0,1,0,0
49,59,3,12,8,14,0.97,3.0,0.2770060128550695,0.5128742939158182,0,1,0,0
50,119,1,13,10,7,0.68,2.0,0.27391304347826084,-0.6193428566148615,0,0,1,1
49,139,4,18,8,10,0.94,1.0,0.2719186785260483,-0.027328614812213946,1,1,0,0
39,93,1,14,6,9,0.72,3.0,0.2770060128550695,0.8276908198276446,1,1,0,0
18,148,2,13,5,14,0.82,3.0,0.2767747230201067,0.010610512569376429,0,0,0,0
35,104,4,10,13,7,0.82,2.0,0.2719186785260483,-0.5642421106450083,1,0,0,0
41,97,1,16,11,10,0.89,2.0,0.265988987717069,-0.4145491841147229,0,1,0,0
43,84,1,10,9,13,0.73,1.0,0.2723334021043945,-0.32073315715878503,0,0,1,0
38,88,1,15,7,17,0.95,2.0,0.2765167148163434,-0.564833465772242,0,0,1,0
49,90,4,13,8,9,0.56,1.0,0.27391304347826084,1.0718896876289739,1,0,0,1
43,68,1,13,9,7,0.54,1.0,0.27474402730375425,0.07434750737653922,1,0,1,0
35,149,2,11,6,12,0.97,3.0,0.2770060128550695,0.8623590141617233,0,0,0,1
26,156,2,10,7,8,0.6,1.0,0.2770060128550695,-0.4272756392487326,1,1,0,0
49,107,2,22,5,10,0.98,3.0,0.27391304347826084,1.668123494662404,0,0,0,0
49,28,2,12,13,6,0.95,2.0,0.2765167148163434,0.31574975822199225,1,1,0,1
18,180,3,11,14,10,0.85,2.0,0.27391304347826084,-0.5959288895459501,0,1,0,0
28,97,1,15,2,14,0.58,2.0,0.27391304347826084,0.077649240170261,1,1,0,0
18,132,1,16,5,7,0.75,2.0,0.265988987717069,-0.41728420157817897,1,0,1,0
41,138,1,22,5,11,0.53,1.0,0.27391304347826084,-0.40852475375602904,0,0,0,0
43,63,2,19,10,11,0.57,1.0,0.2733843537414966,0.44151128194703676,1,0,1,1
27,16,2,11,10,15,0.78,2.0,0.2641112047177759,-0.21062406445770887,1,0,1,1
45,116,3,7,19,11,0.79,1.0,0.2767747230201067,-0.3971658073537474,1,0,1,0
47,17,4,19,2,8,0.77,2.0,0.2723334021043945,0.4779412217643327,1,1,0,0
27,74,2,9,9,9,0.82,3.0,0.27391304347826084,-0.5971423995466277,0,1,0,1
32,100,3,21,7,10,0.57,2.0,0.27391304347826084,-0.5917586039091038,0,1,0,1
47,165,4,14,8,6,0.89,1.0,0.27474402730375425,-0.15575739655905235,0,1,0,1
35,74,1,18,4,15,0.64,1.0,0.27391304347826084,0.22115141771231805,0,1,0,1
51,70,2,8,11,8,0.85,1.0,0.27474402730375425,-0.11436869760193176,0,0,1,1
47,74,4,23,4,11,0.89,2.0,0.2767747230201067,-0.3521550582423201,1,0,1,0
46,22,4,11,5,17,0.61,2.0,0.2765167148163434,0.11927201719857829,1,0,1,0
25,180,2,19,9,10,0.96,2.0,0.2733843537414966,0.22111445801686594,1,0,1,0
43,165,3,9,6,14,0.5,3.0,0.2765167148163434,-0.3111051564935105,1,1,0,0
36,115,2,17,4,10,0.81,2.0,0.2641112047177759,-0.6024399558947634,0,1,0,1
49,12,2,16,7,15,0.7,2.0,0.2765167148163434,0.02640462242591121,1,0,1,0
26,104,1,16,9,11,0.72,1.0,0.2765167148163434,-0.4464515612391354,1,0,1,0
36,107,2,13,9,11,0.78,2.0,0.2733843537414966,-0.1392364126919594,1,0,1,1
39,101,1,15,13,8,0.52,2.0,0.2765167148163434,-0.29928421389807747,1,0,1,0
40,132,2,14,11,10,0.77,2.0,0.2765167148163434,2.1388455639125517,0,1,0,1
32,160,1,12,1,17,0.56,2.0,0.265988987717069,-0.031486580550576265,0,1,0,0
40,75,1,15,10,6,0.73,2.0,0.27812113720642767,-0.3364718274721416,0,0,1,1
24,131,2,9,9,7,0.89,2.0,0.2723334021043945,-0.38954595014137083,0,1,0,0
18,6,3,22,8,3,0.66,2.0,0.2733843537414966,0.5799684610598809,0,1,0,0
36,65,1,18,10,9,0.74,1.0,0.2770060128550695,0.4276821958987058,1,1,0,0
43,175,2,18,9,10,0.62,2.0,0.2767747230201067,1.103293108864783,1,0,1,0
42,38,2,11,8,11,0.61,2.0,0.2767747230201067,-0.14641275355891067,1,0,1,0
35,83,1,7,9,11,0.68,2.0,0.2733843537414966,0.7905401659490325,0,1,0,0
31,153,1,13,8,9,0.68,2.0,0.2767747230201067,0.7084773221468655,1,1,0,0
32,129,3,20,8,12,0.7,2.0,0.2723334021043945,0.6263467189030363,1,1,0,0
43,65,1,15,6,7,0.63,2.0,0.2770060128550695,0.22483506735904496,1,1,0,1
32,66,4,14,4,14,0.94,2.0,0.265988987717069,-0.468276261403606,0,1,0,0
51,136,1,16,5,12,0.5,1.0,0.2767747230201067,0.49357517294057496,1,1,0,0
30,91,2,24,10,11,0.79,1.0,0.265988987717069,0.31445000893192643,0,0,1,0
54,112,1,17,8,9,0.5,2.0,0.2723334021043945,0.38337368100086855,0,1,0,0
39,63,1,23,7,8,0.78,1.0,0.2655860349127182,-0.5149809965565884,0,1,0,1
36,68,3,9,8,12,0.51,3.0,0.265988987717069,0.5903479755326816,0,1,0,0
21,155,2,16,9,6,0.56,2.0,0.2627646326276463,-0.6354018442888031,0,0,0,0
46,36,1,18,6,7,0.73,2.0,0.2770060128550695,0.42610524889274914,0,1,0,0
34,98,3,11,3,8,0.79,2.0,0.27621483375959077,1.1507924774699856,1,0,1,0
28,135,2,16,13,7,0.96,2.0,0.2733843537414966,-0.5452756269288341,0,1,0,0
24,86,1,13,8,12,0.93,1.0,0.2767747230201067,0.32614775254251904,1,1,0,0
35,138,2,16,10,11,0.6,2.0,0.2770060128550695,-0.5901570171061791,0,0,1,1
30,95,1,11,3,15,0.64,3.0,0.2719186785260483,1.7297106671841025,0,1,0,0
45,91,2,18,13,9,0.54,3.0,0.2767747230201067,-0.10477149668286734,1,0,1,1
39,141,2,16,5,12,0.69,1.0,0.2655860349127182,-0.4249410184860077,0,1,0,0
25,32,1,17,6,7,0.7,2.0,0.27474402730375425,-0.5214304634129815,0,1,0,0
30,155,1,16,7,6,0.79,3.0,0.2765167148163434,2.1388455639125517,0,0,0,1
35,33,2,17,7,12,0.72,2.0,0.2767747230201067,0.9228805154645525,1,1,0,0
38,134,1,15,14,10,0.78,2.0,0.2767747230201067,-0.6228293878858439,1,0,0,0
28,59,3,17,11,10,0.71,1.0,0.2767747230201067,-0.07725500341877183,1,0,1,1
48,178,2,17,10,12,0.69,1.0,0.2770060128550695,-0.2717554007354979,1,0,1,0
30,112,2,17,6,16,0.7,1.0,0.2767747230201067,0.24548937716753214,0,0,1,0
34,5,3,10,9,9,0.61,2.0,0.2723334021043945,-0.08379686951379521,1,0,0,0
38,13,2,14,6,9,0.92,3.0,0.2765167148163434,0.6882665286838037,0,0,1,0
27,160,3,23,9,14,0.87,2.0,0.27391304347826084,-0.1429077424402023,1,1,0,1
45,31,2,19,13,9,0.51,3.0,0.27621483375959077,0.07208680600471852,1,0,1,0
21,170,3,19,5,10,0.6,2.0,0.2765167148163434,0.22397883441440442,1,0,0,0
28,132,3,20,6,7,0.56,2.0,0.2767747230201067,-0.28398289998090415,1,0,1,0
49,160,2,14,13,10,0.54,1.0,0.2723334021043945,-0.03624822131465637,0,1,0,0
53,171,2,13,10,7,0.68,2.0,0.265988987717069,2.1388455639125517,1,0,1,0
40,8,4,14,13,10,0.93,1.0,0.27391304347826084,-0.553006363227567,1,1,0,0
18,151,2,19,6,8,0.59,1.0,0.27812113720642767,0.8852678653927891,0,1,0,0
41,24,4,14,7,10,0.75,3.0,0.27474402730375425,1.4214113675703313,0,1,0,0
34,105,1,11,8,12,0.87,3.0,0.2767747230201067,-0.22472418827268864,1,0,1,0
43,84,1,10,10,12,0.5,1.0,0.2765167148163434,-0.5782375153228737,0,0,1,0
23,30,1,12,11,6,0.78,2.0,0.27391304347826084,-0.29127011993421176,1,0,0,0
30,141,1,19,12,7,0.56,1.0,0.2765167148163434,1.421731684930916,1,1,0,0
33,124,1,10,9,14,0.98,1.0,0.2733843537414966,-0.23792495949833373,0,0,1,1
27,156,2,18,11,16,0.67,2.0,0.2723334021043945,0.8363085888172281,1,1,0,0
44,57,2,20,8,8,0.69,3.0,0.2719186785260483,0.10297279150419801,0,1,0,0
35,157,2,16,9,15,0.76,3.0,0.27474402730375425,1.3264126303599257,1,1,0,0
36,78,1,22,8,10,0.78,2.0,0.2627646326276463,-0.10215967820425159,0,1,0,0
28,51,1,6,3,12,0.74,1.0,0.27474402730375425,-0.47951816877028935,0,0,1,1
42,102,1,20,4,6,0.74,3.0,0.2767747230201067,-0.03097530476348875,1,1,0,0
34,137,3,14,10,13,0.51,2.0,0.27391304347826084,-0.3650108723104122,1,0,1,0
45,24,2,20,10,10,0.73,1.0,0.265988987717069,-0.2931119447575752,1,0,1,1
31,140,2,17,8,8,0.94,3.0,0.2767747230201067,-0.2580618335704914,1,1,0,0
31,111,2,12,9,11,0.71,1.0,0.27391304347826084,1.348403649153931,0,0,1,0
34,41,2,13,8,6,0.76,3.0,0.27391304347826084,-0.17052895484141212,0,1,0,1
24,158,3,14,6,8,0.7,2.0,0.2770060128550695,0.7398745834334325,0,1,0,1
52,167,3,20,5,9,0.78,1.0,0.27474402730375425,-0.3759755819612046,1,1,0,0
29,72,1,18,11,5,0.58,3.0,0.265988987717069,0.7450735805936959,1,1,0,0
37,171,1,13,11,10,0.6,1.0,0.27474402730375425,0.7283123587061643,0,1,0,0
33,93,3,11,10,12,0.63,3.0,0.27391304347826084,0.19012991332951418,1,0,1,0
38,137,4,15,6,10,0.73,3.0,0.27474402730375425,-0.5822476422794276,1,1,0,0
38,119,3,21,10,12,0.98,2.0,0.2765167148163434,-0.22379403593714386,0,1,0,1
30,73,4,20,12,8,0.64,2.0,0.2767747230201067,0.5382779245899014,0,0,1,1
33,176,1,13,2,15,0.79,1.0,0.27391304347826084,2.1388455639125517,1,0,1,0
41,7,3,14,10,6,0.94,1.0,0.2719186785260483,-0.27451505799592213,0,1,0,1
40,107,2,15,3,14,0.68,3.0,0.26641414141414144,-0.3519456199680915,1,1,0,0
25,133,2,14,12,9,0.59,1.0,0.2733843537414966,0.09413326434190182,1,0,0,1
50,66,2,14,5,10,0.83,3.0,0.2770060128550695,-0.553677797694947,1,0,1,0
36,110,1,10,5,14,0.92,2.0,0.2723334021043945,-0.4205920943211428,0,0,0,1
45,79,2,9,5,14,0.68,2.0,0.265988987717069,-0.5914013268530667,0,1,0,0
29,92,2,12,12,11,0.99,1.0,0.2719186785260483,0.7539439075022022,0,1,0,0
31,35,2,24,11,14,0.93,1.0,0.2767747230201067,2.1388455639125517,0,1,0,0
37,158,4,13,5,9,0.62,3.0,0.27621483375959077,0.38499374765151934,0,1,0,0
38,174,1,17,12,10,0.96,1.0,0.2723334021043945,2.1388455639125517,1,1,0,1
40,28,1,13,6,8,0.87,2.0,0.2723334021043945,0.24053061802770745,1,1,0,0
26,68,3,16,8,11,0.79,2.0,0.265988987717069,-0.5662872137933583,1,1,0,1
43,29,1,10,14,7,0.67,2.0,0.27391304347826084,0.9204226957169873,0,0,1,0
33,35,3,13,12,12,0.96,1.0,0.265988987717069,-0.4572992318543295,0,0,1,1
38,127,1,20,6,14,0.82,1.0,0.2655860349127182,-0.5025440590369535,1,0,1,0
18,32,1,18,6,15,0.52,2.0,0.2723334021043945,0.6081132691466622,0,0,1,0
36,99,1,17,12,11,0.61,2.0,0.2765167148163434,-0.055313264218702834,1,0,1,1
35,107,1,17,11,14,0.76,1.0,0.27474402730375425,-0.07732276286043403,1,0,1,1
31,7,1,16,9,11,0.79,1.0,0.265988987717069,0.948006948422745,0,1,0,0
45,117,2,21,5,8,0.92,1.0,0.27474402730375425,2.1388455639125517,0,0,1,0
31,74,2,20,9,10,0.62,3.0,0.2765167148163434,-0.21649449608535226,1,1,0,1
49,101,2,12,9,15,0.93,1.0,0.2723334021043945,-0.04592550157386703,0,1,0,1
31,132,3,18,8,11,0.51,2.0,0.2770060128550695,-0.30632503588170434,1,0,0,1
35,164,2,14,4,7,0.57,2.0,0.2723334021043945,-0.42326551229217874,1,0,1,0
29,23,3,14,7,9,0.62,3.0,0.27391304347826084,-0.32831605467570946,1,0,0,0
42,171,1,12,9,13,0.84,2.0,0.2767747230201067,-0.2019200561787371,0,1,0,0
39,42,2,13,5,16,0.77,1.0,0.2641112047177759,1.5825925994369807,0,0,1,0
27,28,1,17,8,14,0.69,1.0,0.2733843537414966,0.3585737253525031,1,0,1,1
25,168,4,16,10,11,0.66,2.0,0.26641414141414144,-0.45187231657211147,0,0,1,0
35,152,2,23,13,7,0.62,2.0,0.2723334021043945,-0.16585971331596228,1,1,0,0
28,93,3,15,6,9,0.5,1.0,0.2767747230201067,-0.5497970296724755,0,1,0,1
30,149,3,17,6,9,0.87,3.0,0.27391304347826084,-0.6164353605726289,0,0,1,0
46,73,1,16,11,12,0.84,2.0,0.27391304347826084,0.16618619062578924,0,0,1,1
41,148,1,21,3,6,0.56,2.0,0.27391304347826084,-0.4959282735510259,1,1,0,0
41,117,2,15,13,11,0.63,2.0,0.2641112047177759,1.5153013139171734,0,0,1,1
35,71,3,13,10,7,0.79,1.0,0.27474402730375425,0.012298338661689428,0,1,0,0
22,16,1,14,10,8,0.52,1.0,0.2719186785260483,-0.5567023327727779,1,1,0,0
44,122,2,10,11,13,0.79,2.0,0.27391304347826084,-0.5375572105285853,1,1,0,0
27,20,1,15,7,7,0.68,1.0,0.27391304347826084,1.2378079204627355,1,1,0,0
48,26,1,12,12,6,0.61,2.0,0.2765167148163434,-0.4289080257978674,1,1,0,0
56,79,1,14,14,9,0.79,1.0,0.2767747230201067,-0.5807076549689231,1,1,0,0
26,21,1,14,10,15,0.56,3.0,0.26641414141414144,0.46982856861259464,1,0,1,0
26,78,1,16,5,5,0.69,1.0,0.2767747230201067,0.14519924355823308,1,1,0,1
44,72,2,20,10,7,0.62,3.0,0.2733843537414966,-0.15949032579971542,0,1,0,0
34,107,4,17,5,10,0.61,3.0,0.2723334021043945,0.6725648180658992,1,1,0,0
45,56,1,15,9,7,0.86,1.0,0.27391304347826084,2.1388455639125517,0,1,0,0
43,81,1,8,7,10,0.97,2.0,0.265988987717069,0.8902081446848878,0,0,0,0
35,157,2,17,8,8,0.92,2.0,0.27391304347826084,0.7050647102667874,0,0,0,0
27,101,3,18,12,7,0.54,2.0,0.27621483375959077,-0.35091690844467444,0,0,1,1
48,17,1,17,7,9,0.93,1.0,0.2723334021043945,-0.2533125127048953,1,1,0,0
28,34,1,13,5,10,0.8,2.0,0.2765167148163434,-0.49440060613900544,1,1,0,0
45,130,1,11,8,11,0.61,3.0,0.2765167148163434,-0.492916058371679,1,0,0,0
43,137,1,25,5,9,0.52,3.0,0.27391304347826084,-0.45678179611799996,1,0,1,0
18,78,1,20,12,7,0.73,2.0,0.2765167148163434,-0.557737204245437,1,1,0,0
27,99,2,15,11,12,0.63,2.0,0.2641112047177759,-0.5974195972625186,0,0,1,0
30,83,3,21,14,7,0.58,2.0,0.2641112047177759,-0.1800830361157824,1,0,1,0
32,15,4,20,11,12,0.58,1.0,0.27391304347826084,-0.35768053271241046,1,1,0,1
30,67,4,19,9,4,0.83,2.0,0.2767747230201067,0.046997332741978204,1,1,0,0
18,157,1,10,4,5,0.66,1.0,0.2765167148163434,-0.4346121387959763,0,1,0,0
48,10,1,13,8,9,0.99,2.0,0.265988987717069,0.22607321715669063,0,0,1,0
44,46,3,16,7,6,0.97,2.0,0.27391304347826084,-0.4431498284454136,1,1,0,0
22,147,3,17,9,6,0.63,3.0,0.2723334021043945,0.32311705751544606,1,1,0,1
48,74,1,10,4,8,0.93,1.0,0.2767747230201067,1.3002636458275585,1,1,0,0
41,137,2,20,6,5,0.82,2.0,0.27391304347826084,-0.028178687807612464,0,0,1,0
41,110,1,10,8,6,0.92,1.0,0.2723334021043945,-0.5718742877558689,1,1,0,1
42,15,2,14,11,14,0.68,2.0,0.2723334021043945,-0.3222793044185316,1,0,1,0
36,30,2,7,7,10,0.58,1.0,0.2723334021043945,-0.26449898052840043,1,0,1,1
41,172,1,14,12,10,0.9,1.0,0.2723334021043945,-0.055923099193662645,1,1,0,0
42,175,2,23,9,8,0.98,3.0,0.2719186785260483,-0.37871675937390276,0,1,0,1
42,147,2,13,2,12,0.58,1.0,0.2723334021043945,0.10395222343367891,0,1,0,1
32,162,4,16,5,10,0.52,2.0,0.2770060128550695,0.14315414040988303,0,0,1,0
41,116,1,19,7,6,0.99,2.0,0.2770060128550695,-0.05602165838153494,0,0,1,0
46,168,1,21,12,4,0.54,1.0,0.2765167148163434,1.4701735257701476,0,1,0,0
39,80,1,11,7,9,0.69,3.0,0.2767747230201067,-0.13732066847769175,1,0,1,0
26,21,1,19,4,11,0.87,1.0,0.2733843537414966,-0.30208083085395376,0,0,1,0
30,76,1,12,5,10,0.58,1.0,0.2719186785260483,-0.5539673153093219,0,0,1,0
29,122,1,15,7,10,0.74,3.0,0.2733843537414966,-0.5933848305089966,1,0,0,1
44,138,2,16,11,7,0.85,1.0,0.27391304347826084,-0.5917339641121357,1,0,1,0
39,115,3,19,8,13,0.66,1.0,0.27391304347826084,-0.5659176168388372,1,0,0,1
47,6,1,9,8,14,0.96,2.0,0.2767747230201067,-0.2422677237139566,0,0,1,0
39,76,3,17,4,6,0.9,1.0,0.2765167148163434,-0.5435138814456169,1,0,0,0
37,59,2,15,8,13,0.81,3.0,0.27391304347826084,-0.116475400242702,0,0,0,1
34,118,2,14,8,11,0.81,2.0,0.2765167148163434,0.189735676578025,0,1,0,0
19,138,1,18,8,13,0.94,2.0,0.2765167148163434,-0.3493276415402337,0,1,0,0
63,18,2,15,8,11,0.6,1.0,0.27391304347826084,-0.6314348369769434,1,1,0,1
28,47,3,25,7,7,0.77,1.0,0.2765167148163434,1.0339136005519314,1,0,1,0
33,97,1,13,10,11,0.94,2.0,0.2770060128550695,-0.03101226445894086,0,0,0,0
28,120,3,8,8,8,0.84,2.0,0.2733843537414966,0.34937692113416985,0,1,0,0
42,179,2,13,9,6,0.93,3.0,0.2765167148163434,1.7060687819932363,1,1,0,0
31,30,1,19,9,9,0.7,3.0,0.2765167148163434,0.2310258163472733,1,0,1,0
32,103,2,12,9,14,0.62,1.0,0.2767747230201067,-0.45667091703164364,0,0,1,1
18,79,1,15,13,11,1.0,2.0,0.2770060128550695,-0.48188974922846634,1,1,0,0
49,96,1,10,6,9,0.63,1.0,0.26641414141414144,0.2755930491132753,1,0,1,1
29,15,1,17,14,8,0.62,2.0,0.27812113720642767,-0.47959824811043555,0,1,0,0
32,50,1,18,11,12,0.55,2.0,0.2641112047177759,0.14434917056283456,0,1,0,1
41,111,3,16,7,7,0.58,2.0,0.27391304347826084,-0.5304239893063282,1,1,0,0
29,27,3,12,10,13,0.67,1.0,0.2719186785260483,-0.42868626762515477,0,1,0,1
32,171,1,22,10,8,0.75,2.0,0.2770060128550695,2.1388455639125517,0,1,0,0
21,92,1,13,9,12,0.97,1.0,0.27621483375959077,0.42975809879326593,0,0,1,0
43,51,1,16,7,9,0.69,2.0,0.2767747230201067,2.1388455639125517,1,0,1,1
34,113,4,14,10,8,0.75,2.0,0.2733843537414966,-0.533768841744744,1,1,0,1
35,43,2,13,5,8,0.69,1.0,0.27474402730375425,0.2905863655683477,0,1,0,1
52,121,4,19,16,7,0.78,1.0,0.2770060128550695,-0.615141771231805,0,1,0,0
18,175,3,17,3,13,0.62,1.0,0.27391304347826084,1.3303365180270914,0,1,0,0
32,96,2,13,10,13,0.64,2.0,0.27391304347826084,-0.19968399460388447,1,0,1,1
33,64,1,13,7,4,0.8,3.0,0.2655860349127182,-0.2792705388107602,1,1,0,0
25,167,1,12,10,8,0.51,3.0,0.2733843537414966,1.781183203050407,0,1,0,0
31,135,2,12,3,15,0.52,2.0,0.2627646326276463,-0.5166503428011753,1,1,0,1
29,118,3,12,6,17,0.5,2.0,0.26641414141414144,1.4241956646277234,0,1,0,0
38,104,1,10,9,9,0.99,1.0,0.2723334021043945,0.09967721865971825,1,0,1,0
35,35,1,15,10,9,0.75,2.0,0.2641112047177759,-0.6043310603120631,0,1,0,1
40,72,1,15,8,9,0.74,3.0,0.2719186785260483,-0.47965984760285574,0,1,0,0
30,97,1,22,10,13,0.64,1.0,0.265988987717069,-0.4904089590301776,0,0,1,0
32,128,4,15,10,11,0.65,1.0,0.2723334021043945,0.018624606533242168,0,0,0,0
33,15,2,16,3,9,0.79,3.0,0.2765167148163434,2.1388455639125517,1,1,0,0
33,104,2,16,10,8,0.54,1.0,0.27812113720642767,0.354828476213356,1,1,0,0
23,125,1,17,8,7,0.65,2.0,0.2723334021043945,-0.017546615415888974,0,0,0,0
52,86,3,13,12,12,0.99,1.0,0.2641112047177759,0.028067808721256138,0,1,0,0
48,15,2,17,7,8,0.68,2.0,0.2733843537414966,-0.43067593123032666,0,1,0,0
34,49,1,15,11,4,0.86,2.0,0.27474402730375425,0.3894658708012246,0,0,1,1
36,176,3,18,8,9,0.79,2.0,0.2723334021043945,-0.06261280407049447,1,0,1,0
28,74,3,13,7,12,0.53,2.0,0.2719186785260483,1.8570614578135876,0,0,1,0
38,13,2,17,9,14,0.6,1.0,0.2641112047177759,0.5329002889016194,0,0,1,0
21,16,3,13,8,7,0.73,2.0,0.2770060128550695,0.29200931384325396,0,0,1,1
40,48,3,12,11,9,0.91,1.0,0.2719186785260483,0.10171000190958426,0,0,0,1
18,77,1,17,3,12,0.55,2.0,0.2767747230201067,0.802163990168721,0,0,0,0
25,21,2,17,7,5,0.68,2.0,0.2767747230201067,0.14519308360899105,0,0,1,0
55,59,1,13,10,12,0.63,2.0,0.2733843537414966,-0.5072995398517917,1,0,1,1
34,47,2,11,5,12,0.52,1.0,0.2770060128550695,-0.39829923801427874,1,1,0,0
32,31,4,12,4,11,0.65,2.0,0.2767747230201067,0.6940199212758487,1,0,1,0
34,48,3,8,8,12,0.66,2.0,0.2767747230201067,-0.3372110213811838,0,0,1,0
30,34,3,16,8,8,0.99,3.0,0.2723334021043945,-0.07702708529681715,1,0,1,1
44,26,1,21,5,8,0.52,1.0,0.27391304347826084,-0.4128675179716519,0,1,0,0
33,141,2,13,8,9,0.79,3.0,0.2765167148163434,1.4478498697170736,1,1,0,0
42,47,2,24,10,15,0.9,3.0,0.2723334021043945,1.6685115714646512,0,0,1,1
53,111,4,18,11,7,0.56,2.0,0.2770060128550695,-0.5448074707864408,1,0,1,0
51,171,1,16,6,5,0.83,3.0,0.2770060128550695,0.022351375824663205,1,1,0,0
30,77,3,17,11,7,0.57,3.0,0.27474402730375425,0.10240607617393233,1,1,0,0
35,120,1,21,10,5,0.58,2.0,0.27621483375959077,0.028215647503064576,1,1,0,0
43,72,1,13,12,9,0.75,2.0,0.2767747230201067,0.12192695532188814,0,0,1,0
27,123,1,19,5,10,0.95,2.0,0.2733843537414966,-0.4592149760685972,0,0,1,0
25,105,3,14,13,8,0.84,2.0,0.265988987717069,2.1388455639125517,1,0,0,1
49,27,4,20,7,13,0.66,1.0,0.2770060128550695,-0.3199262038080806,0,0,1,0
32,86,1,16,12,7,0.67,1.0,0.2641112047177759,2.1388455639125517,0,1,0,0
18,125,1,14,7,7,0.56,2.0,0.27391304347826084,-0.16512051940692007,0,1,0,0
46,97,1,13,8,10,0.83,2.0,0.2765167148163434,2.1388455639125517,0,1,0,0
29,7,2,13,11,11,0.98,2.0,0.2770060128550695,0.9679836638146102,0,0,1,1
39,120,1,17,7,12,0.93,1.0,0.27812113720642767,0.42454062178527646,1,1,0,1
25,54,2,16,10,11,0.95,1.0,0.2723334021043945,-0.02346016668822649,1,1,0,1
29,94,3,14,5,12,0.59,1.0,0.2719186785260483,0.16758449910372739,0,1,0,1
57,50,3,9,7,10,0.72,1.0,0.2767747230201067,2.1388455639125517,0,0,1,0
27,10,1,21,9,6,0.73,3.0,0.2770060128550695,-0.45134256093729785,1,1,0,1
27,118,4,16,9,11,0.76,3.0,0.2719186785260483,0.062126168080375015,1,0,1,0
31,145,2,24,7,12,0.72,2.0,0.2641112047177759,-0.20860976105556892,1,1,0,0
44,32,1,8,7,15,0.7,2.0,0.27812113720642767,-0.6126839514842398,0,0,1,0
34,41,1,15,5,15,0.78,3.0,0.2719186785260483,1.6655609557777245,0,0,1,1
46,127,1,15,10,5,0.64,3.0,0.2770060128550695,-0.5671003270933047,1,0,0,0
20,77,1,20,5,10,0.74,2.0,0.27474402730375425,-0.5450107491114273,0,0,0,0
27,108,3,13,5,9,0.82,2.0,0.27474402730375425,0.16828673331731747,1,1,0,0
26,61,3,18,7,9,0.98,2.0,0.2723334021043945,-0.6102877312290946,1,0,1,0
43,21,1,18,9,11,0.66,2.0,0.2627646326276463,0.5111002285341169,1,1,0,1
28,79,3,23,3,13,0.69,2.0,0.2767747230201067,1.1850664350525753,1,1,0,0
25,139,2,17,13,17,0.67,2.0,0.2767747230201067,-0.3117827509101325,1,0,1,1
32,28,3,15,8,13,0.69,2.0,0.2719186785260483,0.7358151768829425,0,0,1,0
27,115,3,15,10,5,0.71,2.0,0.2765167148163434,0.5192128816858549,1,0,1,0
47,3,3,10,8,24,0.96,3.0,0.2655860349127182,1.1623054226033178,0,1,0,0
25,71,1,12,5,13,0.92,1.0,0.2765167148163434,0.25893654636285796,1,0,1,0
18,66,3,8,5,11,0.92,1.0,0.2767747230201067,0.8938301948391946,0,1,0,0
47,7,2,8,9,10,0.81,1.0,0.2767747230201067,-0.3006086029851114,1,0,1,1
50,16,3,22,5,12,0.97,2.0,0.27391304347826084,1.4864542716168019,1,0,1,1
48,145,2,14,11,12,0.89,2.0,0.26641414141414144,0.23741368371124622,1,0,0,0
30,26,3,13,9,14,0.53,2.0,0.2723334021043945,0.2990809355730909,1,1,0,0
47,172,1,18,4,8,0.71,1.0,0.2733843537414966,-0.435191174024726,0,0,0,0
32,83,1,7,9,8,0.71,3.0,0.2767747230201067,-0.3710599424660741,0,1,0,0
38,79,3,8,12,10,0.8,1.0,0.2770060128550695,-0.29189227480765556,1,0,0,0
24,138,1,14,5,7,0.61,1.0,0.2723334021043945,-0.6304800448444304,1,1,0,0
43,83,1,11,5,7,0.93,1.0,0.27474402730375425,0.13684635238605633,1,1,0,0
20,72,2,17,8,13,0.75,1.0,0.2767747230201067,0.32949260498093497,1,0,0,1
23,9,2,14,6,15,0.96,3.0,0.2767747230201067,-0.607694392598205,1,0,1,1
21,97,1,11,7,15,0.99,3.0,0.27391304347826084,-0.20174757759996056,1,1,0,1
48,176,1,14,9,5,0.93,2.0,0.265988987717069,0.5326415710334547,0,1,0,0
18,131,1,15,6,6,0.91,1.0,0.27474402730375425,-0.42564325269959774,1,0,1,0
44,145,2,21,4,11,0.94,2.0,0.2641112047177759,0.6485225361743019,0,0,1,0
49,82,3,15,8,12,0.95,2.0,0.2765167148163434,0.6892582805117686,1,0,1,0
55,103,3,23,9,10,0.76,2.0,0.2767747230201067,-0.018027091456766398,1,0,0,0
21,13,1,20,10,10,0.87,1.0,0.2627646326276463,1.4438151029635515,0,0,1,1
45,160,1,10,11,5,0.94,1.0,0.2770060128550695,2.1388455639125517,1,0,1,0
21,178,1,14,5,10,0.81,2.0,0.2767747230201067,-0.1704611953997499,0,0,0,0
34,74,2,17,9,14,0.96,1.0,0.2765167148163434,0.3402232365605307,0,1,0,0
45,46,1,16,4,15,0.78,3.0,0.2765167148163434,-0.6349952876388298,0,0,1,0
29,6,2,12,9,14,0.86,2.0,0.2723334021043945,0.7886737013287011,1,1,0,0
36,135,1,10,1,3,0.72,2.0,0.2767747230201067,0.2818084378984717,0,0,1,0
53,55,4,15,13,5,0.84,2.0,0.2767747230201067,-0.29104220181225704,1,1,0,0
37,9,1,20,10,6,0.73,1.0,0.27812113720642767,-0.35227825722716044,1,0,1,1
28,47,1,18,8,8,0.59,2.0,0.2723334021043945,-0.339644201331781,1,1,0,1
41,174,3,17,5,11,0.79,2.0,0.265988987717069,0.5963046464497133,0,0,1,0
27,169,3,10,9,11,0.98,1.0,0.2765167148163434,-0.449704014438921,1,1,0,1
33,3,1,14,5,12,0.85,1.0,0.2767747230201067,0.9828291414878741,0,0,1,1
43,71,1,8,8,10,0.57,2.0,0.2765167148163434,0.44873690240792413,0,1,0,0
27,130,3,16,5,8,0.65,3.0,0.2767747230201067,1.1021719981027356,0,0,1,1
49,25,1,13,6,13,0.78,3.0,0.2723334021043945,-0.41253488071258293,1,1,0,1
46,19,1,16,6,13,0.8,3.0,0.2770060128550695,-0.4254830940193053,1,1,0,0
34,108,1,8,9,6,0.95,2.0,0.26641414141414144,-0.04199545395745939,1,0,0,0
42,90,3,11,9,6,0.57,1.0,0.2765167148163434,-0.5809047733446676,1,0,1,1
48,111,1,9,8,16,0.67,2.0,0.2770060128550695,2.1388455639125517,0,0,1,0
41,130,2,12,7,4,0.51,2.0,0.265988987717069,1.6711110700447829,0,1,0,0
21,48,1,16,8,8,0.91,3.0,0.2655860349127182,0.3445660007761536,0,0,1,0
31,16,3,12,9,11,0.88,1.0,0.2770060128550695,2.031424981058156,1,1,0,1
50,152,1,8,7,8,0.61,3.0,0.27391304347826084,-0.6159548845317515,0,0,1,0
42,137,4,11,8,14,0.6,1.0,0.2641112047177759,-0.06606237564602467,0,0,1,0
53,45,1,18,8,16,0.7,2.0,0.2770060128550695,0.0959504493682972,1,0,1,0
44,123,2,16,9,9,0.58,1.0,0.27391304347826084,-0.17253093834506802,1,0,1,0
18,34,1,20,7,12,0.71,2.0,0.2733843537414966,0.6619943451665958,0,0,1,1
21,5,3,17,9,9,0.78,1.0,0.2767747230201067,-0.29700503267853073,1,0,0,0
38,36,2,14,11,10,0.77,2.0,0.26641414141414144,-0.12156967826585109,1,0,1,0
18,7,2,18,6,2,0.81,2.0,0.2719186785260483,-0.06001330549036276,1,1,0,0
32,176,1,17,8,9,0.75,3.0,0.27391304347826084,-0.6121172361539741,1,0,1,0
29,157,2,14,8,10,0.51,3.0,0.2767747230201067,-0.2969311132876265,1,0,1,0
40,169,2,10,8,9,0.64,2.0,0.265988987717069,-0.5928119552294889,1,0,1,0
35,110,1,16,13,12,0.61,3.0,0.27391304347826084,-0.3121646677631376,0,0,1,1
44,110,1,14,7,16,0.66,1.0,0.27391304347826084,-0.19413388033682602,1,1,0,0
28,113,1,16,11,10,0.81,1.0,0.2719186785260483,2.1388455639125517,1,0,1,0
36,49,2,14,8,8,0.96,2.0,0.2770060128550695,0.35772365235710457,0,0,1,0
22,67,3,14,6,8,0.8,2.0,0.27474402730375425,1.3461306278836263,1,0,1,0
41,2,2,18,4,11,0.62,2.0,0.27391304347826084,-0.3892995521716901,0,1,0,1
23,84,1,23,12,15,0.54,2.0,0.2641112047177759,-0.5737284324777164,1,0,1,0
42,129,2,14,6,10,0.7,2.0,0.2723334021043945,0.2699813353537967,1,1,0,0
62,124,3,16,10,11,0.72,1.0,0.2767747230201067,-0.6300611682959733,1,0,1,0
35,90,2,16,7,10,0.6,1.0,0.2733843537414966,1.198193286887316,0,0,1,0
41,23,2,13,6,8,0.74,2.0,0.265988987717069,0.9283936700361589,1,1,0,0
47,51,2,9,10,7,0.76,3.0,0.2770060128550695,0.39936490923314794,0,0,1,1
40,164,2,15,10,9,0.76,3.0,0.265988987717069,0.640434522819532,0,1,0,1
48,9,2,10,8,12,0.6,1.0,0.2641112047177759,-0.3317656262512397,1,1,0,0
25,102,3,19,8,12,0.79,1.0,0.2770060128550695,-0.08597749154546966,0,1,0,0
18,30,3,18,6,8,0.71,1.0,0.27391304347826084,2.1388455639125517,1,0,1,0
40,174,2,9,9,6,0.96,3.0,0.2770060128550695,-0.3597256358607605,1,0,1,1
34,119,2,12,5,7,0.56,3.0,0.27621483375959077,1.0081650127202952,1,0,0,0
31,131,3,18,6,8,0.52,2.0,0.2767747230201067,0.6483192578493153,1,0,1,0
37,108,1,18,7,10,0.57,1.0,0.27474402730375425,-0.3246139251812565,1,1,0,0
24,76,2,13,9,5,0.61,2.0,0.2641112047177759,2.1388455639125517,1,0,1,0
24,33,3,15,8,11,0.81,2.0,0.2733843537414966,0.5535607586593486,0,1,0,1
46,47,1,10,11,7,0.87,3.0,0.2733843537414966,0.8136091758603909,0,0,1,0
46,130,4,19,8,10,0.82,2.0,0.2767747230201067,-0.12361478141420115,1,1,0,0
33,124,2,15,7,10,0.54,2.0,0.27391304347826084,-0.259971417835517,1,1,0,1
48,154,1,16,9,7,0.95,2.0,0.2770060128550695,-0.3021239504986479,0,0,1,0
42,74,1,12,8,18,0.54,2.0,0.2765167148163434,0.17298061463973538,0,1,0,0
38,83,1,12,5,14,0.62,1.0,0.27391304347826084,-0.48141543313683094,0,0,1,0
18,58,3,12,9,8,0.92,2.0,0.2719186785260483,1.817354424999538,1,0,0,0
46,38,1,16,11,6,0.86,1.0,0.2765167148163434,0.177588256672765,0,1,0,0
37,144,1,16,11,17,0.84,1.0,0.2767747230201067,2.1388455639125517,1,1,0,0
34,65,1,16,4,12,0.56,3.0,0.2765167148163434,-0.48908456994314364,0,0,1,0
36,113,1,8,13,13,0.9,3.0,0.27391304347826084,0.011910261859442278,1,0,1,1
36,52,3,17,6,16,0.98,2.0,0.2770060128550695,-0.5704882991764147,0,0,1,0
21,159,3,20,8,7,0.65,2.0,0.2733843537414966,-0.368349564799586,0,0,1,0
27,137,4,13,11,5,0.85,1.0,0.2627646326276463,-0.368004607642033,0,0,1,0
47,150,1,13,6,11,0.68,1.0,0.2767747230201067,0.44991345271314964,0,1,0,1
34,127,1,12,5,8,0.69,1.0,0.27391304347826084,-0.5111002285341169,0,1,0,0
32,153,1,16,10,9,0.58,1.0,0.2767747230201067,0.26812103068270715,1,0,1,0
42,151,4,14,11,6,0.52,1.0,0.2723334021043945,0.45823554413911627,1,1,0,1
27,114,3,15,4,11,0.82,2.0,0.2767747230201067,1.2719586790604844,1,0,1,1
36,117,3,18,11,5,0.99,3.0,0.2767747230201067,-0.3703885079986941,1,1,0,0
29,23,1,11,6,12,0.58,2.0,0.27474402730375425,-0.10881858333487332,0,0,1,0
38,101,1,15,8,8,0.9,2.0,0.2765167148163434,-0.4438890223544558,0,1,0,0
50,103,3,19,19,9,0.62,2.0,0.2719186785260483,1.6089510222435768,0,0,1,0
47,112,1,18,7,8,0.66,1.0,0.2733843537414966,0.6402374044437874,1,0,1,0
38,98,2,14,8,10,0.74,2.0,0.2770060128550695,-0.226196416141531,1,1,0,1
34,147,4,13,7,7,0.66,2.0,0.2733843537414966,-0.000927072360923746,1,0,1,0
29,95,3,13,10,6,0.68,2.0,0.2641112047177759,0.3343528049328873,0,0,1,0
25,102,2,18,3,12,0.69,2.0,0.27474402730375425,0.2670799992608061,0,1,0,1
37,92,2,9,5,10,0.83,3.0,0.2765167148163434,0.2503249373225165,0,1,0,0
21,150,2,13,4,9,0.5,3.0,0.27391304347826084,-0.6173778328066577,0,1,0,0
40,66,4,17,6,8,1.0,1.0,0.2767747230201067,-0.5559508189652518,1,0,1,0
40,66,1,13,6,7,0.7,2.0,0.265988987717069,0.23766008168092695,1,0,1,0
27,135,1,13,7,13,0.58,1.0,0.2767747230201067,0.49998768010151595,1,0,1,0
37,28,3,16,10,7,0.62,2.0,0.2765167148163434,-0.6354018442888031,1,0,1,1
41,167,4,14,7,5,0.99,1.0,0.2767747230201067,0.19835344556760853,1,1,0,0
18,90,1,19,14,16,0.63,3.0,0.2770060128550695,1.2931304246053013,0,1,0,0
42,38,4,17,9,6,0.63,2.0,0.2723334021043945,0.4168838048774478,1,0,0,0
47,57,2,12,7,5,0.84,1.0,0.27474402730375425,-0.42692452214193755,0,0,1,0
55,14,1,16,15,12,0.78,3.0,0.2770060128550695,0.06137465427284879,0,1,0,1
40,141,1,24,5,7,0.96,2.0,0.2641112047177759,1.451361040785024,0,0,1,0
20,36,3,19,6,9,0.69,2.0,0.2723334021043945,-0.4480839477882702,1,0,1,1
24,121,4,17,10,9,0.88,1.0,0.27812113720642767,0.2455756164569204,1,1,0,0
30,24,2,18,7,9,0.9,3.0,0.2765167148163434,0.258597749154547,0,0,1,0
43,77,3,7,10,10,0.55,2.0,0.265988987717069,0.6514361921657765,0,1,0,0
38,165,1,12,14,8,0.72,3.0,0.2770060128550695,-0.41099489340207834,0,1,0,0
33,114,2,16,5,6,0.65,3.0,0.2765167148163434,-0.2962596788202465,0,0,1,0
26,47,4,26,11,9,0.68,2.0,0.2723334021043945,1.4742945318130578,1,0,0,1
42,69,2,15,5,8,0.55,2.0,0.2723334021043945,2.1388455639125517,0,1,0,0
44,4,2,14,5,14,0.77,2.0,0.2723334021043945,2.1388455639125517,1,0,1,1
22,26,2,8,6,10,0.75,2.0,0.27812113720642767,-0.011054028914801742,1,0,1,0
44,142,1,15,7,9,0.89,2.0,0.2765167148163434,-0.5715354905475579,0,1,0,0
22,162,1,9,7,15,0.57,2.0,0.2770060128550695,0.978393978033621,0,1,0,1
39,92,1,15,8,8,0.58,2.0,0.2733843537414966,-0.5714307714104436,0,0,1,1
47,158,1,18,9,6,0.52,2.0,0.2641112047177759,0.1827133344421242,1,1,0,0
28,65,1,20,9,11,0.73,1.0,0.2770060128550695,-0.415257578277555,1,0,1,0
44,69,3,13,11,15,1.0,2.0,0.2719186785260483,0.13582996076112333,1,0,1,0
31,40,1,10,8,10,0.95,1.0,0.2770060128550695,0.140437602794153,1,0,1,1
38,142,4,16,12,13,0.96,3.0,0.2733843537414966,0.9276791159240848,1,0,1,0
58,67,2,15,8,8,0.52,2.0,0.2723334021043945,-0.17055359463838018,1,1,0,1
34,6,1,17,13,6,0.71,1.0,0.2719186785260483,0.34075915214458635,1,1,0,0
27,17,3,8,5,10,0.77,1.0,0.27474402730375425,1.4788652141506353,0,0,1,0
31,91,4,15,8,12,0.89,3.0,0.2765167148163434,-0.5343047573287996,0,0,0,0
31,121,2,9,9,12,0.93,3.0,0.2723334021043945,1.5777816790789645,0,0,1,1
43,30,2,12,7,12,0.8,2.0,0.27391304347826084,-0.499667362740931,1,1,0,0
23,40,1,8,12,15,0.68,3.0,0.2627646326276463,0.07006634265333654,0,0,1,0
29,50,3,19,9,13,0.55,2.0,0.27391304347826084,-0.2977072668921208,0,1,0,0
43,56,3,17,8,9,0.59,3.0,0.27391304347826084,-0.4421457567189646,0,1,0,1
36,71,3,14,9,12,0.6,1.0,0.2723334021043945,-0.6204578074276668,1,1,0,0
60,143,2,11,8,13,0.63,2.0,0.2627646326276463,-0.6158809651408472,0,1,0,0
37,68,2,20,12,11,0.51,2.0,0.2767747230201067,1.1570571458491181,1,0,1,0
28,25,2,13,4,9,0.53,1.0,0.2723334021043945,-0.41312007589057465,0,0,1,0
25,118,1,16,3,10,0.52,3.0,0.2641112047177759,-0.4630957440910687,0,1,0,0
48,177,4,14,7,6,0.52,2.0,0.2767747230201067,-0.4895958457302312,1,0,1,0
27,24,1,17,5,11,0.65,3.0,0.27391304347826084,0.5243564393029402,1,0,1,0
29,91,3,14,10,11,0.53,2.0,0.27391304347826084,-0.5686834340485034,0,1,0,0
47,150,1,20,8,11,0.78,2.0,0.27621483375959077,1.1092128200863625,0,1,0,0
42,66,2,16,11,13,0.96,2.0,0.27474402730375425,-0.2085420016139067,0,0,0,0
36,136,3,13,9,16,0.92,2.0,0.2765167148163434,-0.588118073907071,0,1,0,0
50,45,3,20,9,10,0.91,1.0,0.2719186785260483,1.409916902284725,1,0,0,1
19,169,3,14,7,6,0.98,1.0,0.27391304347826084,2.1388455639125517,1,1,0,0
34,94,1,8,3,11,0.53,1.0,0.2765167148163434,0.10740795495845114,1,1,0,0
37,45,4,14,4,8,0.55,2.0,0.2765167148163434,0.146862429853578,1,1,0,1
44,143,1,22,8,12,0.78,1.0,0.2641112047177759,-0.21214557192048739,0,0,1,0
39,160,1,16,4,9,0.95,2.0,0.2765167148163434,0.432135839200685,1,1,0,0
26,104,2,10,4,9,0.65,1.0,0.27391304347826084,0.3394655628037625,0,1,0,0
32,106,1,15,7,11,0.68,2.0,0.2723334021043945,2.1388455639125517,0,1,0,0
29,11,3,19,8,8,0.6,2.0,0.2641112047177759,2.1388455639125517,0,1,0,1
31,166,1,12,8,14,0.57,1.0,0.2765167148163434,-0.6156776868158607,1,0,1,0
33,121,1,14,7,9,0.87,3.0,0.2723334021043945,-0.5291303999655043,1,1,0,1
25,138,4,18,5,17,0.7,2.0,0.2765167148163434,-0.4291482638183061,0,0,0,0
49,19,4,14,8,12,0.59,1.0,0.2723334021043945,-0.05373631721274617,0,1,0,1
43,30,2,9,8,11,0.57,3.0,0.27621483375959077,-0.0841664664683163,0,0,1,0
48,122,1,11,8,13,0.89,1.0,0.2765167148163434,-0.5804181373545482,0,0,1,0
38,65,4,11,7,13,0.51,3.0,0.2723334021043945,-0.20004127165992153,1,0,1,0
30,52,2,11,12,12,0.67,1.0,0.2723334021043945,-0.04652917659958482,1,0,1,1
25,76,2,14,7,14,0.56,3.0,0.2767747230201067,1.9626491477710224,0,1,0,1
27,121,4,21,9,11,0.52,1.0,0.2733843537414966,2.1388455639125517,1,1,0,0
45,133,1,9,6,10,0.52,2.0,0.26641414141414144,-0.3538552042331171,0,0,1,0
28,112,4,10,4,8,0.63,2.0,0.2641112047177759,-0.08725260103856744,1,0,1,0
24,170,3,11,11,7,0.66,2.0,0.2770060128550695,-0.5535299589131386,1,0,1,0
23,22,4,19,6,9,0.64,1.0,0.2723334021043945,1.4194894634068216,0,0,1,1
18,87,2,15,6,7,0.78,1.0,0.2719186785260483,0.7617547231410813,1,1,0,0
39,80,2,8,15,11,0.82,2.0,0.2765167148163434,-0.6264699178878766,1,1,0,0
37,127,4,10,5,6,0.73,1.0,0.2765167148163434,0.14487892619764814,1,1,0,0
18,100,1,13,12,5,0.78,2.0,0.2767747230201067,-0.27460129728531035,0,1,0,1
51,160,4,10,7,9,0.88,1.0,0.2723334021043945,-0.18454899931624563,1,1,0,0
28,28,1,11,5,12,0.51,2.0,0.265988987717069,0.6214680391033578,1,0,1,1
30,96,1,24,11,12,0.76,3.0,0.2723334021043945,0.6642796863353846,1,0,1,0
18,147,1,14,7,12,0.56,2.0,0.2719186785260483,0.7141321555510383,0,1,0,0
38,91,3,22,11,11,0.85,3.0,0.265988987717069,0.36508479170131636,0,0,1,0
33,134,1,21,9,7,0.61,1.0,0.2770060128550695,-0.49076007613697264,1,0,1,0
32,95,2,10,8,7,0.53,1.0,0.265988987717069,2.1388455639125517,0,0,1,0
42,71,3,9,6,10,0.8,2.0,0.2765167148163434,-0.014146323434294901,1,0,1,1
19,162,1,12,6,9,0.52,3.0,0.2765167148163434,-0.07705788504302724,0,1,0,0
63,143,3,16,8,6,0.5,1.0,0.27391304347826084,-0.0372030134471692,1,0,1,1
51,71,2,16,13,10,0.86,1.0,0.2723334021043945,-0.5913705271068567,0,1,0,0
38,147,3,13,5,9,0.72,1.0,0.2719186785260483,0.2898902913039997,1,0,0,1
22,135,4,17,12,8,0.82,3.0,0.2733843537414966,-0.5332452460591725,0,1,0,0
40,87,1,18,7,12,0.69,3.0,0.2767747230201067,0.007487418303673178,1,0,1,0
29,132,1,15,11,5,0.64,2.0,0.27621483375959077,1.5568440116053444,0,0,1,0
33,145,2,13,10,9,0.6,2.0,0.2767747230201067,-0.3013724366911217,1,0,1,0
44,105,1,13,13,5,0.88,1.0,0.2655860349127182,0.9518137970543122,1,0,1,0
25,140,3,14,5,8,0.53,2.0,0.2765167148163434,-0.49465316405792814,1,0,0,0
26,49,2,15,5,9,0.85,2.0,0.2767747230201067,0.1342714936028927,0,1,0,0
36,119,2,17,6,7,0.69,2.0,0.27474402730375425,0.26082149083091555,0,1,0,0
22,133,1,5,6,10,0.86,2.0,0.2765167148163434,0.6779855733988752,0,0,1,0
19,72,3,20,11,9,0.81,2.0,0.2767747230201067,0.37124474094333465,1,0,1,1
27,140,3,16,6,9,0.85,1.0,0.2765167148163434,-0.45115160251079534,0,0,0,0
55,59,2,15,10,12,0.85,2.0,0.27474402730375425,-0.5893870234509268,1,1,0,0
41,70,3,16,5,12,0.69,2.0,0.265988987717069,-0.3389912467121271,0,0,1,0
33,157,1,14,8,12,0.57,2.0,0.2765167148163434,2.1388455639125517,0,1,0,0
23,160,2,13,6,8,0.55,3.0,0.2770060128550695,-0.4286924275743968,1,0,1,0
43,68,2,17,8,8,0.86,1.0,0.27621483375959077,-0.31501056431295005,0,0,1,0
24,69,2,17,11,6,0.83,2.0,0.2770060128550695,1.485825956794116,0,0,1,0
30,108,2,16,4,12,0.52,3.0,0.2719186785260483,0.6255582454000579,0,0,1,0
29,65,2,12,9,4,0.67,2.0,0.2767747230201067,-0.3286733317317465,1,0,1,0
43,104,3,22,10,9,0.67,1.0,0.2767747230201067,0.10808554937507316,1,1,0,1
29,8,2,14,2,11,0.94,2.0,0.27391304347826084,-0.4006153789292776,0,1,0,1
35,145,1,13,14,7,0.6,1.0,0.2767747230201067,-0.2643203420003819,1,0,1,0
22,171,1,18,4,6,0.87,3.0,0.2765167148163434,2.0001509187564293,1,1,0,0
38,137,4,15,9,9,0.65,1.0,0.265988987717069,1.238300716402097,0,1,0,1
41,172,3,10,9,7,0.66,1.0,0.2733843537414966,1.7731999088327512,0,1,0,0
25,57,4,18,12,11,0.68,2.0,0.2767747230201067,0.8469283413104676,1,1,0,0
52,124,2,15,6,8,0.95,2.0,0.265988987717069,1.1560469141734273,0,0,0,1
26,2,1,10,8,13,0.53,1.0,0.27391304347826084,-0.1085413856189825,0,0,0,1
36,163,3,13,5,7,0.79,2.0,0.2765167148163434,1.825836675105797,1,0,1,1
36,77,1,20,10,8,0.53,3.0,0.2770060128550695,0.15615163331054152,0,1,0,0
38,151,1,17,7,5,0.85,1.0,0.2723334021043945,-0.37331448388865274,1,0,1,0
21,10,3,11,9,7,0.56,3.0,0.265988987717069,0.6237780200691146,0,1,0,1
44,19,2,15,10,7,0.88,3.0,0.2719186785260483,-0.29531720658621774,0,1,0,1
30,42,1,13,11,12,0.95,2.0,0.27474402730375425,-0.34431344285723087,1,0,1,0
40,49,2,10,8,8,0.85,2.0,0.2767747230201067,0.9308206900375141,0,1,0,0
31,73,1,11,14,9,0.98,2.0,0.27391304347826084,-0.04535878624360135,0,1,0,0
33,62,2,15,4,11,0.75,2.0,0.2770060128550695,-0.47801514115523686,0,0,0,0
27,29,1,18,3,5,0.91,3.0,0.2767747230201067,-0.5088148873653281,1,0,0,0
27,148,4,14,10,10,0.9,1.0,0.2765167148163434,0.258277431793962,0,1,0,0
41,110,3,13,5,13,0.6,1.0,0.27621483375959077,-0.4396571372251893,0,0,1,0
45,76,1,11,10,7,0.68,1.0,0.2723334021043945,0.33286209721631893,0,1,0,0
23,25,4,18,10,5,0.58,2.0,0.2765167148163434,-0.41143224979826165,1,1,0,0
28,30,2,9,7,12,0.56,1.0,0.2655860349127182,0.2869458355663149,1,1,0,1
28,72,1,13,5,8,0.74,2.0,0.2733843537414966,-0.3308847535096311,1,0,1,0
33,89,1,10,6,10,0.58,3.0,0.2641112047177759,0.05944659016009708,1,0,1,0
37,87,3,21,10,9,0.75,1.0,0.2770060128550695,-0.3866384540991382,1,0,1,0
35,4,2,12,7,13,0.57,1.0,0.2723334021043945,-0.451385680581992,1,1,0,0
32,5,3,15,8,20,0.93,3.0,0.27391304347826084,-0.3501222749924541,0,1,0,1
41,126,4,13,7,10,0.91,3.0,0.2770060128550695,-0.31752998355293555,1,0,1,0
62,76,3,20,7,8,0.65,2.0,0.2765167148163434,0.4668717929764259,0,1,0,0
18,19,1,10,9,8,0.93,1.0,0.2733843537414966,0.14088727908882032,1,1,0,0
38,73,1,13,7,13,0.96,2.0,0.2723334021043945,-0.5315266202206493,1,0,1,1
50,120,2,21,9,10,0.95,3.0,0.2767747230201067,-0.35018387448487426,0,0,1,0
19,41,1,15,8,12,0.77,2.0,0.2767747230201067,-0.45646147875741505,0,0,0,0
34,136,2,16,9,14,0.54,1.0,0.2767747230201067,-0.031153943291507277,0,0,1,0
47,46,3,12,7,3,0.84,2.0,0.27391304347826084,0.2963828778050869,1,0,1,1
44,175,3,15,9,9,0.78,2.0,0.2723334021043945,0.32911684807717184,0,0,0,0
36,87,1,11,8,5,0.89,3.0,0.2627646326276463,-0.3182506976142517,0,0,0,0
35,159,1,11,11,4,0.55,2.0,0.2767747230201067,1.2010083836909184,1,0,1,1
33,167,2,9,11,8,0.54,2.0,0.2765167148163434,-0.2639507450458608,0,1,0,0
52,146,2,11,9,13,0.76,2.0,0.2723334021043945,-0.47693099008864165,0,1,0,0
29,21,3,15,10,12,0.75,2.0,0.26641414141414144,-0.1557019570158742,0,1,0,1
39,123,4,11,9,10,0.63,1.0,0.2655860349127182,2.1388455639125517,0,0,1,0
48,171,1,9,13,10,0.67,3.0,0.2641112047177759,-0.5877361570540659,0,1,0,1
18,85,4,11,10,10,0.62,1.0,0.2733843537414966,-0.355851027787531,1,1,0,0
34,3,4,17,7,11,0.56,2.0,0.2733843537414966,-0.5143157220384504,1,1,0,0
31,131,2,18,10,8,0.55,1.0,0.2765167148163434,-0.6092590197056776,1,1,0,0
31,25,1,10,7,10,0.79,2.0,0.2767747230201067,0.12432933552627526,1,1,0,0
45,118,2,16,7,11,0.53,2.0,0.2767747230201067,-0.40693548685158837,0,0,0,0
21,146,1,13,6,14,0.78,2.0,0.2733843537414966,0.036543898878273244,1,0,1,0
36,74,1,13,7,7,0.67,1.0,0.265988987717069,-0.11633372141013558,1,0,0,0
46,95,3,19,9,15,0.67,2.0,0.27391304347826084,-0.6281146243354955,1,1,0,0
42,93,2,15,8,9,0.91,1.0,0.27812113720642767,-0.4759946778038549,0,1,0,1
18,7,2,19,10,16,0.51,2.0,0.2767747230201067,2.1388455639125517,1,1,0,0
25,47,1,10,7,9,0.93,3.0,0.2723334021043945,0.15994000209438275,0,1,0,1
26,102,1,17,9,9,0.51,2.0,0.2723334021043945,-0.294054416991604,1,0,1,0
42,132,3,11,7,10,0.98,2.0,0.2641112047177759,0.4363184447360154,0,1,0,0
25,93,2,8,12,7,0.94,2.0,0.27391304347826084,2.1388455639125517,1,1,0,0
35,175,2,24,8,15,0.96,3.0,0.2770060128550695,1.0133640098805585,1,1,0,0
23,95,4,12,7,7,0.66,2.0,0.2770060128550695,-0.30987932659434886,0,0,0,1
37,26,2,15,12,8,0.56,2.0,0.265988987717069,1.0095510012997493,1,0,0,1
46,131,1,16,13,10,0.96,1.0,0.27474402730375425,-0.6101522123457702,0,1,0,0
39,153,1,11,5,13,0.53,3.0,0.2655860349127182,0.10205495906713728,0,0,1,1
45,168,2,11,10,6,0.96,2.0,0.27391304347826084,1.3095343694367958,0,1,0,0
39,8,1,13,6,13,0.67,3.0,0.27474402730375425,0.002485539519154362,0,1,0,0
36,19,2,14,13,3,0.66,3.0,0.27391304347826084,-0.20964463252822796,1,1,0,0
18,31,2,22,12,10,0.95,2.0,0.27474402730375425,-0.26344562920801534,1,1,0,1
45,171,1,19,13,8,0.66,3.0,0.27474402730375425,-0.43678044092916674,1,1,0,0
21,29,2,11,7,6,0.55,3.0,0.2723334021043945,0.5682399177030781,0,1,0,0
39,22,2,16,8,16,0.54,1.0,0.2770060128550695,0.07893050961260079,0,0,1,0
38,60,2,10,6,6,0.75,1.0,0.2655860349127182,-0.2423724428510709,1,0,1,0
52,9,3,19,6,9,0.69,1.0,0.2723334021043945,0.5334300445364331,1,1,0,0
45,19,3,14,11,17,0.89,3.0,0.2723334021043945,0.6086307048829918,0,0,1,0
29,99,2,11,7,7,0.77,1.0,0.2765167148163434,0.2888923795267927,0,1,0,0
24,54,2,12,8,5,0.62,2.0,0.27391304347826084,0.2006387867363973,0,0,0,0
50,167,2,15,8,10,0.73,3.0,0.2719186785260483,-0.117824429126704,1,0,1,0
32,107,1,13,10,11,0.94,3.0,0.2641112047177759,-0.32820517558935314,0,0,1,1
35,103,1,15,11,5,0.61,2.0,0.2719186785260483,-0.4946223643117181,0,1,0,0
31,47,1,20,8,9,0.62,2.0,0.2767747230201067,-0.2851656102353717,1,1,0,0
31,132,4,13,7,14,0.59,2.0,0.27391304347826084,-0.42380758782547634,1,0,1,0
27,82,2,24,10,10,0.59,2.0,0.2641112047177759,-0.1284257017722174,0,1,0,0
43,23,2,23,7,14,0.98,1.0,0.2627646326276463,-0.27901798089183744,0,1,0,0
26,97,1,11,6,6,0.96,1.0,0.2733843537414966,-0.5733465156247113,1,0,1,0
18,142,2,19,11,11,0.96,3.0,0.2627646326276463,-0.6042509809719168,0,0,0,1
24,21,4,20,7,6,0.59,2.0,0.2723334021043945,-0.6033269885856141,1,0,1,0
34,172,1,15,9,10,0.65,2.0,0.2770060128550695,-0.31550952020155354,1,1,0,0
26,75,2,12,6,19,0.96,2.0,0.265988987717069,0.7520281632879345,0,0,1,1
38,145,2,19,4,7,0.77,2.0,0.2765167148163434,-0.41146304954447177,1,0,1,0
38,40,2,19,7,7,0.55,2.0,0.2641112047177759,0.9801434036183542,0,1,0,1
19,78,1,16,8,10,0.93,1.0,0.2765167148163434,-0.03237977319066891,0,0,1,0
32,122,3,15,7,7,0.62,1.0,0.2765167148163434,0.9545488145177684,0,1,0,0
44,77,2,16,15,4,0.75,2.0,0.27391304347826084,2.046960373046526,1,1,0,0
39,78,2,14,9,16,0.87,1.0,0.27621483375959077,1.6720905019742638,0,1,0,0
36,68,3,19,11,12,0.57,2.0,0.27391304347826084,-0.46645291642796866,1,0,1,1
18,157,1,11,7,9,0.8,1.0,0.2641112047177759,-0.612425233616075,0,1,0,0
36,42,4,21,6,9,0.98,1.0,0.2765167148163434,-0.4183313929493221,0,1,0,1
49,66,3,9,14,8,0.65,2.0,0.2770060128550695,-0.06972138549578351,1,1,0,1
30,36,1,16,10,8,0.54,2.0,0.2641112047177759,-0.15602843432570115,1,0,1,0
44,161,2,15,7,12,0.93,2.0,0.2641112047177759,-0.3589494822562662,1,1,0,0
44,117,3,13,12,10,0.86,1.0,0.2765167148163434,-0.16955568286117323,0,0,1,1
49,169,1,9,6,16,0.56,2.0,0.2767747230201067,2.1388455639125517,0,0,1,0
43,4,3,19,9,9,0.98,1.0,0.2770060128550695,-0.05379791670516635,0,1,0,0
21,155,3,9,8,9,0.82,2.0,0.2765167148163434,-0.6280530248430753,0,0,1,0
43,169,1,13,13,11,0.93,2.0,0.265988987717069,-0.6237964999168407,1,1,0,0
18,87,2,19,7,14,0.97,1.0,0.2767747230201067,0.6158193656484271,0,0,0,0
46,32,1,20,12,5,0.68,2.0,0.2627646326276463,-0.26641472474266814,0,1,0,1
37,149,2,16,8,7,0.85,3.0,0.2723334021043945,2.1388455639125517,0,0,1,1
18,73,2,16,10,10,0.6,2.0,0.2770060128550695,-0.16773849783477784,0,1,0,0
46,131,1,25,7,19,0.55,2.0,0.27391304347826084,0.04424999538003807,0,0,1,0
44,99,2,12,7,11,0.78,1.0,0.2723334021043945,0.3654235889096274,0,0,1,0
48,39,4,15,13,5,0.96,2.0,0.27474402730375425,0.21266916760605892,1,0,1,0
33,44,3,18,8,8,0.58,2.0,0.265988987717069,0.15228318518655407,0,1,0,0
34,82,3,12,7,9,0.81,3.0,0.2765167148163434,-0.44961161520029075,1,0,1,1
48,60,3,15,9,11,0.56,2.0,0.2765167148163434,-0.17134206814135852,0,1,0,0
41,74,3,16,9,15,0.83,2.0,0.2723334021043945,-0.25397778722303327,1,1,0,0
24,126,1,16,10,8,0.84,2.0,0.2719186785260483,-0.5340768392068449,1,1,0,0
41,162,3,10,7,5,0.86,2.0,0.2765167148163434,0.015125755363775802,1,0,1,0
39,123,1,9,9,4,0.78,2.0,0.2641112047177759,-0.1891566413492753,0,0,1,0
42,124,3,12,12,5,0.79,1.0,0.2723334021043945,-0.12979937045318746,0,1,0,0
40,144,4,16,8,9,0.95,2.0,0.27474402730375425,-0.028043168924288063,1,1,0,0
40,20,4,11,4,6,0.67,1.0,0.2655860349127182,-0.17274037661929667,1,1,0,1
42,108,3,14,6,9,0.93,3.0,0.2765167148163434,-0.494930361773819,1,1,0,0
32,121,2,18,7,16,0.75,1.0,0.2767747230201067,0.3086103770504931,1,1,0,0
49,37,1,16,11,3,0.53,3.0,0.27621483375959077,-0.40714492512581696,0,1,0,0
26,146,3,24,9,8,0.92,3.0,0.2719186785260483,-0.37109074221228416,1,1,0,0
40,69,4,26,12,13,0.92,1.0,0.2770060128550695,-0.46912633439900453,0,1,0,0
18,26,1,14,6,9,0.86,3.0,0.27391304347826084,0.18579330906313332,1,0,0,1
36,31,1,8,8,9,0.7,2.0,0.2767747230201067,0.4276945157971898,1,1,0,1
35,19,3,20,7,8,0.53,2.0,0.27391304347826084,-0.17970111926277726,0,1,0,0
30,29,3,16,16,8,0.98,3.0,0.2641112047177759,0.11744867222294088,1,1,0,0
19,77,2,21,12,12,0.88,2.0,0.27621483375959077,0.024920074658584812,1,1,0,0
18,43,2,13,6,9,0.54,2.0,0.2765167148163434,0.842339179125164,1,0,1,1
34,153,3,14,11,10,0.67,2.0,0.27812113720642767,-0.6334429804298413,1,0,0,0
18,44,1,9,6,12,0.6,2.0,0.2765167148163434,-0.2811185235833657,1,0,1,1
34,165,1,21,7,9,0.97,1.0,0.27812113720642767,-0.34070371260140814,1,1,0,0
25,8,1,9,6,6,0.92,1.0,0.27391304347826084,-0.3657685460671804,1,0,1,0
45,86,3,18,10,9,0.73,1.0,0.2770060128550695,-0.17729873905839016,0,1,0,0
43,84,1,18,6,9,0.92,2.0,0.2719186785260483,-0.27219275713168123,1,0,1,0
29,128,3,21,12,18,0.62,2.0,0.2627646326276463,-0.18572554962147111,0,0,1,0
45,45,4,18,11,13,0.64,2.0,0.2770060128550695,-0.5141555633581579,0,1,0,0
55,147,1,14,10,11,0.63,1.0,0.2641112047177759,-0.4946223643117181,0,1,0,0
42,68,4,11,5,11,0.99,1.0,0.27391304347826084,-0.07575197580371938,0,0,0,0
40,138,1,13,12,10,0.82,2.0,0.2770060128550695,2.1388455639125517,1,1,0,0
28,54,3,16,8,10,0.6,3.0,0.2723334021043945,0.22550034187718293,1,1,0,0
26,57,4,14,11,15,0.95,3.0,0.2765167148163434,0.14781722198609085,0,0,1,0
34,50,2,17,6,6,0.51,1.0,0.27391304347826084,-0.12133560019465439,0,0,1,0
43,80,2,20,11,12,0.65,2.0,0.2770060128550695,-0.529038000726874,0,0,1,0
26,126,4,12,5,8,0.53,2.0,0.2767747230201067,0.4548044524113121,0,0,1,0
27,19,1,12,9,13,0.65,3.0,0.26641414141414144,-0.3675241316011556,0,0,0,0
30,99,4,12,8,8,0.61,2.0,0.2767747230201067,0.018415168259013546,1,1,0,1
28,3,3,18,6,9,0.84,3.0,0.2765167148163434,1.7060318222977842,0,1,0,0
34,179,4,14,6,5,0.8,2.0,0.27391304347826084,0.1996655147561584,0,1,0,0
23,31,1,12,3,7,0.64,2.0,0.2767747230201067,0.3798994696283703,0,0,1,1
41,169,1,11,14,9,0.54,1.0,0.2641112047177759,-0.52969711529577,1,0,0,0
38,32,1,11,6,5,0.89,2.0,0.27474402730375425,0.8832535619906492,0,0,0,1
19,117,2,12,8,12,0.55,2.0,0.2765167148163434,-0.3050376064901225,0,1,0,0
18,149,1,16,9,10,0.98,2.0,0.27474402730375425,2.1388455639125517,1,1,0,0
42,168,1,17,7,11,0.68,2.0,0.2767747230201067,-0.39098121831476107,0,1,0,0
42,3,1,13,7,12,0.85,1.0,0.2770060128550695,-0.5209499873721041,1,1,0,1
44,70,1,18,7,6,0.85,2.0,0.2770060128550695,0.11351862460653324,0,1,0,0
36,22,4,25,3,11,0.64,1.0,0.2765167148163434,0.22985542599128983,0,0,1,1
19,103,1,22,10,8,0.96,2.0,0.2767747230201067,0.7766063607635874,1,0,1,0
51,98,3,15,9,9,0.94,2.0,0.265988987717069,-0.009045885461903795,1,0,1,1
29,157,1,22,8,9,0.62,2.0,0.2767747230201067,0.030149871565058304,0,0,1,0
24,81,3,9,5,10,0.74,3.0,0.26641414141414144,0.9363892841522986,0,1,0,0
38,94,2,15,5,11,0.91,2.0,0.27621483375959077,1.0421679325362359,0,0,1,0
42,96,1,9,6,8,0.67,1.0,0.2719186785260483,0.3645981557111969,1,1,0,0
44,178,1,11,9,9,0.61,2.0,0.2767747230201067,-0.21038998638651218,0,0,1,1
41,41,2,16,7,7,0.51,2.0,0.2641112047177759,-0.4450532527611972,1,0,1,0
45,153,2,14,11,10,0.55,1.0,0.2770060128550695,1.5291673596609563,1,1,0,0
48,10,1,14,7,12,0.58,1.0,0.2627646326276463,-0.5016139067014088,1,0,1,0
30,105,1,13,8,5,0.64,2.0,0.27391304347826084,0.43823418895028304,0,0,0,0
27,27,4,15,8,8,0.72,2.0,0.27391304347826084,-0.07186504783200587,1,1,0,1
43,78,1,13,13,8,0.88,2.0,0.27391304347826084,-0.4325731955968683,1,0,1,0
53,137,1,14,2,10,0.54,1.0,0.2641112047177759,-0.18359420718373282,1,0,1,0
36,163,2,18,8,6,0.93,3.0,0.265988987717069,0.7447840629793211,0,0,1,0
44,130,2,17,12,18,0.85,2.0,0.2765167148163434,0.20329988480894917,1,1,0,0
45,99,1,20,15,11,0.88,1.0,0.27391304347826084,0.09638164581523848,1,1,0,0
30,25,3,14,10,11,0.95,1.0,0.27474402730375425,-0.5415734974343811,0,1,0,1
36,163,1,16,5,9,0.71,2.0,0.265988987717069,-0.49197974608689227,0,0,1,0
39,8,1,13,6,7,0.75,1.0,0.2767747230201067,-0.6097764554420072,0,0,1,0
42,14,3,11,10,11,0.88,3.0,0.2733843537414966,0.0035204109918134273,0,1,0,1
23,152,2,12,11,9,0.91,3.0,0.265988987717069,-0.006058310079524945,0,1,0,1
42,171,3,17,12,11,0.65,1.0,0.2723334021043945,-0.5704574994302047,1,1,0,0
20,150,3,23,13,3,0.62,2.0,0.2733843537414966,-0.18207885967019632,0,0,1,0
45,164,1,16,8,8,0.61,2.0,0.2770060128550695,0.034424876339018966,1,1,0,0
30,171,4,15,9,17,1.0,1.0,0.265988987717069,-0.3877410850134595,1,0,1,0
37,164,2,18,12,11,0.91,2.0,0.27391304347826084,-0.5058211520337073,1,1,0,0
26,148,1,13,5,12,0.64,1.0,0.27474402730375425,2.129737770960767,1,0,1,0
42,52,2,14,3,12,0.73,2.0,0.2767747230201067,0.3999439444618976,1,1,0,0
46,61,3,15,5,7,0.61,2.0,0.2641112047177759,0.7543689439999014,1,1,0,1
41,35,1,13,7,9,0.51,3.0,0.2765167148163434,-0.09345566992527982,1,0,0,0
34,85,4,19,8,11,0.53,2.0,0.2723334021043945,-0.6236979407289684,0,0,0,0
26,157,1,13,8,11,0.84,2.0,0.2767747230201067,-0.5251202730089504,0,0,1,0
32,85,2,13,11,6,0.82,2.0,0.27621483375959077,-0.0563111759959098,1,1,0,0
42,151,1,14,12,17,0.58,2.0,0.2627646326276463,0.33223994234287507,1,0,0,0
52,41,1,11,10,10,0.71,2.0,0.27812113720642767,1.9012714135235527,0,0,1,0
38,51,4,19,10,11,0.76,2.0,0.26641414141414144,-0.40524150081003335,0,0,0,1
30,121,2,10,8,9,0.79,1.0,0.27391304347826084,0.7897024128521181,1,1,0,0
24,36,2,17,6,12,0.95,2.0,0.2767747230201067,1.8807711024461158,1,0,1,0
32,74,2,9,6,11,0.96,3.0,0.2765167148163434,0.5438157189584758,1,1,0,0
51,82,3,12,13,8,0.71,2.0,0.27391304347826084,1.277545753022995,0,1,0,0
20,72,2,15,6,8,0.82,1.0,0.265988987717069,-0.2310935757889355,0,0,1,0
38,179,3,11,5,12,0.85,2.0,0.2641112047177759,-0.5832147543104245,1,1,0,1
18,135,4,14,11,8,0.74,1.0,0.2767747230201067,-0.005781112363634123,1,0,1,0
32,78,1,15,6,7,0.94,1.0,0.26641414141414144,0.35213041844535203,0,0,1,0
33,114,2,16,10,8,0.57,2.0,0.27391304347826084,0.0856140545401906,1,1,0,0
41,127,2,13,5,9,0.89,2.0,0.2641112047177759,-0.48074399866945094,0,1,0,0
25,45,3,13,9,11,0.68,3.0,0.2765167148163434,-0.4622887907403643,1,0,1,1
28,84,3,17,9,10,0.95,1.0,0.2723334021043945,0.1918238993710692,1,0,1,0
41,92,1,17,7,12,0.96,2.0,0.2723334021043945,1.3022656293312143,0,0,1,1
19,78,4,25,5,10,0.65,2.0,0.2723334021043945,-0.3978803614658215,0,0,1,0
35,77,1,15,8,10,0.85,3.0,0.2770060128550695,-0.5604845416073772,0,1,0,1
37,154,1,17,10,10,0.7,2.0,0.2770060128550695,0.8253746789126457,1,1,0,0
37,114,2,14,8,10,0.69,1.0,0.2723334021043945,-0.1915959812491145,0,0,1,0
36,4,1,18,7,12,0.79,3.0,0.2770060128550695,0.38543726399694467,1,1,0,1
42,175,2,15,7,13,0.55,1.0,0.2733843537414966,-0.4456754076346411,0,1,0,0
31,69,4,12,9,11,0.84,2.0,0.2770060128550695,-0.2440541089941419,1,1,0,0
37,135,1,13,6,15,0.65,3.0,0.2767747230201067,-0.2937956991234392,1,1,0,0
44,179,2,7,10,9,0.75,2.0,0.2641112047177759,2.1388455639125517,0,0,1,1
41,43,1,13,4,14,0.97,1.0,0.2765167148163434,-0.09714547952124875,0,0,1,0
37,8,2,13,4,8,0.53,3.0,0.27812113720642767,-0.5942965029968154,1,0,1,0
36,32,1,11,8,15,0.74,1.0,0.27391304347826084,1.121175441514362,1,1,0,0
59,137,1,11,10,9,0.82,3.0,0.27812113720642767,0.09065289302016151,1,1,0,1
32,32,2,17,7,6,0.75,2.0,0.2765167148163434,0.6010847670615194,0,1,0,0
33,79,1,11,10,9,0.5,3.0,0.2770060128550695,0.9092855074874183,1,1,0,0
37,171,1,14,10,9,0.98,1.0,0.2765167148163434,0.8707119053339001,1,0,1,0
45,86,1,15,12,9,0.75,2.0,0.2723334021043945,-0.5649689846555664,0,0,1,0
35,168,1,19,6,10,0.78,1.0,0.27391304347826084,-0.47102359876554617,0,1,0,0
27,11,3,11,13,8,0.53,2.0,0.265988987717069,-0.6354018442888031,1,1,0,1
49,50,1,14,10,8,0.97,1.0,0.265988987717069,0.5240977214347754,0,0,1,0
31,52,3,4,8,9,0.53,2.0,0.27474402730375425,-0.4090237096446325,0,0,0,1
38,70,1,19,6,11,0.9,2.0,0.27391304347826084,1.7231010416474168,0,1,0,1
47,30,1,16,9,7,0.91,1.0,0.2641112047177759,1.0535453587862436,1,0,0,0
19,5,1,19,6,11,0.87,2.0,0.2723334021043945,-0.14542716168018777,0,0,1,0
49,108,3,17,8,10,0.51,2.0,0.2770060128550695,0.2922680317114187,1,0,1,0
32,77,3,13,3,8,0.69,2.0,0.27474402730375425,1.923675148916773,0,0,1,0
41,154,1,11,4,9,0.71,2.0,0.2770060128550695,-0.27418858068609514,0,0,1,0
35,80,4,9,10,13,0.97,2.0,0.265988987717069,0.45001817185026394,1,0,1,0
27,177,4,21,6,8,0.67,1.0,0.2723334021043945,-0.4168591650804797,1,1,0,0
40,59,1,9,9,8,0.83,1.0,0.27391304347826084,0.4550323705332668,0,1,0,0
32,171,1,16,5,13,0.94,2.0,0.2767747230201067,1.3868910120180609,1,1,0,0
33,153,1,15,7,15,0.51,1.0,0.27391304347826084,-0.6354018442888031,1,1,0,0
49,128,1,12,5,11,0.51,2.0,0.2767747230201067,0.6465020728229199,0,1,0,0
28,1,2,14,8,17,0.52,3.0,0.2723334021043945,-0.05608941782319714,0,0,1,0
44,37,1,19,7,7,0.78,1.0,0.2765167148163434,0.9696406901607131,0,0,1,0
40,49,2,18,6,11,0.9,1.0,0.2723334021043945,1.0151134354652918,1,1,0,1
42,37,1,17,8,9,0.66,1.0,0.27391304347826084,0.9781414201146983,0,0,1,1
41,105,2,6,12,14,0.72,1.0,0.2723334021043945,1.1051780533328406,1,1,0,0
29,2,2,18,9,12,0.67,2.0,0.2770060128550695,-0.17828433093711307,0,1,0,0
35,130,1,14,6,5,0.74,1.0,0.2733843537414966,2.1388455639125517,1,1,0,0
28,28,2,15,4,12,0.71,2.0,0.2767747230201067,1.0707192972729904,1,0,1,0
32,8,3,19,6,13,0.96,1.0,0.2765167148163434,0.39533630242886797,0,1,0,0
33,99,4,14,5,8,0.51,2.0,0.2770060128550695,0.8006116829597324,0,0,1,0
43,44,1,14,6,16,0.89,2.0,0.2765167148163434,-0.1943925982049908,0,0,1,0
23,6,1,17,4,7,0.91,2.0,0.265988987717069,0.08096329286246681,0,1,0,1
39,77,1,19,10,16,0.62,2.0,0.2767747230201067,-0.19056110977645543,1,0,0,0
37,24,3,24,11,9,0.7,2.0,0.2723334021043945,-0.41764763858345805,1,0,1,0
45,51,2,16,8,5,0.99,2.0,0.2765167148163434,0.5242394002673418,0,0,1,0
19,145,3,13,10,7,0.97,2.0,0.2767747230201067,0.13940889127073594,1,0,1,0
40,41,2,11,7,9,0.57,1.0,0.2641112047177759,-0.3309217132050832,0,1,0,0
38,163,2,15,6,11,0.86,3.0,0.2655860349127182,0.3249034427956314,1,0,0,0
30,173,1,10,10,13,0.96,2.0,0.2770060128550695,2.113216787093674,0,0,1,0
36,63,2,17,9,12,0.56,1.0,0.2723334021043945,-0.43158144376890334,0,1,0,1
31,152,3,15,10,14,0.52,2.0,0.2767747230201067,1.0583131594995656,1,1,0,0
52,109,1,15,7,9,0.55,1.0,0.2765167148163434,2.1388455639125517,0,0,0,0
38,53,1,10,4,8,0.55,3.0,0.2719186785260483,-0.055565822137625585,1,0,1,0
34,87,1,13,5,15,0.96,2.0,0.27474402730375425,0.48057152009067444,0,0,1,1
34,106,1,15,8,9,0.66,2.0,0.2641112047177759,-0.25750743813870974,1,0,0,0
29,138,2,16,11,9,0.92,2.0,0.27391304347826084,0.8864875353427087,1,0,1,0
38,107,4,16,5,10,0.77,2.0,0.2641112047177759,1.7213516160626836,0,1,0,1
25,64,3,18,5,10,0.89,3.0,0.265988987717069,-0.5893562237047166,1,1,0,0
37,98,1,20,7,5,0.88,1.0,0.2767747230201067,0.10255391495574076,0,0,1,1
18,171,2,10,6,19,0.78,2.0,0.27474402730375425,0.4640566961728235,0,0,1,0
32,179,4,10,5,6,0.61,2.0,0.2767747230201067,-0.18671730144943605,1,0,0,0
46,32,1,15,7,13,0.76,3.0,0.2770060128550695,0.02710685663950129,1,0,1,1
42,155,2,11,11,12,0.72,2.0,0.2765167148163434,-0.2567128046864894,0,1,0,0
56,25,2,15,9,8,0.8,3.0,0.2719186785260483,-0.2343706687856892,1,1,0,1
45,55,1,23,11,8,0.84,1.0,0.2770060128550695,1.1341298147703263,1,0,0,0
43,141,3,15,9,7,0.96,1.0,0.2770060128550695,-0.15963816458152386,0,0,0,0
21,80,2,11,5,12,0.54,1.0,0.2723334021043945,-0.3776449282057916,0,0,1,0
26,115,2,13,7,7,0.59,3.0,0.27391304347826084,-0.3867000535915584,0,1,0,0
55,57,2,24,12,10,0.64,3.0,0.2627646326276463,0.12271542882486648,0,1,0,0
30,70,2,17,11,13,0.94,1.0,0.2719186785260483,0.9451733717714166,0,1,0,0
46,72,4,16,11,16,0.96,2.0,0.2767747230201067,-0.34231761930281696,0,0,1,0
40,15,3,11,6,8,0.57,1.0,0.2627646326276463,0.9622364311718071,1,1,0,0
22,97,2,23,12,13,0.76,1.0,0.27391304347826084,0.419982259346183,0,0,0,0
42,135,1,14,7,9,0.75,1.0,0.27812113720642767,-0.6277019077362802,0,1,0,1
30,142,2,17,5,7,0.85,1.0,0.27621483375959077,-0.18728401677970175,1,1,0,0
31,34,1,13,2,11,0.81,3.0,0.2765167148163434,0.23387787284632774,0,1,0,0
29,135,1,12,8,9,0.93,2.0,0.2765167148163434,0.5904650145682799,0,0,1,1
45,123,3,12,2,6,0.85,2.0,0.265988987717069,-0.34157226544453273,1,1,0,0
43,103,1,10,10,8,0.91,2.0,0.2767747230201067,-0.008263571908167476,1,1,0,0
40,161,2,11,12,14,0.85,1.0,0.2641112047177759,0.13111143964173735,1,1,0,0
42,66,3,17,9,9,0.91,1.0,0.2723334021043945,-0.09802635226285736,1,0,1,0
18,177,2,9,7,11,0.99,2.0,0.2770060128550695,-0.10257855475270884,0,0,0,0
27,89,2,9,7,5,0.61,1.0,0.2723334021043945,-0.09074529225879178,0,1,0,0
27,137,1,13,11,11,0.61,1.0,0.27391304347826084,-0.6241352971251517,1,1,0,0
31,45,1,21,13,7,0.6,3.0,0.2655860349127182,-0.4327148744294347,1,0,1,1
25,34,1,16,10,7,0.53,3.0,0.2765167148163434,0.6859750275657729,1,1,0,0
20,11,1,18,4,5,0.66,1.0,0.2627646326276463,0.2712810846438625,1,0,0,1
54,38,3,23,11,11,0.75,1.0,0.2641112047177759,1.419643462137872,1,1,0,1
40,41,2,13,8,9,1.0,2.0,0.2767747230201067,0.9445635367964568,0,1,0,1
36,72,1,25,9,10,0.53,2.0,0.2641112047177759,-0.17438508306691552,0,1,0,0
49,32,2,14,6,7,0.88,2.0,0.26641414141414144,-0.17539531474260653,0,1,0,1
25,83,3,16,9,5,0.52,1.0,0.2723334021043945,-0.19370268388988474,1,1,0,0
35,153,2,5,6,8,0.8,3.0,0.2765167148163434,0.6954983090939331,0,1,0,1
31,45,2,15,9,11,0.78,3.0,0.27391304347826084,2.1388455639125517,0,0,1,0
22,111,1,11,7,6,0.72,1.0,0.2765167148163434,1.3536519259081305,1,0,1,0
29,134,2,13,5,13,0.58,2.0,0.2641112047177759,-0.4337620658005778,1,1,0,1
28,93,3,16,6,8,0.62,1.0,0.2641112047177759,-0.5066342653336536,1,0,1,0
40,175,2,18,3,4,0.84,2.0,0.2733843537414966,0.7031736058494878,0,0,1,0
44,21,3,14,7,11,0.78,3.0,0.27621483375959077,-0.3046864893833275,1,1,0,0
35,4,2,15,8,16,0.74,1.0,0.2765167148163434,0.9489802204029839,1,1,0,1
31,91,2,8,9,8,0.76,2.0,0.2767747230201067,-0.3635817640862639,0,1,0,0
18,26,4,13,7,10,0.68,2.0,0.2770060128550695,-0.21899543547761166,1,1,0,0
33,169,2,15,5,10,0.83,1.0,0.2641112047177759,-0.38913939349139764,0,0,1,0
42,61,1,11,6,13,0.86,2.0,0.2733843537414966,2.1388455639125517,1,0,1,0
25,59,2,13,9,10,0.68,2.0,0.2723334021043945,0.24545241747208002,0,0,1,0
38,152,4,17,9,7,0.78,3.0,0.27812113720642767,0.22736680649751445,0,0,1,0
37,97,2,17,6,12,0.62,1.0,0.2733843537414966,-0.19050567023327727,1,0,1,0
23,171,2,14,6,8,0.8,2.0,0.2765167148163434,-0.13736378812238587,1,0,1,1
50,98,2,17,7,10,0.98,1.0,0.26641414141414144,-0.17222910083220913,1,0,1,0
40,49,3,21,9,10,0.74,1.0,0.2723334021043945,1.2344199483796254,1,0,1,1
43,35,1,12,9,11,0.69,3.0,0.2627646326276463,-0.19580322658141297,0,1,0,0
30,9,1,22,11,5,0.66,2.0,0.2767747230201067,-0.4866082703478523,1,1,0,0
50,121,1,13,5,11,0.73,2.0,0.27391304347826084,-0.23499898360837507,0,1,0,0
29,103,1,15,6,9,0.53,2.0,0.2765167148163434,0.5669278485145283,1,0,1,0
37,3,2,8,14,9,0.8,3.0,0.2765167148163434,-0.04424383543079605,0,1,0,0
22,6,2,14,5,11,0.88,3.0,0.2765167148163434,0.2455756164569204,0,1,0,0
27,171,4,19,6,11,0.97,1.0,0.2719186785260483,-0.5024947794430173,0,1,0,0
34,23,3,20,9,10,0.84,3.0,0.27474402730375425,0.1534412556440535,0,0,1,0
42,110,2,20,8,12,0.85,2.0,0.2767747230201067,1.8974399250950171,1,1,0,0
30,57,1,13,7,12,0.74,1.0,0.265988987717069,1.070232661282871,1,0,1,1
29,138,2,8,10,11,0.54,2.0,0.2770060128550695,-0.1165123599381541,1,1,0,1
18,55,3,19,4,14,0.69,2.0,0.2655860349127182,-0.3792280351609903,1,0,1,1
24,119,2,12,11,15,0.73,2.0,0.26641414141414144,0.2362309734567787,1,1,0,0
46,65,2,14,10,12,0.75,1.0,0.27391304347826084,1.3350303993495094,1,1,0,0
34,90,1,19,6,12,0.65,3.0,0.27621483375959077,-0.6354018442888031,0,0,0,0
34,84,3,12,5,14,0.92,3.0,0.2719186785260483,-0.3800103487147266,1,0,1,0
21,62,1,17,16,8,0.71,1.0,0.27391304347826084,-0.5061414693942922,1,1,0,0
27,30,4,22,13,8,0.58,1.0,0.27812113720642767,0.6158932850393313,1,0,0,0
42,174,2,14,5,15,0.83,3.0,0.2770060128550695,1.2483352737173445,1,0,0,0
37,4,3,15,6,7,0.92,1.0,0.27474402730375425,-0.18806017038419603,1,1,0,0
44,86,2,16,6,7,0.57,3.0,0.265988987717069,-0.32814357609693295,0,0,0,0
38,91,2,14,14,17,0.98,2.0,0.2723334021043945,1.0451739877663409,1,0,1,0
54,171,2,12,12,15,0.84,2.0,0.2770060128550695,-0.3947695870986023,1,0,1,0
32,163,1,15,4,19,0.78,3.0,0.265988987717069,2.1388455639125517,1,1,0,0
33,27,2,11,8,7,0.52,3.0,0.2723334021043945,-0.30684247161803385,1,1,0,0
38,17,1,8,10,10,0.74,1.0,0.27474402730375425,0.0909177708375683,1,1,0,1
37,20,2,11,5,9,0.53,1.0,0.265988987717069,1.1788633661658627,0,0,1,0
33,177,3,16,4,8,0.94,1.0,0.2770060128550695,-0.562455725364823,0,0,1,0
41,88,2,5,2,11,0.97,2.0,0.265988987717069,-0.20984791085321458,1,0,0,0
23,148,2,10,5,9,0.85,2.0,0.2767747230201067,0.7253555830699955,0,1,0,0
47,57,3,14,8,13,0.97,2.0,0.27391304347826084,1.3093557309087773,1,1,0,0
24,143,4,21,4,12,0.92,1.0,0.2733843537414966,1.1649418808789016,0,1,0,0
18,69,2,24,9,12,0.77,1.0,0.2767747230201067,0.3207701168542371,1,1,0,0
22,162,4,11,5,5,0.83,2.0,0.2770060128550695,-0.43427334158766534,0,1,0,0
47,114,3,19,11,16,0.55,1.0,0.2723334021043945,2.1338587770036774,1,1,0,1
56,103,2,17,10,14,0.8,2.0,0.2770060128550695,0.9975329403285716,1,0,1,0
34,6,2,7,7,9,0.63,2.0,0.265988987717069,2.1032130295246367,1,1,0,0
30,23,3,17,12,10,0.64,3.0,0.27391304347826084,-0.2707390091105649,0,1,0,0
45,172,2,10,8,6,0.89,2.0,0.2719186785260483,-0.2389906307172029,1,1,0,0
45,34,1,19,7,13,0.56,3.0,0.27812113720642767,-0.5943026629460573,1,1,0,0
18,50,3,16,7,7,0.72,1.0,0.265988987717069,1.638715896981009,1,1,0,0
33,74,3,14,11,8,0.99,1.0,0.27391304347826084,0.4683686606422363,1,0,1,1
34,104,2,23,14,5,0.73,2.0,0.2723334021043945,-0.5435693209887951,1,1,0,1
18,84,4,21,4,10,0.97,1.0,0.2719186785260483,0.09051737413683711,0,1,0,1
32,35,1,16,5,14,0.89,2.0,0.27391304347826084,-0.5514417361200944,0,1,0,0
37,102,2,15,9,14,0.54,1.0,0.2767747230201067,-0.34387608646104756,0,0,1,0
43,129,4,14,8,12,0.82,1.0,0.2719186785260483,-0.014127843586568847,0,0,1,0
28,19,4,12,7,8,0.88,2.0,0.27391304347826084,-0.07800651722629806,0,0,1,0
37,157,1,12,7,16,0.78,3.0,0.2767747230201067,1.720464583371833,1,0,1,0
32,21,4,15,19,9,0.52,3.0,0.2765167148163434,0.022203537042854767,1,1,0,0
32,7,2,7,9,15,0.67,2.0,0.27391304347826084,-0.11237287404751785,1,1,0,0
52,141,4,12,7,10,0.94,2.0,0.27474402730375425,-0.4491865787025915,1,1,0,0
30,43,2,18,4,10,0.89,2.0,0.2765167148163434,0.4364724434670658,1,1,0,0
37,5,4,16,7,6,0.58,1.0,0.27812113720642767,2.1388455639125517,0,0,1,0
31,6,2,19,11,12,0.81,2.0,0.27621483375959077,0.2925698692242776,0,0,1,0
39,21,1,20,6,12,0.54,2.0,0.2733843537414966,0.47972760704451795,1,0,1,0
26,55,2,17,9,14,0.69,2.0,0.2765167148163434,0.04551894492389383,0,1,0,1
25,76,3,19,7,9,0.69,3.0,0.2641112047177759,1.220085746493449,0,1,0,0
32,143,3,14,6,6,0.82,2.0,0.265988987717069,0.001481467792705388,0,0,1,0
27,147,3,15,7,16,0.63,3.0,0.2719186785260483,-0.4092331479188612,1,0,1,0
33,176,1,12,10,8,0.99,2.0,0.27621483375959077,-0.1032746290170569,0,1,0,1
20,130,2,16,6,9,0.69,2.0,0.2765167148163434,0.43506797503988565,0,0,1,1
36,44,1,22,5,9,0.83,1.0,0.2723334021043945,-0.25380530864425677,0,1,0,0
18,130,2,15,11,7,0.74,1.0,0.2767747230201067,1.2887383807957422,1,1,0,0
27,81,3,20,6,15,0.92,2.0,0.27391304347826084,-0.5807076549689231,1,0,1,0
33,99,1,9,10,9,0.94,2.0,0.2719186785260483,0.7668674810119565,0,0,1,0
23,162,3,19,9,11,0.5,1.0,0.2765167148163434,-0.3417201042263412,0,0,1,1
38,15,3,17,12,20,0.63,2.0,0.27391304347826084,-0.37621581998164333,0,0,1,1
34,37,2,14,13,12,0.97,2.0,0.2723334021043945,0.03679029684795397,0,0,1,1
38,4,4,18,13,4,0.87,2.0,0.27391304347826084,1.122524470398364,1,0,1,0
27,66,2,15,14,14,0.99,3.0,0.2733843537414966,-0.10281263282390553,0,1,0,1
27,147,3,13,5,7,0.63,1.0,0.27474402730375425,-0.20241285211809854,1,0,1,0
45,3,3,11,10,11,0.79,2.0,0.265988987717069,-0.4677957853627286,0,0,1,1
30,158,4,16,8,12,0.58,1.0,0.2767747230201067,-0.21679633359821116,0,1,0,1
45,133,1,15,8,12,0.55,1.0,0.265988987717069,1.0446442321315272,1,1,0,0
25,39,1,10,11,15,0.95,2.0,0.27474402730375425,-0.44114168499251566,0,0,1,0
21,163,3,13,11,12,0.7,1.0,0.265988987717069,-0.12861050024947795,0,1,0,0
41,134,1,11,14,3,0.5,2.0,0.2719186785260483,-0.566853929123624,0,1,0,1
36,13,1,14,17,7,0.77,2.0,0.2770060128550695,1.0573522074178108,0,0,0,1
36,36,2,10,8,14,0.74,2.0,0.27391304347826084,-0.047354609798015264,1,1,0,0
22,173,3,16,10,15,0.83,3.0,0.2723334021043945,-0.31513992324703244,1,0,1,0
49,46,3,16,6,13,0.58,2.0,0.2765167148163434,0.2870998342973654,0,0,1,0
35,12,2,18,8,7,0.93,2.0,0.2723334021043945,0.3619863372325812,1,0,1,1
35,21,3,16,7,6,0.86,1.0,0.2641112047177759,0.34552695285790846,1,0,1,1
27,101,4,22,11,12,0.62,3.0,0.2767747230201067,0.8876825654956603,1,0,1,0
18,97,2,18,11,11,0.54,3.0,0.2765167148163434,1.3573971750472775,0,1,0,0
27,80,1,18,7,6,0.59,1.0,0.265988987717069,2.1388455639125517,1,0,0,1
30,156,2,16,7,5,0.9,2.0,0.2765167148163434,-0.5129050936620282,1,1,0,0
38,108,1,12,11,9,0.63,2.0,0.27391304347826084,-0.40315327801698914,1,0,1,0
29,33,1,15,12,9,0.69,1.0,0.2719186785260483,2.1388455639125517,0,1,0,0
47,116,2,19,7,10,0.76,1.0,0.2733843537414966,-0.050545463505380715,0,0,0,0
34,96,1,12,8,17,0.72,2.0,0.2719186785260483,0.08016249946100444,0,1,0,0
39,137,1,12,6,10,0.68,1.0,0.2723334021043945,-0.6103308508737888,1,0,0,0
40,71,2,19,11,9,0.67,3.0,0.27474402730375425,-0.5105027134576411,1,0,1,0
38,86,1,16,4,8,0.7,1.0,0.27391304347826084,1.0481554031994775,1,1,0,1
37,129,3,16,11,12,0.94,2.0,0.2767747230201067,-0.17528443565625018,1,1,0,1
46,57,1,20,9,13,0.63,1.0,0.2723334021043945,0.19015455312648225,0,1,0,0
38,156,2,12,9,6,0.75,3.0,0.2655860349127182,-0.309934766137527,0,0,1,1
30,54,1,23,10,12,0.73,2.0,0.27621483375959077,-0.4252182162018985,1,0,1,0
45,91,2,14,7,10,0.68,2.0,0.2723334021043945,-0.6354018442888031,0,0,1,0
33,26,2,14,7,14,0.74,1.0,0.26641414141414144,0.9816587511318907,0,1,0,0
39,164,1,10,7,10,0.56,1.0,0.2767747230201067,-0.45095448413505074,0,0,0,0
48,74,3,17,14,12,0.7,1.0,0.2641112047177759,-0.6233899432668675,0,0,1,0
32,31,2,12,6,9,0.88,2.0,0.2765167148163434,-0.34675278275707005,0,0,1,1
46,166,2,17,4,9,0.81,1.0,0.2719186785260483,-0.4711837574458386,0,1,0,0
42,149,3,18,7,13,0.64,1.0,0.2767747230201067,1.0287330832393942,0,0,1,1
27,146,4,22,6,13,0.71,3.0,0.2767747230201067,1.706949654734845,0,0,1,0
18,114,4,20,7,11,0.96,1.0,0.2719186785260483,-0.1772063398197599,0,0,1,0
46,21,2,6,9,5,0.82,2.0,0.2767747230201067,0.9466332797417749,0,0,1,1
62,178,2,14,7,7,0.92,2.0,0.2770060128550695,1.0416012172059703,1,0,1,0
50,131,1,18,7,11,0.99,3.0,0.2770060128550695,0.30157571501610825,1,0,1,0
37,61,4,19,7,9,0.97,1.0,0.2655860349127182,-0.5944197019816557,1,1,0,0
39,10,1,14,11,7,0.74,3.0,0.2765167148163434,0.5201615138691257,1,1,0,1
63,26,2,10,6,9,0.67,1.0,0.2733843537414966,-0.45524796875673745,1,1,0,0
53,68,2,11,16,7,0.64,3.0,0.2723334021043945,-0.34889644509329243,0,0,1,0
40,178,1,18,8,8,0.51,2.0,0.2770060128550695,1.107654352928132,1,1,0,0
37,174,4,19,11,9,0.67,2.0,0.27812113720642767,-0.47327198023888284,0,1,0,0
46,32,1,13,9,13,0.78,2.0,0.27474402730375425,-0.487513782886429,1,1,0,0
48,104,1,7,16,6,0.61,1.0,0.27391304347826084,-0.5101639162493301,0,0,1,0
36,85,1,24,9,14,0.57,2.0,0.2767747230201067,-0.37952371272460717,1,1,0,0
23,52,2,17,7,8,0.9,1.0,0.2733843537414966,0.22024590517374137,0,1,0,0
32,158,2,11,7,6,0.89,2.0,0.2641112047177759,0.12276470841880263,0,0,0,0
18,63,3,19,14,8,0.71,1.0,0.2723334021043945,2.1388455639125517,0,1,0,1
31,32,1,15,8,10,0.61,1.0,0.2723334021043945,0.4879572992318543,0,1,0,0
29,45,3,14,7,16,0.6,3.0,0.27391304347826084,1.6331965824601604,0,1,0,0
35,45,3,12,1,11,0.62,3.0,0.2641112047177759,-0.09805099205982543,1,0,1,1
18,158,1,8,12,5,0.69,2.0,0.2723334021043945,-0.19622826307911223,1,1,0,0
18,23,3,20,9,15,0.93,1.0,0.2770060128550695,1.605292012393818,1,1,0,0
44,93,4,19,3,8,0.81,3.0,0.265988987717069,0.5511029389117834,1,1,0,1
31,76,2,9,9,13,0.89,2.0,0.27391304347826084,-0.27691743820030923,0,0,1,1
41,82,2,15,5,7,0.69,3.0,0.27474402730375425,-0.2769297580987933,1,0,1,1
43,169,1,15,5,12,0.91,2.0,0.2655860349127182,1.315355521470503,1,1,0,0
54,176,1,20,6,7,0.68,2.0,0.2723334021043945,0.6962251831044912,1,1,0,0
29,129,2,10,5,13,0.69,3.0,0.27391304347826084,-0.3742815959196496,0,0,1,0
36,34,2,12,5,11,0.99,3.0,0.27621483375959077,-0.29771958679060484,0,0,1,1
64,96,3,19,5,8,0.93,1.0,0.2770060128550695,-0.22625801563395118,0,1,0,0
51,57,1,14,10,8,0.72,2.0,0.2767747230201067,-0.4376181940260812,0,1,0,0
46,37,1,13,4,11,0.65,1.0,0.27474402730375425,-0.6091543005685633,1,1,0,0
27,56,1,14,11,4,0.95,1.0,0.2733843537414966,-0.5747633039503754,1,0,1,0
40,110,3,22,7,8,0.58,1.0,0.27391304347826084,0.9936644922045842,1,1,0,1
20,50,2,24,12,13,0.52,2.0,0.27391304347826084,1.5308182260578174,1,0,1,1
52,108,1,14,10,9,0.91,1.0,0.27391304347826084,-0.05161729467349189,1,1,0,0
37,1,2,14,13,12,0.95,2.0,0.27621483375959077,1.711015221234577,0,0,0,0
29,76,1,19,3,12,0.92,2.0,0.27474402730375425,1.4791239320188,0,1,0,0
30,55,1,13,5,6,0.51,2.0,0.2767747230201067,-0.5645254683101412,0,1,0,1
38,22,3,11,14,8,0.75,1.0,0.265988987717069,-0.26325467078151277,0,0,1,0
56,65,1,13,12,9,0.98,2.0,0.2767747230201067,1.5824878802998663,0,1,0,0
27,124,3,12,9,10,0.88,1.0,0.27391304347826084,-0.250503575850535,0,0,1,0
24,151,1,17,8,17,0.81,2.0,0.27474402730375425,0.8577821718749038,0,0,0,0
32,124,2,8,12,8,0.77,1.0,0.2723334021043945,-0.4987926499485644,1,1,0,0
49,162,4,19,4,12,0.83,2.0,0.26641414141414144,-0.06353063650755518,0,1,0,0
42,107,2,14,5,7,0.75,1.0,0.2770060128550695,-0.4552972483506736,1,1,0,0
39,122,1,13,6,10,0.94,2.0,0.2767747230201067,-0.329178447569592,1,1,0,0
49,161,2,18,12,10,0.9,2.0,0.27391304347826084,0.4280148331577748,0,0,1,0
52,172,1,7,6,13,0.93,1.0,0.27391304347826084,0.7528227967401548,1,0,1,1
38,171,2,12,13,12,0.75,3.0,0.2767747230201067,-0.5106936718841437,1,0,1,0
32,128,2,16,8,10,0.84,2.0,0.2770060128550695,0.6470503083054595,0,1,0,0
36,29,3,14,14,9,0.91,2.0,0.2765167148163434,-0.05345911949685535,1,1,0,0
31,164,3,14,10,7,0.87,3.0,0.27474402730375425,0.00779541576577409,0,1,0,0
21,125,1,17,8,6,0.65,3.0,0.2723334021043945,2.1388455639125517,1,0,1,0
32,111,2,22,4,6,0.91,2.0,0.27474402730375425,2.1388455639125517,1,0,0,1
28,114,1,18,9,11,0.96,3.0,0.2770060128550695,-0.3728340078477753,1,1,0,0
35,49,3,14,6,11,0.68,3.0,0.27621483375959077,-0.5289148017420336,1,1,0,0
28,147,1,8,10,12,0.97,1.0,0.2723334021043945,-0.031862337454339376,1,0,1,0
25,40,3,16,5,9,0.87,2.0,0.27391304347826084,-0.011928741707168332,0,0,1,0
31,37,3,17,9,11,0.82,1.0,0.2719186785260483,-0.5902370964463253,0,0,1,0
39,35,2,11,15,8,0.75,2.0,0.2723334021043945,-0.2571563210319147,1,1,0,0
31,164,1,18,3,16,0.54,2.0,0.27474402730375425,0.25494489925403013,0,1,0,0
21,4,1,13,4,16,0.62,2.0,0.2723334021043945,-0.6183819045331066,0,1,0,0
42,8,4,20,17,11,0.87,1.0,0.2723334021043945,0.5822291624317015,0,1,0,1
25,129,1,19,6,11,0.66,1.0,0.2627646326276463,0.2790549405872896,0,1,0,1
18,109,2,17,3,12,0.91,1.0,0.27474402730375425,1.7090625173248573,0,0,1,1
33,102,2,19,11,10,0.94,1.0,0.2767747230201067,-0.41071769568618754,1,1,0,1
35,37,2,8,11,10,0.9,1.0,0.2765167148163434,0.1619173458010706,1,1,0,0
18,86,1,16,8,12,0.93,2.0,0.2733843537414966,-0.3082838997406661,1,1,0,0
27,16,3,14,12,12,0.97,3.0,0.27474402730375425,-0.44742483321937426,0,0,1,1
18,85,4,21,8,11,0.9,2.0,0.2723334021043945,0.5699831833385693,1,0,1,0
25,37,1,14,4,11,0.93,2.0,0.27391304347826084,0.4147524624397095,0,1,0,0
40,153,1,13,9,13,0.67,2.0,0.2765167148163434,-0.34560703219805466,0,1,0,0
47,18,1,13,9,11,0.7,2.0,0.27391304347826084,-0.25538225565021344,1,0,1,0
27,105,3,11,5,10,0.77,1.0,0.2655860349127182,-0.6150924916378689,0,0,1,1
38,175,2,18,10,15,0.97,2.0,0.27474402730375425,1.5835720313664616,1,0,1,0
37,163,1,12,8,9,0.54,3.0,0.2723334021043945,1.0257886275017094,1,1,0,0
38,20,4,18,7,11,0.68,1.0,0.2627646326276463,1.0011549904828785,0,0,1,0
22,54,1,12,10,9,0.97,2.0,0.2627646326276463,0.8677366498500052,0,0,1,1
27,55,1,12,9,10,0.98,2.0,0.2767747230201067,0.45394205951742955,0,1,0,1
33,144,4,15,11,12,0.54,2.0,0.27391304347826084,-0.07944794534893032,0,1,0,0
39,164,2,10,6,8,0.52,2.0,0.2770060128550695,-0.4659416406408811,0,1,0,0
44,176,1,14,7,10,0.54,2.0,0.2733843537414966,0.37806380475424883,0,1,0,0
18,96,3,14,3,11,0.51,3.0,0.265988987717069,0.5133609299059376,0,0,1,0
39,107,1,16,8,7,0.81,1.0,0.2641112047177759,-0.538838479970925,0,1,0,1
31,48,2,18,5,9,0.6,2.0,0.27391304347826084,-0.12840106197524934,1,1,0,1
29,82,4,13,9,13,0.62,3.0,0.2719186785260483,-0.49862633131902995,1,0,1,0
30,11,1,14,4,11,0.86,1.0,0.27391304347826084,-0.5842311459353575,0,0,1,1
34,11,1,15,7,7,0.66,2.0,0.2723334021043945,0.0433814425369135,0,0,1,0
33,78,3,14,11,13,0.68,3.0,0.2733843537414966,-0.08433894504709281,0,0,1,1
50,81,3,14,10,11,0.6,2.0,0.265988987717069,0.34711005981310716,0,0,1,1
34,115,2,20,7,12,0.9,1.0,0.27474402730375425,-0.6293835738793513,0,0,1,0
37,127,1,12,3,13,0.95,2.0,0.27474402730375425,1.1899759145984636,1,1,0,0
28,163,1,14,7,18,0.98,1.0,0.2767747230201067,1.8701205502066662,0,0,1,0
27,12,3,12,8,23,0.9,3.0,0.27812113720642767,-0.11585940531850017,0,1,0,1
35,142,1,12,8,8,0.85,2.0,0.2723334021043945,1.5014167883256642,1,0,1,1
28,76,1,17,2,8,0.86,2.0,0.27391304347826084,0.8010613592543997,0,0,0,0
38,167,1,10,13,20,0.62,2.0,0.2770060128550695,1.6938905623417664,1,0,0,0
57,75,3,9,5,8,0.52,3.0,0.2770060128550695,-0.17554315352441496,0,0,1,0
29,15,3,19,6,10,0.76,2.0,0.2719186785260483,-0.014799278053948836,1,1,0,0
46,58,1,16,10,11,0.65,2.0,0.2723334021043945,0.20496923105353612,0,1,0,0
29,22,2,22,14,7,0.7,1.0,0.2733843537414966,1.6228109080381177,0,1,0,1
27,107,1,18,10,7,0.94,3.0,0.27391304347826084,0.1840623633261262,0,0,1,0
29,114,1,13,9,11,0.98,2.0,0.2765167148163434,-0.5728845194315599,1,0,1,0
39,168,1,15,7,18,0.58,2.0,0.27391304347826084,-0.043812638983854776,1,0,1,0
25,12,1,18,8,11,0.77,2.0,0.265988987717069,-0.256263128391822,0,0,1,1
40,33,1,13,5,4,0.87,2.0,0.2770060128550695,0.2670060798699019,1,1,0,0
46,86,3,13,10,6,0.76,1.0,0.2723334021043945,-0.5827897178127253,0,0,1,0
32,117,4,15,7,10,0.98,2.0,0.27391304347826084,1.4476281115443608,0,0,1,1
33,109,2,17,10,4,0.58,2.0,0.2765167148163434,0.7634117494871843,1,0,1,0
52,10,1,20,4,6,0.83,3.0,0.2723334021043945,1.717427728395518,0,0,1,1
46,169,1,18,2,9,0.97,2.0,0.265988987717069,0.16788633661658628,1,0,1,0
43,75,1,13,11,10,0.82,3.0,0.265988987717069,1.1949346737382884,1,0,1,1
22,121,1,10,7,11,0.77,2.0,0.2770060128550695,0.39367311613352307,1,1,0,0
48,46,3,22,7,15,0.8,1.0,0.2719186785260483,0.770415611775359,1,1,0,1
43,46,1,9,10,10,0.9,3.0,0.2767747230201067,0.8408915910532897,0,0,1,0
23,67,1,22,10,6,0.83,2.0,0.2655860349127182,-0.5599301461755956,0,0,1,0
23,131,1,12,8,6,0.8,2.0,0.27391304347826084,0.48610315451000685,1,1,0,0
50,60,1,14,9,14,0.96,1.0,0.2767747230201067,0.24237860280031293,1,0,1,1
49,90,3,9,7,8,0.99,3.0,0.27474402730375425,-0.31808437898471714,0,1,0,0
39,176,1,11,6,12,0.77,1.0,0.2719186785260483,-0.04320896395813698,1,0,1,0
39,174,3,11,6,10,0.57,1.0,0.2655860349127182,-0.627972945502929,1,0,0,1
51,56,1,19,6,12,0.7,2.0,0.27391304347826084,-0.629321974386931,1,0,1,1
35,173,1,12,7,10,0.84,3.0,0.2770060128550695,-0.5208267883872637,0,0,1,1
33,157,4,8,10,5,0.9,1.0,0.2723334021043945,-0.013567288205545187,0,1,0,0
39,117,3,10,8,7,0.86,2.0,0.2719186785260483,1.6179691879338913,1,0,0,1
31,124,3,14,6,8,0.69,1.0,0.27474402730375425,0.23722888523398566,0,0,1,0
40,131,2,16,5,10,0.65,2.0,0.2765167148163434,0.8972243268715466,1,1,0,0
35,122,4,19,8,15,0.69,3.0,0.2733843537414966,0.47108519825796635,0,0,1,0
31,130,1,24,10,8,0.53,2.0,0.2723334021043945,-0.10031169343164613,1,1,0,0
53,35,2,14,7,12,0.54,1.0,0.2641112047177759,-0.2001767905432459,1,0,1,1
19,51,2,11,7,14,0.51,2.0,0.2765167148163434,0.7471926031329502,0,1,0,0
35,115,1,13,11,9,0.7,2.0,0.2767747230201067,-0.13127159832202984,1,0,1,0
30,95,1,16,8,9,0.91,3.0,0.27391304347826084,-0.09101017007619858,0,0,1,0
50,27,3,13,17,12,0.98,2.0,0.2723334021043945,0.5007699936552523,0,0,1,1
23,85,3,25,9,9,0.61,1.0,0.2770060128550695,-0.4277807550865781,0,1,0,0
41,134,1,19,7,12,0.9,2.0,0.2767747230201067,0.061356174425122735,0,0,1,0
18,160,1,19,7,12,0.67,2.0,0.27391304347826084,2.1388455639125517,0,0,1,0
24,63,1,15,6,10,0.68,2.0,0.2770060128550695,-0.44690739748304475,0,1,0,1
33,89,1,14,5,12,0.7,1.0,0.2641112047177759,-0.4910865534467996,1,0,1,0
18,57,4,15,7,12,0.51,1.0,0.2719186785260483,0.5208144684887797,0,0,1,0
50,20,1,15,9,10,0.91,2.0,0.27391304347826084,0.936167525979586,1,1,0,1
18,92,1,15,14,10,0.9,3.0,0.265988987717069,2.1388455639125517,0,1,0,0
28,126,4,16,6,10,0.78,1.0,0.2767747230201067,0.9637271388883756,1,0,1,0
31,21,3,12,5,11,0.67,2.0,0.27391304347826084,-0.34627846666543466,0,0,1,0
25,106,3,21,10,7,0.71,3.0,0.2765167148163434,0.01927140120365408,0,0,1,0
31,137,3,20,6,10,0.65,2.0,0.265988987717069,-0.23993310295123169,0,1,0,0
29,114,2,15,8,14,0.78,1.0,0.2765167148163434,-0.5610389370391587,1,1,0,0
32,61,2,13,9,5,0.96,1.0,0.2765167148163434,-0.25976197956128844,0,1,0,1
18,80,4,15,5,9,0.81,3.0,0.2733843537414966,-0.33978588016434746,0,0,1,0
40,136,1,17,11,15,0.61,2.0,0.2770060128550695,-0.4764689938954903,0,1,0,0
21,75,1,13,11,9,0.78,1.0,0.265988987717069,-0.13726522893451357,1,1,0,1
29,59,2,20,6,6,0.93,2.0,0.27391304347826084,0.4450655726596813,1,1,0,1
31,51,1,18,10,11,0.71,3.0,0.2641112047177759,0.4101633002544059,1,1,0,0
34,68,1,19,12,15,0.75,2.0,0.2627646326276463,0.8675456914235027,1,1,0,1
33,76,2,12,10,6,0.7,2.0,0.2765167148163434,0.5432366837297261,0,0,0,1
33,180,1,22,10,8,1.0,3.0,0.2719186785260483,-0.4871380259826659,1,1,0,0
49,129,1,16,8,21,0.54,3.0,0.2765167148163434,2.005140477642464,0,1,0,1
24,157,4,11,8,15,0.81,2.0,0.2719186785260483,-0.5408158236776129,0,1,0,0
38,31,1,7,6,8,0.81,3.0,0.2733843537414966,-0.6177843894566308,1,1,0,0
29,41,1,20,8,8,0.92,3.0,0.2733843537414966,-0.49106191364983154,1,1,0,0
22,130,2,15,7,8,0.84,1.0,0.2770060128550695,2.1388455639125517,1,0,1,0
35,148,4,19,5,11,0.87,1.0,0.2641112047177759,-0.4697792890186585,1,1,0,0
40,96,2,18,6,9,0.7,1.0,0.2641112047177759,2.1388455639125517,0,1,0,0
40,52,1,12,10,16,0.93,2.0,0.2641112047177759,-0.28500545155507917,0,1,0,0
26,160,2,15,8,15,0.59,1.0,0.2641112047177759,-0.3029986632910145,0,0,1,0
42,119,1,25,13,8,0.78,2.0,0.2770060128550695,-0.4849142843062973,1,0,1,0
19,164,1,11,10,10,0.86,1.0,0.2767747230201067,-0.5012381497976457,1,0,1,0
20,117,2,13,3,8,0.94,1.0,0.2765167148163434,0.10205495906713728,0,1,0,0
45,14,1,15,9,13,0.98,1.0,0.27474402730375425,0.661717147450705,1,1,0,1
42,161,1,14,7,6,0.93,1.0,0.27391304347826084,0.17092935154214328,0,0,1,1
30,53,1,20,11,10,0.58,2.0,0.2770060128550695,-0.1242738959830971,0,0,1,0
23,112,2,20,9,11,0.71,1.0,0.2767747230201067,0.31703102766433205,1,0,0,0
29,19,1,22,6,8,0.59,1.0,0.2770060128550695,0.31215234786465357,1,1,0,1
30,80,2,15,8,13,0.74,1.0,0.2723334021043945,-0.14356069705985622,0,0,1,0
26,70,1,18,4,16,0.53,1.0,0.2641112047177759,0.38499374765151934,0,1,0,0
29,71,2,15,4,5,0.56,3.0,0.2641112047177759,-0.23478954533414645,1,0,1,1
26,5,1,13,13,16,0.62,2.0,0.2655860349127182,-0.38424839379323517,1,0,0,0
31,41,1,19,6,8,0.85,3.0,0.27391304347826084,0.6881741294451734,1,0,1,0
28,2,1,13,6,6,0.9,1.0,0.2655860349127182,0.18428412149883885,1,0,1,0
45,113,4,19,4,12,0.56,2.0,0.265988987717069,0.8378916957724268,0,0,1,0
52,76,1,15,8,13,0.62,2.0,0.27391304347826084,0.596243046957293,1,1,0,0
28,144,2,19,7,9,0.83,2.0,0.2767747230201067,1.104358780083652,1,1,0,0
51,9,4,12,10,8,0.87,3.0,0.27391304347826084,-0.10268943383906516,1,1,0,0
33,162,3,14,2,10,0.53,3.0,0.265988987717069,-0.4489709804791209,0,1,0,0
19,9,3,19,7,5,0.97,3.0,0.2723334021043945,0.8386986491231312,1,1,0,1
29,6,3,19,7,10,0.68,3.0,0.2723334021043945,0.7341458306383556,0,1,0,1
41,22,4,11,13,11,0.69,2.0,0.2765167148163434,-0.2673140773320028,1,1,0,1
31,92,3,14,7,7,0.67,2.0,0.2655860349127182,-0.27284571175133515,0,0,0,0
44,120,2,16,12,15,0.68,1.0,0.265988987717069,-0.08003314052692206,0,0,1,0
33,60,2,12,5,10,0.54,3.0,0.2641112047177759,-0.46990864795274084,1,0,0,0
18,130,2,4,11,7,0.55,2.0,0.265988987717069,-0.47030288470423004,1,1,0,0
18,57,1,13,6,6,0.79,1.0,0.2641112047177759,1.6955414287386272,1,0,1,0
54,144,3,9,9,16,0.84,2.0,0.2723334021043945,1.9812152347864653,0,0,1,0
45,176,1,16,10,14,0.57,2.0,0.2765167148163434,-0.4290805043766439,0,0,0,0
38,33,3,11,7,11,0.72,3.0,0.27474402730375425,-0.4228589556422055,0,0,1,0
41,65,3,14,8,13,0.97,2.0,0.2733843537414966,-0.5180178515329034,1,0,1,0
19,145,4,8,8,12,0.84,1.0,0.265988987717069,-0.2646221795132408,1,1,0,0
39,16,1,16,3,14,0.62,2.0,0.2655860349127182,-0.12438477506945343,1,0,0,0
29,12,1,18,1,12,0.92,2.0,0.27812113720642767,2.1388455639125517,0,1,0,0
31,128,3,12,9,13,0.59,2.0,0.27391304347826084,0.04073266436284565,1,0,0,0
26,24,1,20,7,8,0.95,1.0,0.2770060128550695,0.233631474876647,1,0,1,0
39,5,1,17,3,9,0.59,2.0,0.27621483375959077,0.4919181465944721,1,1,0,0
26,128,3,14,9,9,0.72,2.0,0.2719186785260483,0.45355398271518244,0,1,0,0
21,72,4,24,11,7,0.66,2.0,0.27391304347826084,2.1388455639125517,0,1,0,1
41,174,1,11,12,12,0.7,2.0,0.2770060128550695,-0.5475363283006548,0,0,1,0
34,129,1,18,9,14,0.53,1.0,0.27812113720642767,-0.5683199970432243,1,0,1,0
38,11,1,13,4,13,0.65,1.0,0.2733843537414966,-0.20592402318604894,1,1,0,1
21,102,1,19,6,11,1.0,2.0,0.2723334021043945,-0.5267588195073273,1,1,0,0
39,32,1,11,3,8,0.97,2.0,0.2733843537414966,0.8571476971029759,0,0,1,0
42,31,4,16,10,8,0.63,1.0,0.27391304347826084,2.1388455639125517,0,0,1,1
23,9,3,12,5,12,0.99,1.0,0.27474402730375425,-0.6032099495500157,1,1,0,1
46,103,4,17,6,7,0.74,2.0,0.265988987717069,-0.5132069311748871,1,0,1,0
31,37,1,19,7,12,0.74,3.0,0.27621483375959077,-0.5520454111458122,0,1,0,1
46,176,2,12,11,13,0.62,2.0,0.2723334021043945,-0.049467472388027525,0,1,0,1
51,81,2,14,6,9,0.92,2.0,0.2719186785260483,-0.4193293047265291,0,0,1,0
37,72,2,21,10,13,0.71,1.0,0.2723334021043945,-0.27691743820030923,1,1,0,0
36,123,1,12,10,11,0.54,2.0,0.2733843537414966,1.1674366603219188,1,1,0,1
50,158,2,14,7,6,0.62,2.0,0.2770060128550695,0.2656200912904478,1,0,1,0
27,133,2,17,7,10,0.97,2.0,0.2765167148163434,0.9372455170969392,1,0,0,0
43,103,2,18,6,12,0.78,1.0,0.27391304347826084,1.1136418235913736,0,0,0,0
39,153,4,21,9,11,0.55,2.0,0.2641112047177759,-0.1667467460068129,1,0,1,0
32,137,1,19,9,9,0.76,3.0,0.2723334021043945,-0.32905524858475166,0,0,0,0
19,38,2,15,9,4,0.94,1.0,0.2765167148163434,0.8116872716968813,0,0,1,1
45,163,2,19,6,4,0.83,1.0,0.27391304347826084,0.5272269756497207,0,0,0,0
43,149,3,15,6,6,0.62,2.0,0.265988987717069,-0.4621224721108298,0,0,0,1
33,149,2,14,11,17,0.93,3.0,0.27474402730375425,-0.6292172552498168,1,1,0,0
39,63,1,8,8,10,0.54,3.0,0.2765167148163434,0.16959264255662534,0,1,0,1
25,88,1,11,8,11,0.96,2.0,0.27474402730375425,-0.10777139196373021,0,1,0,0
38,58,1,11,6,9,0.94,1.0,0.2723334021043945,0.4415420816932468,0,1,0,0
31,85,3,13,9,14,0.56,3.0,0.2767747230201067,1.0169614202378972,1,1,0,0
35,71,1,15,4,14,0.93,1.0,0.2723334021043945,-0.17684906276372284,0,1,0,1
26,8,2,16,7,6,0.98,1.0,0.2770060128550695,0.3390097265598531,1,1,0,1
39,150,2,15,10,10,0.94,1.0,0.2719186785260483,2.1388455639125517,1,1,0,0
44,23,4,17,9,7,0.79,2.0,0.2765167148163434,1.953039626953474,1,1,0,0
55,177,2,15,7,4,0.77,2.0,0.2770060128550695,0.2582096723522998,0,0,1,0
32,15,1,9,10,8,0.88,2.0,0.2723334021043945,2.1388455639125517,0,0,1,0
32,158,1,14,7,10,0.93,3.0,0.2767747230201067,-0.48040520146113996,0,0,0,0
32,63,2,17,11,7,1.0,3.0,0.2733843537414966,0.027685891868251006,0,1,0,0
25,30,2,20,8,15,0.61,1.0,0.2767747230201067,1.5248985148362377,1,0,0,0
40,113,3,17,2,13,0.62,1.0,0.2770060128550695,0.9805561202175694,0,0,1,1
34,100,2,12,7,10,0.71,1.0,0.27391304347826084,-0.175216676214588,0,0,1,0
25,32,1,10,11,8,0.97,2.0,0.265988987717069,-0.1978729695267311,0,1,0,0
28,117,1,12,11,11,0.88,2.0,0.27621483375959077,1.9464484812645144,1,0,0,0
40,178,1,10,6,24,0.81,2.0,0.2770060128550695,-0.12215487344384282,0,1,0,0
23,127,1,14,10,16,0.65,1.0,0.2719186785260483,-0.41364367157614623,0,0,1,1
24,36,4,13,14,13,0.87,1.0,0.2723334021043945,0.6307880423065314,0,0,1,0
40,179,1,16,11,12,0.86,2.0,0.2765167148163434,-0.4067630082728118,1,1,0,0
31,171,1,15,6,13,0.87,1.0,0.2733843537414966,2.1388455639125517,0,1,0,0
18,79,3,16,11,8,0.56,3.0,0.2641112047177759,0.8949636254997259,0,0,1,0
44,70,2,11,3,13,0.87,2.0,0.2767747230201067,0.21882295689883516,0,0,0,1
31,168,1,20,5,6,0.81,2.0,0.2733843537414966,-0.2765416812965461,1,0,1,0
25,138,1,17,12,9,0.61,1.0,0.2767747230201067,-0.14792194112320514,1,0,1,1
50,132,2,15,8,9,0.82,3.0,0.2770060128550695,-0.26560777139196373,1,0,0,0
18,122,1,12,10,8,0.79,3.0,0.2719186785260483,-0.3699080319578167,1,0,1,1
25,52,2,13,6,15,0.68,2.0,0.2765167148163434,-0.0034033719562150807,1,0,0,0
41,39,4,11,5,6,0.66,2.0,0.27391304347826084,-0.5422326120032771,0,0,1,0
18,31,2,16,5,7,0.9,3.0,0.27621483375959077,1.0220495383118042,1,1,0,1
45,40,1,21,7,14,0.9,1.0,0.2767747230201067,0.05852875772303636,0,0,1,0
34,165,3,15,6,7,0.85,3.0,0.2765167148163434,0.353134490171801,1,1,0,0
32,3,3,11,13,7,0.81,3.0,0.265988987717069,-0.3859608596825162,0,1,0,0
34,64,1,18,10,16,0.99,1.0,0.2723334021043945,-0.01678278170987871,0,1,0,0
22,120,1,19,11,10,0.67,1.0,0.27391304347826084,0.10366886576854607,0,1,0,1
28,165,1,11,11,12,0.51,3.0,0.2770060128550695,-0.49435132654506925,0,0,0,0
34,87,3,20,10,13,0.58,2.0,0.2765167148163434,-0.4210602504635362,0,0,1,0
30,59,1,7,10,8,0.89,3.0,0.2641112047177759,0.06354911635528124,0,0,1,0
34,154,3,20,7,9,0.79,3.0,0.2723334021043945,-0.2365020112234275,0,1,0,1
34,5,2,22,11,10,0.8,2.0,0.2723334021043945,2.1388455639125517,1,1,0,1
26,73,1,22,10,11,0.81,2.0,0.2733843537414966,0.08016249946100444,0,0,1,0
18,69,3,15,5,6,0.62,1.0,0.2767747230201067,1.6556557573965591,0,0,1,0
59,119,1,20,5,14,0.52,1.0,0.2719186785260483,1.0282772469954848,0,1,0,0
40,96,1,21,8,11,0.79,1.0,0.265988987717069,2.1388455639125517,0,1,0,1
35,24,1,13,7,16,0.59,2.0,0.2719186785260483,-0.5936189085801933,1,0,1,0
51,161,1,15,12,10,0.58,2.0,0.27391304347826084,-0.5835720313664615,1,1,0,1
39,93,3,20,9,10,0.61,3.0,0.27391304347826084,-0.24715872341211909,1,1,0,1
23,49,1,22,3,9,0.83,1.0,0.2765167148163434,0.5941856239104589,0,0,1,0
41,43,1,16,7,7,0.72,2.0,0.2627646326276463,-0.2903646073956351,1,0,1,1
22,100,1,16,10,11,0.81,1.0,0.2765167148163434,-0.29937045318746575,1,1,0,0
18,52,1,12,9,10,0.56,3.0,0.2733843537414966,-0.21574298227782604,0,0,1,0
35,159,3,27,9,9,0.62,2.0,0.2767747230201067,0.28404449947332433,0,0,1,0
28,106,1,21,9,13,0.77,3.0,0.2767747230201067,1.893947233874793,1,1,0,0
39,47,1,19,15,13,0.56,2.0,0.27391304347826084,-0.5261797842785776,1,1,0,1
52,65,2,11,9,10,0.75,1.0,0.265988987717069,-0.33795637523946803,0,0,1,0
51,29,1,11,7,5,0.71,3.0,0.2723334021043945,-0.4732227006449467,1,1,0,1
41,87,3,13,6,9,0.69,2.0,0.27391304347826084,-0.5461688195689267,1,1,0,0
28,134,3,23,11,7,0.63,1.0,0.2627646326276463,-0.16149846925261335,0,1,0,0
21,118,1,17,7,6,0.89,3.0,0.2655860349127182,0.6693370046630815,0,1,0,0
30,170,2,16,8,15,0.75,3.0,0.27391304347826084,0.2608030109831895,1,0,1,0
23,128,1,11,9,10,0.74,1.0,0.27391304347826084,2.1388455639125517,0,1,0,0
28,152,3,20,10,9,0.73,3.0,0.27391304347826084,-0.12873369923431832,1,1,0,0
38,109,1,13,7,10,0.69,1.0,0.2765167148163434,-0.12164975760599733,0,1,0,0
41,74,3,9,14,14,0.53,1.0,0.2767747230201067,-0.5711412537960687,0,0,0,0
46,66,1,15,5,6,0.68,1.0,0.265988987717069,-0.5730200383148842,1,1,0,0
45,33,3,27,4,7,0.6,1.0,0.2723334021043945,-0.3699449916532688,0,0,1,0
34,89,2,12,10,10,0.65,1.0,0.2733843537414966,1.3711215419584943,1,0,1,0
36,156,2,15,5,8,0.8,2.0,0.265988987717069,-0.25413178595408376,0,0,1,0
36,65,2,16,4,10,0.68,1.0,0.27391304347826084,0.6579041388698957,1,0,0,0
19,170,1,21,8,11,0.71,3.0,0.2641112047177759,-0.07768003991647109,1,1,0,0
40,91,1,12,11,9,0.69,1.0,0.2719186785260483,0.07047289930330974,0,1,0,0
36,82,1,15,10,11,0.93,2.0,0.27474402730375425,-0.5752068202958007,0,1,0,1
37,130,1,12,9,8,0.54,1.0,0.2655860349127182,-0.36740093261631523,1,1,0,0
23,62,1,15,8,9,0.83,1.0,0.27391304347826084,-0.2921386727773363,0,0,0,0
59,179,2,20,7,10,0.63,3.0,0.2641112047177759,1.2530784346336987,0,0,0,1
48,148,1,17,12,12,0.87,3.0,0.2767747230201067,0.45591940322411745,1,1,0,1
26,64,2,14,8,9,0.6,2.0,0.2770060128550695,1.432813433617307,0,1,0,0
50,5,2,22,11,9,0.8,2.0,0.2627646326276463,-0.1007428898785874,0,1,0,0
37,40,1,11,6,14,0.57,2.0,0.2641112047177759,-0.5198843161532349,0,1,0,0
30,175,1,16,10,7,0.99,1.0,0.2733843537414966,-0.29813230338982005,0,0,1,0
18,161,1,16,6,8,0.96,1.0,0.265988987717069,-0.17558011321986708,0,1,0,0
30,23,1,21,9,8,0.61,2.0,0.2733843537414966,0.9597170119318217,0,1,0,1
24,164,2,14,12,15,0.54,3.0,0.2770060128550695,0.040350747509840516,1,1,0,0
19,37,1,13,10,10,0.83,2.0,0.2770060128550695,0.4545272546954213,1,0,1,1
42,177,3,20,12,13,0.58,1.0,0.27391304347826084,-0.5299250334177247,1,0,1,0
42,5,1,13,6,9,0.73,3.0,0.27812113720642767,-0.10977337546738615,0,0,1,0
40,12,1,15,4,11,0.74,1.0,0.2767747230201067,-0.5287115234170471,0,0,1,1
37,33,2,13,5,11,0.99,2.0,0.27391304347826084,-0.3733268037871368,0,0,1,0
26,6,4,18,4,7,0.62,1.0,0.2641112047177759,-0.23987766340805353,0,1,0,0
43,7,3,13,5,16,0.52,1.0,0.2770060128550695,0.18023703484683287,0,0,1,1
37,90,1,11,9,10,0.74,1.0,0.2770060128550695,-0.18405004342764217,0,0,1,0
56,60,2,10,8,3,0.82,3.0,0.2767747230201067,-0.09250703774200901,0,0,1,0
28,170,1,19,8,13,0.95,2.0,0.27391304347826084,-0.25427346478665014,1,1,0,0
18,123,1,13,7,12,0.69,3.0,0.2723334021043945,-0.25015861869298195,1,1,0,1
62,162,2,9,11,10,1.0,2.0,0.2723334021043945,1.9159628924657661,0,1,0,0
27,5,3,14,11,8,0.61,3.0,0.2770060128550695,-0.5016631862953449,1,0,1,1
22,140,2,11,5,12,0.8,2.0,0.2627646326276463,-0.22133005624033658,1,0,1,0
26,39,3,14,5,10,0.58,1.0,0.27621483375959077,0.006076789927250999,1,1,0,1
37,157,3,14,6,6,0.51,3.0,0.27391304347826084,-0.5532650810957318,1,1,0,0
25,150,4,17,7,10,0.57,2.0,0.27474402730375425,-0.37074578505473116,0,1,0,0
30,25,1,13,11,8,0.69,1.0,0.2767747230201067,-0.46135863840481955,1,1,0,1
37,161,4,12,4,6,0.53,3.0,0.2767747230201067,1.519274481178275,0,0,1,0
33,1,3,11,4,11,0.95,2.0,0.265988987717069,-0.42807027270095294,1,0,1,1
36,146,4,14,11,9,0.92,2.0,0.2765167148163434,0.1994930361773819,0,1,0,0
26,32,1,21,9,5,0.66,3.0,0.2770060128550695,0.057752604118542064,1,0,1,0
30,82,1,19,4,8,0.85,2.0,0.2655860349127182,-0.48090415734974346,0,1,0,0
30,154,4,12,1,9,0.62,2.0,0.2765167148163434,-0.3365334269645618,1,0,1,0
51,59,3,17,9,14,0.62,2.0,0.2723334021043945,-0.31325497877897485,0,1,0,0
32,152,2,20,4,11,0.94,1.0,0.27474402730375425,1.4062702123334503,1,0,1,0
29,169,4,7,5,17,0.62,3.0,0.27391304347826084,1.1198079327826338,0,0,0,0
42,37,1,20,8,5,0.55,1.0,0.2767747230201067,-0.38522166577347405,1,1,0,0
43,80,3,14,2,7,0.89,2.0,0.27474402730375425,1.5929597940112974,1,0,1,0
45,77,4,13,11,12,0.54,1.0,0.27391304347826084,-0.178598488348456,1,1,0,0
28,50,4,17,18,6,0.72,1.0,0.2765167148163434,-0.47294550292905585,0,1,0,1
49,175,1,17,9,7,0.74,1.0,0.27391304347826084,-0.6311945989565046,1,0,1,0
27,178,2,14,2,12,0.95,2.0,0.2723334021043945,-0.3345930429533261,0,1,0,0
43,18,1,10,7,9,0.74,2.0,0.2719186785260483,-0.19243373434602898,0,0,0,1
28,65,1,5,11,10,0.58,1.0,0.27391304347826084,0.08557709484473848,0,0,1,0
48,153,2,9,10,6,0.73,3.0,0.2767747230201067,-0.462522868811561,0,0,1,0
25,112,4,7,12,12,0.74,2.0,0.2765167148163434,0.6152464903689193,1,0,1,0
31,152,1,9,12,8,0.62,3.0,0.27474402730375425,-0.38653989491126595,0,0,1,0
38,110,1,20,7,12,0.53,1.0,0.2770060128550695,0.1160010841510666,0,1,0,0
35,51,2,20,13,11,0.64,3.0,0.2641112047177759,-0.3523398567195806,0,0,1,0
18,19,3,22,12,9,0.93,1.0,0.2627646326276463,-0.1490492118344945,1,1,0,0
48,31,2,14,11,12,0.91,1.0,0.27391304347826084,1.192045657543782,0,1,0,1
34,65,2,9,7,12,0.89,2.0,0.2723334021043945,-0.5979185531511221,0,0,0,0
18,27,1,20,9,6,0.88,3.0,0.2770060128550695,2.0710088148873655,0,1,0,1
41,141,2,9,7,4,0.6,2.0,0.26641414141414144,1.9974467010391834,1,1,0,0
30,25,2,11,15,10,0.98,2.0,0.27391304347826084,0.13959368974799646,1,1,0,0
42,128,1,16,7,13,0.79,2.0,0.2733843537414966,-0.352789533014248,0,0,0,0
41,134,1,19,11,13,0.58,1.0,0.2719186785260483,-0.32915380777262393,0,0,1,0
18,155,1,18,13,5,0.93,2.0,0.27391304347826084,0.9057435366732578,0,0,1,0
41,70,2,9,6,7,0.71,1.0,0.2765167148163434,-0.07041745976013157,0,0,1,0
30,131,2,16,7,6,0.54,2.0,0.265988987717069,0.13046464497132543,1,1,0,0
31,145,1,17,10,10,0.79,1.0,0.27474402730375425,-0.09423182352977412,0,1,0,0
35,161,1,16,9,11,0.58,2.0,0.2723334021043945,-0.4977762583236314,0,1,0,1
37,128,2,14,8,7,0.5,2.0,0.2733843537414966,1.1913927029241278,0,0,1,0
34,51,3,14,12,6,0.71,3.0,0.2767747230201067,0.955405047462409,0,1,0,1
42,18,1,15,6,11,0.71,3.0,0.2765167148163434,-0.010339474802727625,1,1,0,0
30,163,3,7,9,9,0.64,1.0,0.2767747230201067,0.2193403926351647,1,0,1,0
38,150,2,9,11,12,0.69,3.0,0.27474402730375425,-0.5902740561417774,1,1,0,0
35,140,1,16,14,12,0.63,2.0,0.2765167148163434,1.519982875341107,0,0,1,0
49,137,3,14,8,14,0.56,2.0,0.2723334021043945,-0.5637369948071628,0,0,1,1
35,3,2,19,10,14,0.99,1.0,0.2719186785260483,-0.06576053813316578,0,1,0,0
47,26,3,11,11,7,0.55,1.0,0.2627646326276463,0.02556070937975471,0,1,0,1
18,42,1,23,7,10,0.91,3.0,0.26641414141414144,1.2264181743142437,1,0,0,0
34,80,3,19,16,8,0.71,1.0,0.2765167148163434,-0.2703570922575598,1,0,1,0
24,12,1,8,6,6,0.9,1.0,0.2765167148163434,0.29194155440159175,1,0,0,0
51,25,4,16,7,17,0.76,1.0,0.2767747230201067,2.1021165585595574,1,1,0,0
29,158,3,13,6,8,0.99,2.0,0.26641414141414144,-0.06922858955642205,1,1,0,0
40,133,4,16,6,12,0.67,2.0,0.2641112047177759,-0.010715231706490738,0,0,1,0
45,124,3,15,11,6,0.91,3.0,0.2723334021043945,0.18064975144604808,1,1,0,1
54,75,1,9,8,9,0.73,3.0,0.27474402730375425,0.5645747479040772,0,1,0,1
40,76,2,8,5,9,0.98,3.0,0.2719186785260483,0.05169121406439611,0,1,0,1
31,56,1,13,9,11,0.84,2.0,0.2641112047177759,-0.1722783804261453,1,1,0,0
18,55,1,16,10,9,0.77,1.0,0.2767747230201067,-0.36833108495186,1,0,0,1
36,46,4,14,5,9,0.76,2.0,0.265988987717069,0.7483137138949975,1,1,0,0
44,83,1,16,7,7,0.96,3.0,0.265988987717069,1.1392425726412014,1,0,1,1
50,108,4,21,11,12,0.65,1.0,0.2723334021043945,1.0997141783551703,0,1,0,0
19,76,3,15,7,15,0.69,2.0,0.2767747230201067,-0.18945231891289216,1,1,0,0
36,74,2,15,6,17,0.91,2.0,0.27621483375959077,-0.09369590794571853,1,0,1,0
25,49,2,12,7,15,0.65,1.0,0.2719186785260483,-0.08332871337140182,0,0,1,0
46,145,2,15,6,13,0.76,2.0,0.2733843537414966,0.9237490683076771,1,1,0,0
35,144,2,12,11,7,0.92,2.0,0.2723334021043945,0.9548691318783533,0,1,0,0
40,151,4,19,9,10,0.87,1.0,0.2733843537414966,1.742714320034003,1,0,0,0
32,83,4,16,6,11,0.86,1.0,0.2767747230201067,-0.2559428110312371,1,0,0,1
49,76,1,22,8,8,0.81,1.0,0.2765167148163434,0.44262007281060006,1,0,1,0
21,78,1,16,4,5,0.62,1.0,0.27391304347826084,0.35832732738282236,1,1,0,1
46,62,2,18,9,11,0.96,2.0,0.2765167148163434,-0.48612163435773287,1,1,0,0
56,124,2,15,4,12,0.61,3.0,0.2641112047177759,0.5016077467521668,0,0,1,0
33,162,1,15,13,10,0.67,1.0,0.2770060128550695,-0.043116564719506714,0,0,1,0
31,14,2,16,10,15,0.57,2.0,0.2770060128550695,-0.5328694891554093,0,0,1,0
33,55,2,15,11,11,0.77,2.0,0.27391304347826084,0.4299675370674946,1,0,1,1
39,81,1,13,8,10,0.8,1.0,0.265988987717069,-0.21092590197056776,1,0,1,0
51,170,1,14,10,11,0.66,1.0,0.2770060128550695,0.11391902130726443,0,1,0,0
39,84,3,16,5,9,0.92,2.0,0.265988987717069,-0.5953498543172004,0,1,0,0
38,38,3,17,8,12,0.86,1.0,0.27474402730375425,0.04701581258970426,0,1,0,0
39,46,1,13,11,7,0.84,2.0,0.27474402730375425,-0.4898360837506699,0,1,0,0
47,96,2,13,6,10,0.87,3.0,0.2723334021043945,-0.4644817326705228,1,1,0,0
46,48,1,14,7,8,0.7,2.0,0.2641112047177759,-0.4858505965910841,1,1,0,1
29,3,2,13,4,7,0.73,3.0,0.2770060128550695,0.7513567288205545,1,0,1,0
36,137,1,18,7,9,0.6,1.0,0.2765167148163434,1.368663722210929,1,0,1,1
32,32,4,13,13,8,0.75,1.0,0.2733843537414966,-0.21210245227579325,1,0,1,0
27,84,1,16,9,7,0.55,3.0,0.2770060128550695,0.12171751704765953,1,0,0,0
30,36,2,21,13,9,0.73,2.0,0.26641414141414144,-0.5588952747029364,1,0,1,1
36,174,2,10,10,7,0.76,2.0,0.265988987717069,2.1388455639125517,1,1,0,1
36,179,3,17,9,9,0.64,2.0,0.2723334021043945,1.1369079518784766,1,1,0,0
18,127,3,22,9,6,0.97,3.0,0.2767747230201067,-0.5613777342474698,1,1,0,0
35,172,1,17,13,14,0.75,2.0,0.2627646326276463,-0.19839040526306062,1,1,0,0
28,5,1,11,12,11,0.67,1.0,0.2765167148163434,-0.42742347803054104,1,1,0,0
29,33,1,14,7,15,0.84,2.0,0.2765167148163434,-0.037449411416849925,1,1,0,1
27,84,3,10,10,11,0.75,1.0,0.2723334021043945,-0.38833244014069324,0,1,0,0
45,56,2,11,10,8,0.87,1.0,0.2765167148163434,2.1388455639125517,1,0,1,0
30,152,1,17,15,7,0.97,1.0,0.2767747230201067,-0.4408275275811727,1,1,0,0
36,172,3,17,5,13,0.84,2.0,0.2770060128550695,-0.47875433506427906,1,0,1,1
45,63,2,10,9,12,0.64,3.0,0.26641414141414144,-0.48476028557524686,1,1,0,0
37,144,1,17,5,10,0.97,3.0,0.2765167148163434,0.8258243552073131,1,0,1,0
36,106,3,11,7,11,0.81,3.0,0.2719186785260483,0.2431424365063232,0,1,0,0
43,28,2,11,7,8,0.79,2.0,0.2733843537414966,0.04003043014925557,1,1,0,0
40,84,1,14,9,9,0.96,1.0,0.2719186785260483,-0.37980707038974,1,0,1,0
31,53,1,9,7,9,0.59,1.0,0.2641112047177759,2.1388455639125517,0,1,0,0
42,158,1,10,10,9,0.74,1.0,0.2767747230201067,1.097213238962911,1,0,1,0
18,79,4,20,8,8,0.99,3.0,0.2770060128550695,0.23084101787001274,1,1,0,0
29,59,2,10,7,11,0.71,3.0,0.265988987717069,-0.05024362599252182,0,0,1,1
36,64,2,23,10,6,0.58,2.0,0.2767747230201067,0.8904299028576005,1,1,0,1
23,108,3,18,6,9,0.86,2.0,0.2733843537414966,-0.4972649825365439,0,0,1,0
28,177,1,10,4,11,0.85,2.0,0.27474402730375425,-0.5444501937304037,0,0,1,0
30,62,2,24,11,12,0.65,3.0,0.27474402730375425,-0.2664701642858463,0,1,0,1
30,127,1,10,8,7,0.57,2.0,0.27391304347826084,-0.40339967598666987,0,1,0,0
37,145,1,18,9,10,0.58,1.0,0.2770060128550695,0.24860631148399337,1,0,0,0
39,64,4,9,10,11,0.9,1.0,0.27621483375959077,0.07931242646560592,1,1,0,0
30,163,1,19,7,15,0.67,2.0,0.2765167148163434,-0.26000221758172715,0,0,1,0
36,6,3,13,7,9,0.74,2.0,0.27474402730375425,1.305881519536279,1,1,0,0
36,173,4,15,12,8,0.52,1.0,0.2733843537414966,0.062070728537196855,1,1,0,1
21,3,3,18,7,10,0.72,2.0,0.2733843537414966,0.01858148688854804,1,0,1,0
34,166,2,18,8,5,0.56,1.0,0.2733843537414966,-0.6247574519985956,0,0,0,0
34,70,2,18,9,16,0.64,3.0,0.2770060128550695,-0.5301159918442272,1,1,0,0
51,166,1,14,7,8,0.84,3.0,0.2765167148163434,-0.4605208853079051,1,1,0,0
45,40,3,8,10,11,0.87,1.0,0.27391304347826084,-0.06720812620504008,0,1,0,0
40,139,1,18,8,11,0.59,3.0,0.2767747230201067,-0.5067759441662201,1,0,1,0
21,44,1,18,11,8,0.59,1.0,0.2719186785260483,0.44002673417971033,0,1,0,0
25,74,3,18,6,12,0.71,1.0,0.2770060128550695,-0.13785658406174733,1,0,1,0
50,89,4,7,9,8,0.85,1.0,0.2765167148163434,-0.29354314120451647,1,0,0,1
48,2,4,17,9,11,0.97,2.0,0.27391304347826084,-0.6174086325528678,1,0,0,0
20,163,4,16,5,11,0.52,2.0,0.2770060128550695,-0.5230998096575684,1,1,0,0
43,65,3,12,4,13,0.64,1.0,0.2767747230201067,-0.5101515963508461,0,1,0,0
27,24,1,12,8,14,0.72,1.0,0.27474402730375425,0.22966446756478726,1,0,1,0
50,63,2,16,9,6,0.68,3.0,0.27474402730375425,-0.24610537209173397,0,0,1,1
33,173,1,17,9,14,0.69,2.0,0.27474402730375425,-0.4288587462039313,1,1,0,0
40,155,1,6,9,8,0.7,2.0,0.27391304347826084,-0.02261625364206999,1,1,0,0
49,128,1,15,5,12,0.84,3.0,0.27621483375959077,-0.5857957730428301,1,0,1,0
46,135,2,11,2,10,0.85,3.0,0.2770060128550695,-0.3604586698205607,0,0,1,0
34,88,2,18,2,7,0.51,3.0,0.27474402730375425,1.0440836767505035,1,1,0,0
29,84,1,6,10,10,0.71,1.0,0.2770060128550695,0.15801809793087304,1,1,0,0
38,177,3,14,4,7,0.85,2.0,0.27391304347826084,-0.1665434676818263,1,0,0,0
30,65,3,14,9,11,0.53,2.0,0.2641112047177759,-0.3409439506218469,1,0,0,0
39,123,1,11,5,10,0.7,2.0,0.27474402730375425,0.21170205557506205,0,0,1,0
22,156,4,8,6,9,0.7,1.0,0.27391304347826084,2.1388455639125517,1,0,1,0
47,121,2,13,12,18,0.78,2.0,0.2733843537414966,0.1539833311773511,0,0,1,0
48,128,4,18,6,6,0.65,2.0,0.2767747230201067,2.1388455639125517,1,1,0,0
34,140,1,13,4,10,0.51,1.0,0.2765167148163434,1.1341729344150204,1,0,1,1
59,171,1,21,14,14,0.88,2.0,0.2723334021043945,0.9786773356987538,0,1,0,0
29,4,2,14,8,7,0.88,3.0,0.2723334021043945,0.3786243601352725,1,1,0,1
38,127,1,8,7,9,0.87,1.0,0.27391304347826084,1.4733890192744812,1,0,1,0
22,81,1,14,9,9,0.98,1.0,0.2767747230201067,-0.30044844430481893,0,0,1,0
39,180,1,10,2,11,1.0,2.0,0.27474402730375425,0.8808881414817142,0,1,0,0
38,88,3,12,10,4,0.84,2.0,0.27474402730375425,1.3344082444760654,1,1,0,0
20,13,2,15,7,10,0.99,1.0,0.2719186785260483,0.45907945718527277,0,1,0,0
35,65,1,24,6,17,0.78,3.0,0.2765167148163434,-0.39531166263189993,1,0,1,0
38,35,1,18,3,8,0.96,2.0,0.2767747230201067,1.053945755486975,1,0,1,0
40,62,4,13,7,3,0.83,2.0,0.27391304347826084,-0.41655116761837885,0,1,0,0
37,64,1,11,11,11,0.83,1.0,0.2723334021043945,-0.409867622690789,1,0,1,0
28,67,1,17,8,9,0.88,2.0,0.2767747230201067,-0.2344753879228035,1,1,0,0
21,135,1,15,7,7,0.98,1.0,0.2767747230201067,1.8936207565649659,0,1,0,1
50,91,1,19,13,12,0.99,2.0,0.2770060128550695,-0.05398887513166892,1,0,1,0
32,108,2,14,6,11,0.85,2.0,0.27474402730375425,-0.2723529158119737,1,0,1,1
47,159,2,18,10,13,0.8,2.0,0.27391304347826084,2.1388455639125517,1,0,1,0
18,150,4,11,10,13,0.97,2.0,0.2723334021043945,0.0001878784518815565,1,0,0,0
55,10,3,19,3,11,0.88,3.0,0.2770060128550695,-0.06687548894597109,0,0,1,0
24,4,1,16,11,8,0.62,2.0,0.2733843537414966,0.22477346786662478,0,0,1,1
32,6,1,16,8,10,0.82,2.0,0.27391304347826084,0.6666327869458356,1,0,1,0
43,12,1,17,5,11,0.64,3.0,0.27391304347826084,0.9982351745421618,1,0,1,1
38,56,1,19,8,8,0.66,3.0,0.27391304347826084,0.5617411712527489,0,1,0,0
28,36,2,17,8,12,0.63,3.0,0.27812113720642767,0.21868743801551074,0,1,0,1
18,93,2,23,13,9,0.86,2.0,0.2723334021043945,-0.5946784198498204,0,1,0,0
26,131,2,19,7,9,0.93,2.0,0.2770060128550695,-0.07894898946032684,0,0,1,0
18,162,1,18,5,7,0.64,3.0,0.2770060128550695,2.1068412396281855,0,0,1,0
29,108,4,9,10,6,0.81,1.0,0.2770060128550695,-0.5846192227376047,0,0,1,0
35,127,4,19,10,4,0.64,3.0,0.27391304347826084,0.4698162487141106,0,0,1,0
39,34,2,16,9,7,0.71,2.0,0.2655860349127182,0.015458392622844788,0,0,1,0
18,97,4,16,10,13,0.59,3.0,0.2770060128550695,-0.34266257646036996,1,1,0,0
48,137,1,18,8,13,0.8,2.0,0.2770060128550695,0.2803854896235655,0,0,1,0
63,8,1,24,7,11,0.59,3.0,0.2770060128550695,-0.4902672801976112,1,1,0,0
47,52,2,23,11,10,0.57,2.0,0.2627646326276463,-0.29705431227246687,1,0,0,0
53,79,2,11,10,6,0.78,3.0,0.2770060128550695,-0.46460493165536315,0,1,0,1
32,7,1,25,11,11,0.76,1.0,0.26641414141414144,0.4053277400994216,0,0,1,1
29,38,2,15,6,14,0.75,3.0,0.27391304347826084,0.19619130338366012,0,1,0,0
37,44,3,18,7,12,0.58,1.0,0.265988987717069,0.16557635565082943,0,1,0,0
21,3,1,18,4,12,0.92,3.0,0.27391304347826084,-0.3370447027516493,1,0,0,1
41,68,1,20,9,13,0.59,3.0,0.2767747230201067,2.1388455639125517,0,0,1,0
39,62,1,15,9,9,0.8,2.0,0.2719186785260483,-0.6197432533155927,1,1,0,0
35,157,2,13,9,8,0.68,2.0,0.2767747230201067,1.000643714695791,0,1,0,1
28,51,2,17,8,11,0.63,2.0,0.2723334021043945,1.2555485742797479,0,1,0,0
26,9,2,16,5,12,0.72,1.0,0.2655860349127182,-0.49154238969070896,0,0,1,1
25,43,1,8,8,11,0.99,2.0,0.2765167148163434,-0.4968399460388446,1,1,0,0
18,12,1,18,5,8,0.68,1.0,0.2641112047177759,-0.23296004040926702,0,1,0,1
54,45,3,13,12,6,0.91,2.0,0.2767747230201067,-0.3678074892662884,1,0,1,1
46,2,3,19,7,16,0.51,1.0,0.2770060128550695,2.1388455639125517,1,1,0,0
25,178,2,15,7,11,0.8,2.0,0.2723334021043945,0.1205594465901601,0,1,0,0
34,13,2,16,4,8,0.82,2.0,0.2765167148163434,2.1388455639125517,1,0,1,0
32,55,1,16,10,13,0.83,2.0,0.27391304347826084,-0.2900381300858081,0,0,1,0
32,154,4,6,7,8,0.77,1.0,0.2765167148163434,1.3026044265395254,1,1,0,0
33,22,2,16,6,9,0.71,2.0,0.2719186785260483,1.1911832646498992,0,0,1,1
42,97,3,10,8,7,0.87,2.0,0.27391304347826084,0.20737777120716525,0,1,0,0
33,153,1,11,11,11,0.77,1.0,0.2723334021043945,-0.5647533864320958,1,1,0,0
38,58,1,19,7,12,0.67,1.0,0.2765167148163434,0.3760371814536248,1,0,1,0
42,51,1,14,7,7,0.74,1.0,0.2723334021043945,0.09105944967013471,0,1,0,0
40,164,3,14,6,14,0.81,2.0,0.27474402730375425,-0.4599541699776394,1,1,0,0
34,118,2,16,8,9,0.85,3.0,0.2723334021043945,-0.3509785079370946,1,1,0,0
18,110,1,23,6,8,0.9,2.0,0.2723334021043945,0.5103117550311386,1,1,0,0
30,141,2,16,11,9,0.67,3.0,0.27474402730375425,2.0391249176106787,1,0,1,0
50,21,1,12,7,19,0.76,2.0,0.27391304347826084,-0.07467398468636618,0,1,0,1
38,103,2,17,11,5,0.73,2.0,0.2733843537414966,-0.43759355422911317,0,1,0,0
49,34,4,23,10,14,0.58,2.0,0.2770060128550695,0.12008513049852469,0,0,1,1
32,9,2,21,6,4,0.64,2.0,0.27391304347826084,-0.6252995275318931,1,1,0,1
25,153,1,20,11,16,0.53,2.0,0.2770060128550695,-0.5640819519647158,1,0,1,0
26,80,2,14,11,3,0.79,2.0,0.2770060128550695,1.5980663919329305,1,1,0,0
35,28,3,12,5,6,0.66,2.0,0.2733843537414966,-0.46825162160663797,0,0,1,1
22,2,1,14,6,3,0.78,2.0,0.2655860349127182,0.4921399047671847,1,1,0,1
47,7,2,13,13,12,0.84,1.0,0.2641112047177759,-0.5311878230123384,0,1,0,0
32,148,3,23,7,11,0.85,2.0,0.27812113720642767,0.17304837408139756,1,1,0,0
48,96,4,15,6,12,0.67,3.0,0.2770060128550695,-0.35667646098596145,0,1,0,0
37,165,2,13,12,13,0.85,1.0,0.27474402730375425,-0.04429927497397421,0,1,0,0
32,27,4,19,3,11,0.64,2.0,0.2641112047177759,2.1388455639125517,1,0,1,0
21,16,1,10,9,8,0.96,1.0,0.27474402730375425,-0.4594367342413099,1,0,0,0
30,178,1,17,9,10,0.68,3.0,0.2767747230201067,0.7751094930977769,0,1,0,0
31,78,1,18,7,12,0.71,1.0,0.2733843537414966,1.7232427204799832,1,1,0,0
22,95,2,17,16,11,0.67,2.0,0.2765167148163434,-0.5949679374641953,0,1,0,0
18,73,1,12,6,10,0.75,2.0,0.265988987717069,-0.627264551340097,1,1,0,1
28,17,1,19,8,11,0.83,1.0,0.27391304347826084,-0.45184151682590135,1,1,0,1
49,79,1,22,13,10,0.64,2.0,0.2770060128550695,-0.4517675974349971,1,0,0,0
28,111,3,13,7,6,0.61,3.0,0.27474402730375425,0.24720184305681323,1,0,1,0
28,94,2,20,8,6,0.74,2.0,0.2723334021043945,0.24754680021436623,0,0,1,0
25,54,3,7,10,8,0.74,3.0,0.2770060128550695,-0.550640942718632,0,1,0,0
28,56,1,19,7,12,0.67,2.0,0.2723334021043945,-0.29050628622820146,1,1,0,0
24,126,2,23,4,16,0.85,2.0,0.2733843537414966,-0.5887279088820309,1,1,0,0
44,83,1,17,8,10,0.81,2.0,0.2723334021043945,-0.27702831728666555,1,1,0,0
35,145,1,12,6,12,0.73,1.0,0.2719186785260483,0.5274117741269811,1,1,0,1
36,139,1,16,15,9,0.83,2.0,0.27474402730375425,-0.31668607050677905,1,0,1,0
34,142,1,16,5,11,0.99,2.0,0.265988987717069,0.4384189874275436,1,1,0,0
37,81,3,17,10,11,0.61,2.0,0.2719186785260483,-0.28323754612262,0,0,1,0
36,106,2,14,9,7,0.97,3.0,0.27391304347826084,0.5091844843198492,1,1,0,1
31,45,1,16,14,11,0.58,1.0,0.2719186785260483,-0.39841011710063506,1,0,1,0
47,63,4,13,9,6,0.73,2.0,0.2723334021043945,0.5812189307560106,1,1,0,1
45,6,1,18,13,7,0.62,1.0,0.2767747230201067,-0.053021763100672054,1,1,0,0
32,118,3,15,1,7,0.87,2.0,0.2767747230201067,-0.6299502892096169,0,1,0,0
35,98,1,18,8,10,0.92,3.0,0.27474402730375425,-0.02823412735079063,1,0,1,1
45,70,2,11,6,12,0.72,2.0,0.2719186785260483,0.31425289055618183,1,1,0,1
24,22,3,15,9,20,0.99,2.0,0.2723334021043945,-0.6145072964598771,0,1,0,0
32,173,1,12,2,8,0.92,2.0,0.27391304347826084,-0.06916699006400187,0,0,1,1
20,44,1,15,3,7,0.86,2.0,0.2765167148163434,0.08604525098713187,0,0,1,0
30,169,2,15,10,13,0.83,1.0,0.2719186785260483,-0.4055002186781981,1,1,0,0
38,127,2,17,16,7,0.81,2.0,0.2765167148163434,0.08618076987045627,0,1,0,1
33,81,4,17,8,13,0.85,1.0,0.265988987717069,-0.13628579700503268,0,1,0,0
25,22,1,15,10,13,0.88,3.0,0.2767747230201067,-0.4725512661775667,0,1,0,0
35,29,2,16,10,15,0.91,1.0,0.2770060128550695,1.6023475566561332,0,1,0,1
30,56,3,12,6,7,0.83,2.0,0.2719186785260483,-0.23221468655098282,0,0,1,1
34,78,2,5,5,9,0.72,1.0,0.2723334021043945,0.5633981975988518,1,1,0,0
31,92,1,11,9,8,0.9,2.0,0.2641112047177759,0.0770086054490911,0,1,0,1
28,71,2,16,4,8,0.68,2.0,0.265988987717069,0.93282267354117,0,1,0,0
47,133,2,12,12,11,0.52,2.0,0.2641112047177759,-0.04650453680261674,1,1,0,0
18,143,2,16,4,8,0.97,3.0,0.2655860349127182,-0.47507068541755215,0,1,0,0
35,152,2,17,8,4,0.54,2.0,0.2733843537414966,0.4609397618563623,0,1,0,0
39,35,4,16,7,6,0.76,2.0,0.27391304347826084,-0.5149686766581043,1,0,1,0
31,160,2,13,6,7,0.73,3.0,0.27391304347826084,-0.464894449269738,1,1,0,1
34,141,4,17,11,13,0.58,1.0,0.2765167148163434,0.1774896974848927,1,1,0,1
35,8,2,8,12,9,0.96,3.0,0.2723334021043945,1.002356180585072,1,1,0,0
36,106,1,9,7,10,0.88,1.0,0.2627646326276463,-0.36422239880743384,1,0,1,0
35,45,3,14,8,5,0.5,1.0,0.2723334021043945,-0.2868103166829905,1,0,1,0
20,88,2,20,7,12,0.88,1.0,0.2767747230201067,-0.3301209198036208,0,1,0,0
53,80,2,16,13,9,0.74,2.0,0.2723334021043945,0.24033349965196288,1,1,0,0
37,48,1,20,9,7,0.81,1.0,0.2723334021043945,-0.07875187108458226,1,1,0,1
32,96,3,22,8,14,0.66,1.0,0.2765167148163434,-0.346395505701033,1,1,0,0
25,117,2,12,5,12,0.86,2.0,0.27474402730375425,0.25961414077948,1,1,0,0
44,158,2,17,6,12,0.93,2.0,0.27391304347826084,0.42054897467644864,0,0,1,0
40,33,2,15,5,10,0.87,1.0,0.2767747230201067,0.9271616801877552,1,1,0,1
38,156,3,10,4,9,0.92,1.0,0.2770060128550695,-0.62895237743241,1,1,0,0
45,180,1,24,11,7,0.51,1.0,0.2770060128550695,0.05328664091807884,1,1,0,0
40,113,1,14,11,7,0.85,2.0,0.2723334021043945,0.830869353636526,0,1,0,0
35,129,2,29,4,9,0.59,2.0,0.2765167148163434,0.21182525455990242,1,1,0,0
34,10,2,10,6,13,0.53,1.0,0.2641112047177759,0.9699486876228139,0,1,0,1
43,175,3,14,11,10,0.51,1.0,0.2767747230201067,0.354150881796734,1,0,1,0
37,54,4,14,10,8,0.62,1.0,0.2765167148163434,1.8466203438483666,0,0,1,1
31,100,2,14,11,14,0.8,3.0,0.2723334021043945,0.3823757692236616,0,0,1,1
42,143,2,11,8,15,0.66,3.0,0.2719186785260483,-0.300811881310098,0,1,0,1
31,28,2,15,8,10,0.52,2.0,0.2765167148163434,-0.024550477704063718,1,0,1,1
21,100,3,24,10,9,0.5,2.0,0.2733843537414966,-0.5112665471636514,1,0,1,0
57,94,1,18,8,10,0.67,3.0,0.2733843537414966,0.5474870487067186,1,1,0,0
33,18,4,12,11,8,0.69,1.0,0.2770060128550695,0.15846777422554037,1,1,0,1
32,93,1,14,6,8,0.98,1.0,0.27391304347826084,-0.3870758104953215,0,1,0,0
54,129,2,12,6,14,0.59,2.0,0.2641112047177759,-0.51352108858623,0,0,1,0
51,142,2,11,7,16,0.98,1.0,0.2767747230201067,0.2784081459168776,0,0,1,1
33,69,3,13,8,8,0.86,2.0,0.265988987717069,1.541468778297267,0,0,1,1
18,64,1,23,8,10,0.51,2.0,0.27391304347826084,0.38328744171148027,0,0,1,0
29,96,2,18,6,11,0.58,3.0,0.27391304347826084,0.9640782559951706,1,1,0,0
33,18,1,16,13,12,0.98,2.0,0.265988987717069,0.28290490886355096,1,1,0,1
33,134,2,14,9,15,0.99,2.0,0.265988987717069,-0.16555171585386136,0,0,1,1
22,101,1,11,11,13,0.66,2.0,0.27391304347826084,-0.3116657118745342,1,0,1,0
33,38,4,16,12,14,0.68,1.0,0.2723334021043945,0.0886262697195375,1,1,0,1
25,169,2,15,5,7,0.72,2.0,0.2627646326276463,2.0507857015258195,0,0,0,1
32,117,3,19,7,13,0.92,3.0,0.2733843537414966,2.1388455639125517,0,0,1,0
23,137,3,22,5,8,0.58,1.0,0.2719186785260483,1.18874392475006,1,1,0,1
18,128,1,16,7,6,0.51,2.0,0.2770060128550695,0.24168252853596486,0,1,0,0
34,76,2,11,11,9,0.85,1.0,0.265988987717069,-0.43540061229895466,0,1,0,0
19,156,2,18,13,5,0.7,1.0,0.2770060128550695,0.9185192714012037,1,1,0,0
40,117,1,17,8,11,0.68,2.0,0.2733843537414966,-0.5348529928113392,1,1,0,0
45,102,1,8,6,9,0.85,2.0,0.2723334021043945,0.9140533082007404,1,0,1,0
37,69,1,10,7,8,0.74,1.0,0.2765167148163434,-0.5106936718841437,1,1,0,0
38,125,2,11,10,14,0.55,2.0,0.27474402730375425,2.1388455639125517,1,1,0,0
34,82,4,13,16,18,0.64,1.0,0.265988987717069,2.1388455639125517,1,0,1,0
32,67,1,13,6,8,0.62,2.0,0.2767747230201067,2.1388455639125517,0,1,0,0
40,165,4,10,9,15,0.5,2.0,0.2733843537414966,-0.46217791165400796,0,1,0,0
29,7,2,22,8,7,0.55,2.0,0.2770060128550695,-0.4499688922563278,0,1,0,0
32,179,4,19,9,16,0.8,2.0,0.2641112047177759,-0.5577433641946791,0,0,1,1
42,155,4,18,7,11,0.74,2.0,0.27391304347826084,0.5121905395499541,0,1,0,0
35,86,2,13,13,11,0.84,1.0,0.2765167148163434,2.0100068375436586,1,1,0,1
28,99,2,10,6,15,0.84,1.0,0.2770060128550695,0.15382317249705862,0,1,0,0
45,25,3,16,6,9,0.51,2.0,0.27621483375959077,0.9169854440399411,1,0,1,0
30,179,1,14,6,5,0.7,1.0,0.2723334021043945,-0.6064624027498013,1,1,0,0
41,21,3,17,7,11,0.78,3.0,0.2733843537414966,-0.32838381411737166,1,1,0,0
35,150,3,15,12,10,0.95,3.0,0.2733843537414966,0.23631105279692496,0,1,0,0
37,168,2,17,7,10,0.66,1.0,0.2770060128550695,0.2408570953375344,0,0,1,0
31,52,2,24,5,9,0.84,2.0,0.2723334021043945,-0.004148725814499288,1,1,0,0
52,141,3,14,8,10,0.91,3.0,0.2641112047177759,1.0042103253069194,1,1,0,1
32,41,1,20,12,10,0.72,2.0,0.2641112047177759,0.7233474396170976,0,1,0,1
42,167,4,14,9,7,0.53,3.0,0.2767747230201067,-0.5150117963027985,0,1,0,0
42,2,1,13,4,7,0.97,2.0,0.265988987717069,-0.6342437738313036,0,0,1,1
36,45,2,11,7,10,0.68,2.0,0.27391304347826084,0.0157663900849457,0,1,0,1
34,50,2,9,6,10,0.81,2.0,0.27391304347826084,2.1388455639125517,0,0,1,0
45,9,1,18,9,12,0.86,2.0,0.27812113720642767,0.11410997973376699,0,1,0,0
38,140,4,13,10,8,0.96,1.0,0.2770060128550695,-0.2810076444970093,1,1,0,1
45,17,1,12,7,4,0.6,2.0,0.27812113720642767,2.1388455639125517,1,0,1,1
30,168,1,10,9,10,0.57,3.0,0.27391304347826084,-0.5122274992454062,0,0,1,0
56,173,1,13,9,8,0.75,3.0,0.2723334021043945,0.7708283283745742,1,0,0,0
51,47,3,8,9,10,0.91,1.0,0.2765167148163434,-0.04859275959566093,0,1,0,1
26,114,1,10,8,15,0.81,3.0,0.27391304347826084,0.9111581320569918,0,0,1,1
28,118,4,15,7,11,0.6,2.0,0.2770060128550695,-0.262650995755795,0,0,1,0
48,153,1,15,9,14,0.63,2.0,0.27621483375959077,-0.5626097240958734,1,0,1,0
38,129,3,17,14,7,0.54,2.0,0.27391304347826084,0.41123513142251705,1,0,1,1
37,165,4,14,11,13,0.77,1.0,0.27621483375959077,1.2743548993156297,0,1,0,0
27,74,1,19,7,14,0.55,1.0,0.2767747230201067,-0.2929641059757668,1,1,0,0
53,167,4,17,5,12,0.79,3.0,0.2641112047177759,0.28706287460191326,0,0,0,0
47,113,4,16,9,17,0.94,1.0,0.2767747230201067,-0.6280099051983812,0,0,1,0
39,53,4,17,9,8,0.74,3.0,0.2655860349127182,-0.3628056104817696,0,1,0,0
52,116,1,12,7,8,0.82,2.0,0.27391304347826084,1.6857655892915442,0,0,1,1
37,113,3,14,4,11,0.94,1.0,0.2767747230201067,-0.47479348770166135,0,1,0,1
31,105,2,14,3,7,0.9,1.0,0.2767747230201067,0.3690825987593862,0,0,1,0
18,154,2,17,10,7,0.75,2.0,0.27391304347826084,0.8564947424833219,0,1,0,0
26,42,4,23,4,6,0.68,3.0,0.2723334021043945,-0.04228497157183425,0,1,0,0
18,102,3,27,7,10,0.92,2.0,0.2765167148163434,-0.47416517287897547,0,1,0,0
18,132,2,13,9,14,0.5,2.0,0.2765167148163434,-0.32129371253980865,0,1,0,0
18,21,3,12,6,8,0.88,2.0,0.2723334021043945,-0.3738319196249823,0,1,0,1
29,132,1,17,7,9,0.86,3.0,0.27474402730375425,0.34562551204578074,0,1,0,0
38,56,1,13,5,13,0.67,2.0,0.2765167148163434,0.340642113108988,0,1,0,0
26,31,3,9,7,10,0.73,1.0,0.2765167148163434,2.1388455639125517,0,1,0,0
37,39,4,18,13,11,0.92,3.0,0.265988987717069,1.1817215826141592,1,1,0,0
24,156,2,19,12,8,0.97,3.0,0.27474402730375425,-0.03537350852228978,0,1,0,0
48,177,3,14,11,14,0.68,1.0,0.2765167148163434,0.4980472960902802,1,1,0,1
46,125,1,17,9,6,0.8,2.0,0.2770060128550695,-0.3141173716728574,0,1,0,0
33,101,3,16,9,12,0.54,2.0,0.2767747230201067,-0.6235316220994339,1,0,1,0
22,42,2,15,11,17,0.8,3.0,0.2765167148163434,0.7102883472240189,0,0,0,1
40,159,3,22,8,15,0.65,3.0,0.2723334021043945,-0.25299835529355236,0,0,1,0
33,8,4,13,5,11,0.94,2.0,0.2641112047177759,0.13828778050868862,1,0,1,0
41,6,2,15,8,6,0.79,3.0,0.27391304347826084,0.3062757562877682,1,1,0,0
37,63,1,17,8,15,0.8,3.0,0.27474402730375425,2.1388455639125517,1,1,0,0
32,165,1,10,7,7,0.51,1.0,0.27391304347826084,0.022148097499676604,1,0,1,0
36,93,2,22,11,12,0.83,3.0,0.27391304347826084,1.5599424660740795,1,1,0,0
26,35,2,11,7,7,0.82,2.0,0.2723334021043945,0.8563407437522714,0,1,0,0
34,150,2,13,8,15,0.57,2.0,0.2655860349127182,-0.5801655794356254,0,0,1,0
18,113,2,14,6,11,0.54,3.0,0.265988987717069,-0.0986854668317533,0,0,1,0
18,174,1,17,9,4,0.52,2.0,0.2719186785260483,2.1388455639125517,1,0,1,0
23,165,1,11,9,12,0.89,1.0,0.27391304347826084,-0.23640961198479724,1,0,1,0
29,54,1,16,5,6,0.79,2.0,0.265988987717069,0.9833034575795095,0,1,0,1
39,9,1,17,7,8,0.96,1.0,0.2719186785260483,0.12277702831728667,1,0,1,0
22,105,2,19,10,11,0.63,1.0,0.2655860349127182,-0.3383629318894412,0,1,0,0
38,57,2,8,8,9,0.97,1.0,0.2719186785260483,0.20628130024208602,0,0,1,0
27,157,4,22,10,4,1.0,1.0,0.2719186785260483,-0.15253574310547682,1,1,0,1
37,32,1,10,6,6,0.78,1.0,0.27812113720642767,0.31767166238550193,0,0,1,0
32,153,3,18,7,11,0.7,1.0,0.2767747230201067,-0.38570830176359344,1,1,0,0
33,163,1,20,3,7,0.8,3.0,0.26641414141414144,-0.5709810951157762,1,0,1,0
24,170,3,16,9,7,0.74,3.0,0.2733843537414966,1.0338027214655752,1,1,0,1
43,51,1,15,7,5,0.92,2.0,0.2767747230201067,2.1388455639125517,0,0,1,0
44,151,4,17,11,7,0.82,1.0,0.2765167148163434,-0.15759306143317378,0,0,0,0
43,125,1,7,6,8,0.97,2.0,0.2770060128550695,-0.4467903584474464,0,0,1,0
21,68,1,21,7,4,0.85,3.0,0.2723334021043945,-0.11443029709435194,0,1,0,0
39,108,4,12,9,7,0.55,2.0,0.2765167148163434,0.521584462144032,1,0,0,1
23,25,3,14,12,5,0.55,1.0,0.2641112047177759,2.1388455639125517,1,1,0,1
35,35,4,14,7,15,0.59,2.0,0.27391304347826084,-0.11139344211803695,0,1,0,0
35,23,1,17,10,6,0.53,2.0,0.2767747230201067,-0.25870246829166127,0,1,0,0
35,31,3,9,9,8,0.62,2.0,0.27474402730375425,-0.23263972304868208,0,0,0,0
28,106,1,11,12,11,0.86,3.0,0.27391304347826084,0.48557955882443526,0,1,0,0
28,87,2,18,3,14,0.94,1.0,0.2767747230201067,-0.27436105926487164,0,0,1,0
47,178,1,23,9,3,0.51,1.0,0.27391304347826084,0.07691620621046083,1,1,0,0
18,125,1,14,7,11,0.51,1.0,0.2770060128550695,-0.010973949574655506,0,0,1,0
42,121,3,13,7,11,0.91,2.0,0.2655860349127182,-0.5742150684678359,0,1,0,0
31,164,1,18,10,9,0.91,1.0,0.2719186785260483,-0.14762626355958827,0,1,0,1
32,5,1,24,7,13,0.82,2.0,0.2723334021043945,0.3143822494902642,1,1,0,0
51,90,4,14,5,10,0.94,2.0,0.2767747230201067,0.6573620633365981,0,1,0,1
18,78,2,20,8,10,0.76,2.0,0.27391304347826084,0.29470737161125793,0,1,0,0
26,82,1,20,8,10,0.69,2.0,0.2770060128550695,-0.5779110380130468,1,0,1,0
34,149,1,17,4,6,0.91,2.0,0.2770060128550695,-0.5423681308866015,0,1,0,0
41,108,3,9,2,5,0.55,3.0,0.27391304347826084,-0.4731241414570744,0,1,0,1
45,72,1,8,6,10,0.58,2.0,0.2627646326276463,0.5608171788664461,1,1,0,0
49,165,1,9,12,15,0.7,2.0,0.27812113720642767,1.202209573793112,0,1,0,0
38,51,1,11,8,13,0.84,2.0,0.2641112047177759,0.6709201116182802,1,1,0,1
41,152,1,14,5,12,0.87,3.0,0.27391304347826084,-0.555384103634986,0,1,0,0
41,11,2,15,10,12,0.91,2.0,0.2641112047177759,1.8125558245400057,0,0,1,0
48,146,1,12,10,16,0.7,1.0,0.2765167148163434,1.4170994031009185,1,0,1,1
40,136,1,18,5,9,0.6,1.0,0.2733843537414966,1.0690745908253716,1,1,0,0
41,17,3,18,13,14,0.65,2.0,0.2767747230201067,-0.1301874472554346,0,0,1,0
45,7,2,11,1,16,0.82,2.0,0.27391304347826084,0.7493732251646247,1,1,0,0
35,69,1,16,7,11,0.66,2.0,0.27812113720642767,-0.4257910914814062,1,1,0,0
29,176,1,13,7,11,0.7,1.0,0.265988987717069,-0.4094857058377839,1,1,0,0
24,131,1,12,6,6,0.98,2.0,0.2770060128550695,0.11430093816026957,0,1,0,0
22,32,3,15,9,15,0.95,1.0,0.27812113720642767,2.1388455639125517,0,1,0,0
24,94,2,15,6,7,0.7,3.0,0.2765167148163434,0.8856621021442783,0,0,1,0
35,28,1,10,4,7,0.76,2.0,0.2770060128550695,-0.015945028612964228,0,0,1,0
22,105,3,14,8,8,0.54,1.0,0.2767747230201067,-0.4200561787370872,1,1,0,0
18,111,1,10,12,15,0.86,2.0,0.27812113720642767,-0.038829240047062015,0,0,1,0
46,3,4,16,13,12,0.92,2.0,0.2655860349127182,0.17963951977035708,1,0,1,0
35,9,1,11,6,10,0.62,1.0,0.2765167148163434,-0.22451474999846002,1,1,0,0
38,73,2,17,9,9,0.82,1.0,0.2770060128550695,0.5969268013231571,0,0,1,0
36,85,4,19,8,16,0.74,2.0,0.2641112047177759,-0.23647121147721742,0,1,0,1
33,134,1,13,9,9,0.72,1.0,0.2767747230201067,-0.43925058057521604,1,0,1,0
42,130,2,14,7,7,0.7,3.0,0.27474402730375425,-0.5015276674120205,1,1,0,0
55,50,3,17,10,9,0.75,1.0,0.2719186785260483,0.3329852962011593,1,1,0,1
42,44,2,13,7,14,0.66,3.0,0.2627646326276463,-0.5407480642359507,0,1,0,0
58,24,2,16,6,10,0.73,1.0,0.2723334021043945,0.7661467669506403,0,0,0,0
52,95,2,15,7,8,0.71,2.0,0.2770060128550695,-0.2054004275004774,1,1,0,1
40,160,4,7,8,7,0.85,1.0,0.2719186785260483,-0.3723596917561399,1,1,0,0
36,100,2,18,4,10,0.82,1.0,0.2733843537414966,-0.1498315253882308,1,0,1,1
39,172,3,11,3,17,0.57,2.0,0.2770060128550695,-0.6354018442888031,1,1,0,0
50,160,1,8,8,11,0.84,3.0,0.27391304347826084,-0.43305983158698774,1,1,0,0
41,57,1,16,9,8,0.84,3.0,0.2719186785260483,-0.2277856830459717,0,0,1,1
43,155,2,9,10,5,0.77,1.0,0.27474402730375425,0.24438058630396886,0,1,0,0
18,118,2,17,11,9,0.51,2.0,0.27474402730375425,0.06560037945287331,0,1,0,0
39,104,4,13,5,14,0.56,2.0,0.2723334021043945,0.4034119958851539,0,0,1,0
32,157,1,14,2,10,0.54,2.0,0.265988987717069,-0.1841609225139985,0,0,1,0
38,72,2,11,2,9,0.79,2.0,0.2723334021043945,-0.5554210633304382,1,0,1,1
43,66,2,9,5,10,0.8,1.0,0.2719186785260483,0.5923869187317896,0,0,1,0
35,94,1,18,8,6,0.62,1.0,0.27391304347826084,0.22697256974602528,0,0,1,0
43,35,2,18,6,7,0.94,2.0,0.2767747230201067,-0.45248831149631324,0,0,0,0
36,178,1,17,7,8,0.83,1.0,0.2723334021043945,-0.05328664091807884,1,1,0,0
49,2,1,21,3,12,0.94,3.0,0.27391304347826084,-0.30492056745452417,0,0,1,0
24,173,3,10,5,12,0.56,1.0,0.2719186785260483,-0.1928772506914543,1,0,1,0
29,54,2,9,5,6,0.86,3.0,0.27391304347826084,0.19531659059129353,0,1,0,1
55,128,1,11,8,13,0.85,1.0,0.26641414141414144,0.7378910797775027,1,0,1,0
32,54,3,15,9,15,0.63,3.0,0.2770060128550695,0.7095183535687666,0,1,0,0
41,140,2,12,10,10,0.51,2.0,0.2765167148163434,0.06056154097290238,0,1,0,1
29,116,1,15,8,15,0.7,3.0,0.2733843537414966,1.8465525844067046,0,0,1,0
47,114,2,16,4,13,0.78,2.0,0.2765167148163434,-0.21217637166669748,1,1,0,0
21,58,2,15,6,7,0.77,3.0,0.2765167148163434,-0.6248621711357099,0,0,1,0
49,113,3,18,3,7,0.84,2.0,0.27474402730375425,0.5526182864253198,0,0,1,1
45,45,1,16,14,8,0.52,1.0,0.27391304347826084,0.056896371173901526,0,0,0,0
45,103,4,23,7,4,0.85,1.0,0.27391304347826084,-0.5260689051922213,1,1,0,0
37,149,3,18,5,13,0.81,3.0,0.2770060128550695,-0.38185833348733206,0,1,0,0
26,99,1,11,8,9,0.96,2.0,0.2627646326276463,1.5536531578979789,0,0,0,0
49,119,4,11,11,11,0.95,1.0,0.2655860349127182,0.19714609551617296,1,1,0,0
27,78,2,17,11,10,0.94,3.0,0.2655860349127182,1.2858062449565415,1,0,1,1
44,155,2,16,8,9,0.65,1.0,0.2767747230201067,1.16240398179119,0,0,1,0
28,5,3,10,11,7,0.76,2.0,0.265988987717069,0.05615101731561732,1,0,1,1
34,17,2,15,5,16,0.97,1.0,0.2765167148163434,-0.1616401480851798,0,0,1,0
28,79,3,18,4,15,0.57,3.0,0.27391304347826084,-0.5603675025717788,1,0,1,0
18,8,2,17,7,8,0.58,1.0,0.2767747230201067,0.14181127147512304,1,0,1,1
38,127,4,10,7,12,0.77,1.0,0.2765167148163434,0.8419141426274648,1,1,0,0
45,85,4,9,9,13,0.76,1.0,0.2765167148163434,0.11677107780631887,1,1,0,0
39,72,2,13,10,7,0.69,3.0,0.2770060128550695,0.2366313701575099,1,0,1,1
38,77,2,21,7,5,0.89,1.0,0.2770060128550695,-0.075289979610568,1,1,0,0
28,46,4,9,7,10,0.54,2.0,0.2767747230201067,0.9657106425443054,1,1,0,0
52,40,2,13,6,11,0.5,2.0,0.2765167148163434,-0.3550440744368266,1,0,1,0
27,56,4,25,11,10,0.92,1.0,0.2770060128550695,-0.5174880958980898,0,1,0,1
47,169,2,17,5,9,0.54,2.0,0.2733843537414966,-0.19774977054189075,1,0,0,0
51,80,1,18,6,14,0.76,2.0,0.27812113720642767,-0.5495691115505208,1,0,1,0
45,62,2,19,8,8,0.63,1.0,0.27474402730375425,0.15836305508842607,0,1,0,0
19,23,1,16,7,4,0.88,3.0,0.27391304347826084,-0.5412962997184904,0,1,0,1
35,54,1,21,8,6,0.91,1.0,0.27474402730375425,0.4425769531659059,0,0,1,0
35,173,2,13,11,9,0.83,2.0,0.265988987717069,1.27380666383309,0,1,0,0
48,2,1,12,3,9,0.61,2.0,0.2723334021043945,-0.3345437633593899,0,1,0,1
29,121,2,17,4,12,0.61,2.0,0.2770060128550695,1.6564811905949894,0,1,0,0
38,49,2,13,8,12,0.61,1.0,0.2765167148163434,1.1977620904403747,1,1,0,0
35,138,1,13,4,13,0.86,2.0,0.2770060128550695,-0.248815749758222,1,0,1,0
35,140,2,24,6,8,0.69,3.0,0.2723334021043945,0.14336973863335367,0,0,1,1
37,112,2,13,10,5,0.76,2.0,0.2765167148163434,-0.5711289338975847,0,1,0,0
36,18,1,12,6,13,0.5,1.0,0.2723334021043945,-0.2971220717141291,0,0,1,0
43,128,3,14,6,7,0.63,1.0,0.26641414141414144,1.1423718268561467,0,1,0,0
30,175,2,10,5,11,0.63,1.0,0.2767747230201067,0.11755339136005519,1,0,0,0
55,93,2,16,8,6,0.69,2.0,0.2723334021043945,0.26077837118622144,1,0,0,0
47,135,1,15,5,13,0.82,3.0,0.2641112047177759,-0.5294199175798792,1,1,0,1
35,105,2,14,9,10,0.89,3.0,0.2765167148163434,0.4177338778728463,0,1,0,0
25,137,2,10,10,4,0.58,2.0,0.2723334021043945,0.17359044961469516,0,0,1,0
35,120,3,17,5,14,0.61,2.0,0.27391304347826084,-0.31741910446657917,0,1,0,0
35,78,2,18,6,6,0.95,2.0,0.2767747230201067,0.2522530014352682,0,1,0,1
40,50,1,16,10,8,0.57,2.0,0.2765167148163434,1.0263553428319752,0,1,0,0
34,125,3,14,8,10,0.6,3.0,0.27474402730375425,-0.49398788953979017,0,0,0,0
22,102,1,17,8,13,0.53,2.0,0.2641112047177759,1.0873388403279558,0,0,1,0
51,86,1,13,8,10,0.87,2.0,0.2767747230201067,-0.2856830459717012,1,1,0,0
28,82,3,15,8,15,0.53,2.0,0.2655860349127182,1.6739446466961112,1,1,0,0
26,57,2,20,8,4,0.62,2.0,0.2765167148163434,-0.4596769722617486,0,1,0,0
18,24,3,21,8,12,0.64,3.0,0.2767747230201067,-0.2743733791633557,1,1,0,0
21,115,3,8,3,3,0.74,3.0,0.2627646326276463,0.31971060558461,1,1,0,0
23,73,2,23,10,5,0.86,2.0,0.2733843537414966,0.0049433592667196425,0,0,0,0
34,132,2,17,8,7,0.68,1.0,0.27391304347826084,0.08135136966471396,1,0,0,0
50,177,2,25,5,11,0.87,3.0,0.2723334021043945,-0.33520287792828585,0,0,1,0
33,93,1,12,6,12,0.86,2.0,0.2765167148163434,-0.30125539765552334,1,1,0,0
34,153,3,22,12,14,0.6,1.0,0.2723334021043945,0.5068437036078822,0,0,1,0
53,130,2,11,10,10,0.63,1.0,0.2767747230201067,-0.19725081465328725,1,0,1,0
37,27,4,10,6,7,0.86,1.0,0.27391304347826084,-0.2307609385298665,0,0,1,1
40,43,2,12,4,8,0.85,1.0,0.2719186785260483,-0.24025958026105865,1,0,1,0
36,76,1,13,5,6,0.95,2.0,0.2733843537414966,-0.16109191260264016,1,0,0,0
25,72,4,20,8,7,0.63,1.0,0.2723334021043945,0.867650410560617,1,1,0,1
36,164,1,15,6,11,0.9,1.0,0.2767747230201067,0.6977405306180277,1,0,1,0
31,124,2,11,5,10,0.65,1.0,0.27391304347826084,-0.4356038906239413,0,1,0,0
49,113,1,12,5,10,0.88,3.0,0.2723334021043945,-0.4397618563623036,1,1,0,0
27,138,3,11,12,9,0.95,1.0,0.2733843537414966,1.0390941178644688,0,1,0,0
36,157,1,13,12,9,0.78,2.0,0.2627646326276463,1.9862787130634043,0,1,0,1
42,56,1,16,4,10,0.54,2.0,0.2641112047177759,-0.15273902143046342,0,0,1,1
38,141,3,8,10,8,0.52,2.0,0.2723334021043945,-0.28509169084446745,0,0,0,0
30,86,1,16,8,9,0.79,2.0,0.2767747230201067,-0.5497662299262654,0,0,1,1
31,74,2,16,7,7,0.69,2.0,0.2655860349127182,0.8343189252120563,0,0,1,0
47,163,2,12,7,9,0.54,3.0,0.2770060128550695,-0.29828630212087054,0,0,1,0
30,10,1,12,8,12,0.61,2.0,0.2733843537414966,0.19364724434670658,0,1,0,1
40,75,4,13,9,15,0.62,1.0,0.2641112047177759,-0.43177856214464794,0,1,0,0
45,62,3,9,6,7,0.84,2.0,0.27812113720642767,-0.33342881254658463,0,0,0,0
38,160,1,14,9,9,0.69,1.0,0.265988987717069,-0.3890962738467035,0,1,0,0
19,179,2,11,9,6,0.88,3.0,0.27391304347826084,-0.5979616727958161,1,0,1,0
43,168,1,21,6,12,0.6,3.0,0.2723334021043945,-0.14805746000652956,1,1,0,0
39,79,2,17,8,7,0.74,1.0,0.2770060128550695,0.6646369633914216,0,0,1,1
37,72,1,14,10,7,0.84,2.0,0.2641112047177759,0.051192258175792635,0,0,1,1
40,16,3,15,11,8,0.95,1.0,0.27391304347826084,2.1388455639125517,1,1,0,0
23,77,2,12,16,6,0.7,3.0,0.2723334021043945,1.7640647041068382,1,1,0,0
33,96,1,10,12,6,0.94,2.0,0.265988987717069,-0.3952808628856898,1,0,1,1
30,106,4,19,10,9,0.51,1.0,0.2770060128550695,2.1388455639125517,0,0,1,0
54,52,2,12,4,17,0.69,1.0,0.2770060128550695,0.47249582663438855,1,0,1,0
49,100,4,12,12,9,0.61,3.0,0.26641414141414144,-0.33043507721496373,0,1,0,1
44,18,1,18,11,8,0.6,2.0,0.2723334021043945,0.2635811480913397,0,1,0,1
30,132,4,14,9,12,0.88,2.0,0.2765167148163434,-0.2880731062776043,0,0,1,0
40,154,2,14,10,7,0.87,1.0,0.2627646326276463,0.5011519105082574,0,0,0,0
19,91,2,11,11,11,0.61,2.0,0.2765167148163434,0.06124529533876641,1,1,0,0
45,139,1,12,7,10,0.98,3.0,0.2733843537414966,2.1388455639125517,1,1,0,0
41,96,1,19,6,9,0.64,3.0,0.265988987717069,-0.23756768244229667,1,1,0,0
40,139,2,13,10,9,0.6,2.0,0.2723334021043945,-0.004746240890975058,1,0,1,0
33,5,3,5,12,8,0.53,2.0,0.2723334021043945,1.2797756546486057,1,0,1,1
45,44,1,11,9,4,0.86,2.0,0.27391304347826084,-0.4145430241654809,0,1,0,0
52,137,3,15,7,11,0.87,2.0,0.2733843537414966,-0.5085992891418575,1,1,0,0
18,178,1,15,8,5,0.77,1.0,0.2641112047177759,-0.47871121541958495,1,0,0,0
38,145,2,15,6,10,0.97,3.0,0.2770060128550695,-0.21017438816304154,1,1,0,0
41,36,2,24,10,7,0.58,2.0,0.2733843537414966,-0.33215370305348685,0,1,0,0
24,117,3,21,4,16,0.52,1.0,0.27391304347826084,0.4049581431449005,1,0,0,0
45,99,1,15,5,12,0.96,1.0,0.2770060128550695,-0.47786730237342845,0,0,1,1
51,118,1,10,7,8,0.65,3.0,0.2723334021043945,0.4580261058648877,0,1,0,0
50,124,1,20,6,7,0.7,1.0,0.2770060128550695,-0.48462476669192245,1,1,0,0
39,112,1,15,6,10,0.83,3.0,0.265988987717069,-0.6234761825562557,0,1,0,0
52,94,4,10,4,4,0.51,3.0,0.2765167148163434,1.3517177018461368,0,0,1,0
39,13,4,16,8,7,0.99,2.0,0.27391304347826084,-0.1540141309235612,0,0,0,1
32,164,2,9,13,4,0.62,1.0,0.2733843537414966,-0.2660020081434529,0,0,1,0
33,51,2,15,3,6,0.59,1.0,0.2765167148163434,-0.3537258452990347,0,0,1,0
42,86,4,16,9,14,0.76,1.0,0.27474402730375425,-0.43840666752905955,0,1,0,0
24,54,3,13,5,6,0.78,1.0,0.27391304347826084,0.42163928569228587,1,0,1,0
39,97,4,19,10,7,0.96,1.0,0.26641414141414144,-0.5034495715755302,1,1,0,0
30,117,2,15,5,13,0.99,3.0,0.2767747230201067,0.32864869193477847,0,0,0,1
38,38,2,13,6,13,0.51,3.0,0.2767747230201067,1.971014358841683,1,0,1,1
26,35,2,21,10,8,0.74,2.0,0.2723334021043945,0.012125860082912917,0,1,0,0
27,117,2,14,9,6,0.64,3.0,0.2770060128550695,2.1388455639125517,1,1,0,0
36,110,3,14,14,14,0.7,1.0,0.2627646326276463,-0.28738935191174025,1,1,0,0
20,158,3,13,14,4,0.58,3.0,0.27391304347826084,0.20318284577335083,1,0,1,0
29,37,2,18,7,18,0.79,1.0,0.2723334021043945,-0.6061482453384585,1,1,0,1
18,164,1,11,7,14,0.78,3.0,0.2733843537414966,-0.512831174271124,1,0,0,0
54,4,1,11,10,6,0.82,3.0,0.2765167148163434,0.6386050178946525,1,1,0,0
25,102,1,20,6,13,0.9,1.0,0.2767747230201067,-0.23574433746665927,1,0,1,0
40,162,2,14,5,13,0.67,2.0,0.2723334021043945,0.17602362956529238,0,1,0,0
39,99,2,17,6,6,0.84,2.0,0.2733843537414966,1.6274739896143255,1,1,0,1
39,111,1,16,11,13,0.89,2.0,0.2765167148163434,-0.3282236554370792,0,1,0,0
37,21,3,12,10,10,0.7,1.0,0.27474402730375425,0.26916822205385027,1,0,1,1
44,130,1,23,6,11,0.58,2.0,0.26641414141414144,0.550961260079217,1,1,0,0
19,152,4,10,10,9,0.57,2.0,0.2733843537414966,-0.36453039626953476,0,1,0,0
32,92,2,21,5,17,0.52,2.0,0.27391304347826084,0.24890814899685226,1,1,0,1
34,57,3,17,11,8,0.82,1.0,0.27391304347826084,-0.5889003874608073,1,1,0,1
20,110,4,17,13,11,0.72,1.0,0.2770060128550695,-0.5453249065227702,1,0,1,0
37,83,2,10,5,8,0.71,3.0,0.2767747230201067,-0.41362519172842016,0,0,1,0
40,144,1,17,6,8,0.99,3.0,0.2641112047177759,-0.2622629189535478,1,1,0,0
32,158,3,15,4,11,0.72,1.0,0.2733843537414966,0.3446276002685738,0,0,1,0
31,40,2,15,8,10,0.95,2.0,0.2641112047177759,0.015495352318296898,0,1,0,0
52,151,3,15,9,12,0.5,2.0,0.2765167148163434,-0.5580452017075379,1,0,1,0
45,17,1,13,8,11,0.8,3.0,0.2733843537414966,-0.32580895533420806,0,0,1,0
18,174,1,19,12,10,0.98,1.0,0.2723334021043945,0.8336721305416444,0,0,1,0
32,27,1,27,11,11,0.8,2.0,0.2770060128550695,0.5958241704088358,0,1,0,1
32,15,2,13,8,12,0.6,1.0,0.2770060128550695,1.9468858376606977,0,0,0,1
37,44,3,12,3,8,0.52,2.0,0.2770060128550695,2.1388455639125517,0,1,0,0
38,166,1,17,4,15,0.76,1.0,0.27812113720642767,-0.2764308022101898,1,1,0,0
35,105,2,15,7,14,0.95,1.0,0.27391304347826084,0.5809602128878458,0,0,1,0
44,126,1,12,9,13,0.89,2.0,0.2765167148163434,0.033414644663327976,1,0,1,1
46,125,1,12,6,11,0.52,3.0,0.2765167148163434,-0.23952038635201645,1,1,0,1
18,103,2,21,5,9,0.51,2.0,0.27812113720642767,2.1388455639125517,1,0,1,0
51,127,2,19,4,8,0.78,2.0,0.2641112047177759,-0.5220957379311194,1,1,0,0
27,28,1,16,8,7,0.96,2.0,0.265988987717069,2.1388455639125517,1,1,0,0
48,145,1,21,9,8,0.61,2.0,0.2770060128550695,-0.1146520552670646,1,1,0,1
34,86,4,16,13,8,0.59,2.0,0.2770060128550695,-0.5065849857397176,1,1,0,0
49,14,3,17,9,7,0.93,2.0,0.2770060128550695,0.44664867961488,1,1,0,1
31,111,3,12,11,9,0.78,2.0,0.27391304347826084,-0.5220895779818774,1,1,0,1
45,167,1,17,12,7,0.95,2.0,0.2723334021043945,0.5781759158304536,1,1,0,0
41,48,2,23,9,9,0.87,1.0,0.2770060128550695,0.6085383056443615,0,0,0,1
23,35,1,17,7,11,0.96,1.0,0.2770060128550695,1.2212006973062541,1,0,0,0
45,129,3,24,7,4,0.75,3.0,0.2765167148163434,-0.31172115141771234,1,1,0,1
33,59,1,20,7,16,0.67,2.0,0.2767747230201067,0.9470583162394742,1,1,0,1
41,116,2,11,12,8,0.63,3.0,0.2733843537414966,-0.07046057940482571,0,0,0,0
22,49,2,11,12,10,0.81,1.0,0.27621483375959077,-0.2634949088019515,0,1,0,0
37,65,2,12,7,5,0.6,2.0,0.2723334021043945,-0.548275522209697,0,1,0,1
37,142,4,19,9,13,0.52,1.0,0.2767747230201067,2.1388455639125517,0,1,0,0
25,168,1,10,7,10,0.96,2.0,0.2641112047177759,-0.017189338359851914,0,0,1,1
31,110,2,17,9,12,0.8,3.0,0.2723334021043945,-0.4644016533303766,0,0,1,0
36,5,2,11,7,9,0.69,3.0,0.2733843537414966,-0.4835898952192634,1,1,0,1
63,170,1,11,6,8,0.86,2.0,0.2767747230201067,0.03422775796327438,1,0,1,0
33,26,1,14,7,9,0.7,1.0,0.2723334021043945,-0.36432711794454814,0,1,0,1
18,38,1,27,5,11,0.83,2.0,0.2770060128550695,-0.09650484480007884,1,0,1,0
36,118,1,11,12,14,0.77,1.0,0.2723334021043945,2.1388455639125517,1,0,1,1
33,124,1,23,6,11,0.7,1.0,0.2719186785260483,0.5404031070783977,0,0,1,0
30,128,1,11,10,9,0.96,2.0,0.27812113720642767,0.20900399780705806,0,1,0,0
42,68,2,21,15,7,0.64,3.0,0.2641112047177759,0.9278577544521033,0,0,1,1
38,99,2,14,3,8,0.94,1.0,0.2767747230201067,-0.31785030091352046,0,1,0,0
37,98,1,19,8,10,0.68,3.0,0.2770060128550695,0.5644330690715108,1,0,1,0
42,176,2,11,11,9,0.53,1.0,0.27474402730375425,-0.32543935837968696,0,0,1,0
30,8,1,15,4,13,0.95,2.0,0.27391304347826084,0.052590566653730776,0,1,0,1
37,2,3,15,8,11,0.73,2.0,0.27621483375959077,0.9346090588213554,1,1,0,1
52,45,2,10,4,9,0.81,2.0,0.2765167148163434,1.6839052846204547,0,1,0,1
40,30,1,16,8,9,1.0,3.0,0.27391304347826084,1.969246453409224,0,1,0,0
18,155,1,21,7,11,0.53,2.0,0.27391304347826084,0.031831537708129284,1,1,0,0
18,58,3,14,7,10,0.8,1.0,0.27391304347826084,0.2978058260799931,1,0,0,0
18,75,1,17,11,13,0.84,3.0,0.2767747230201067,-0.05239960822722821,1,1,0,0
30,172,1,16,5,7,0.59,1.0,0.2767747230201067,0.4361644460049649,0,0,1,0
47,146,3,13,6,7,0.74,3.0,0.2655860349127182,-0.4398480956516918,0,1,0,1
33,45,3,15,3,7,0.6,1.0,0.27474402730375425,-0.165428516869021,0,1,0,0
29,98,4,13,9,11,0.52,3.0,0.2767747230201067,1.3955211009061286,1,0,0,0
27,158,2,14,6,7,0.54,2.0,0.2723334021043945,1.0549436672641817,0,0,1,0
48,95,1,15,8,9,0.91,2.0,0.2641112047177759,-0.11990033202126414,0,1,0,0
28,172,1,18,5,9,0.77,3.0,0.27391304347826084,1.1096008968886097,1,0,1,0
22,38,4,12,5,10,0.91,2.0,0.2733843537414966,0.24746672087422,0,1,0,0
36,133,1,13,8,15,0.89,2.0,0.2641112047177759,-0.4144752647238187,1,0,1,0
33,27,2,17,7,7,0.5,2.0,0.265988987717069,1.1141962190231554,1,0,1,0
45,116,1,11,9,8,0.88,2.0,0.2770060128550695,1.018914124147617,0,1,0,0
22,95,2,14,13,11,0.71,2.0,0.2627646326276463,-0.633030263830626,1,1,0,0
27,167,2,23,5,7,0.6,2.0,0.27812113720642767,0.1738060478381658,0,0,0,1
45,90,4,13,14,16,0.81,2.0,0.265988987717069,-0.24006246188531408,1,0,1,1
25,117,4,15,8,24,0.53,2.0,0.27391304347826084,2.1388455639125517,1,1,0,0
39,95,1,12,6,8,0.87,2.0,0.2733843537414966,0.6200081311329995,1,0,1,1
45,70,1,15,10,7,0.98,1.0,0.2765167148163434,0.6766303845656312,0,1,0,0
43,9,3,23,7,12,0.57,2.0,0.2733843537414966,0.48760002217581727,1,0,0,1
18,58,2,14,4,14,0.95,1.0,0.2770060128550695,-0.5082789717812726,1,0,1,1
49,156,2,19,3,14,0.58,2.0,0.2733843537414966,0.29059868546683176,1,0,1,1
21,13,3,12,7,6,0.52,3.0,0.2723334021043945,2.1388455639125517,1,1,0,0
46,115,4,21,7,15,0.63,1.0,0.27391304347826084,0.1426059049273434,1,0,1,0
32,122,4,9,7,11,0.96,1.0,0.27391304347826084,0.9638195381270058,0,1,0,1
43,101,2,20,7,16,0.57,1.0,0.27391304347826084,1.16573035438188,1,0,1,0
19,62,1,13,9,8,0.98,1.0,0.27391304347826084,0.4271524402638922,0,1,0,1
24,99,4,10,4,10,1.0,1.0,0.2641112047177759,2.1388455639125517,1,0,1,0
54,24,1,22,8,10,0.72,3.0,0.2719186785260483,-0.1093175392234768,1,1,0,0
41,168,1,18,13,7,0.91,2.0,0.2733843537414966,-0.6221887531646739,1,1,0,0
50,79,1,20,7,5,0.75,2.0,0.2765167148163434,-0.46018208809959404,1,0,0,0
28,101,3,17,5,12,0.78,2.0,0.27391304347826084,0.5769870456267441,0,0,1,0
60,86,4,15,8,6,0.98,2.0,0.2765167148163434,-0.4500797713426841,1,0,1,0
27,101,2,19,11,6,0.91,3.0,0.2655860349127182,2.1388455639125517,0,1,0,1
29,40,1,17,11,14,0.81,2.0,0.2767747230201067,1.584083307153549,1,0,1,0
18,52,3,18,7,7,0.92,1.0,0.26641414141414144,2.1388455639125517,1,1,0,0
49,109,2,18,14,8,0.89,2.0,0.2767747230201067,-0.5973764776178244,0,1,0,0
32,151,1,17,8,9,0.56,1.0,0.2770060128550695,0.43586876844134803,1,0,1,0
29,95,2,13,6,8,0.64,2.0,0.27391304347826084,0.36477063428997347,1,0,1,0
40,145,1,17,8,13,0.91,2.0,0.2767747230201067,0.1349798877657248,1,0,1,1
52,32,1,17,9,12,0.77,2.0,0.2765167148163434,0.2466597675235156,0,0,0,0
23,151,1,16,11,16,0.91,3.0,0.2641112047177759,0.608735424020106,1,0,0,0
19,64,1,11,8,8,0.6,1.0,0.2723334021043945,-0.541863015048756,1,0,1,0
37,42,3,20,10,10,0.94,2.0,0.2765167148163434,0.1609687136177998,1,0,1,0
40,3,1,20,6,16,0.78,2.0,0.265988987717069,0.2059794627292271,1,0,1,1
31,14,1,15,8,9,0.92,3.0,0.2765167148163434,-0.09726867850608911,0,0,1,1
27,56,2,14,9,12,0.5,3.0,0.27391304347826084,-0.430448013108372,1,0,1,1
43,146,4,15,5,7,0.82,2.0,0.2770060128550695,-0.4635146206395259,1,0,0,0
25,40,3,13,6,7,0.68,3.0,0.27391304347826084,1.4022416055291704,1,0,1,0
41,79,3,12,5,6,0.57,1.0,0.27391304347826084,1.8193009689600157,1,1,0,0
28,166,1,20,7,17,0.83,1.0,0.2765167148163434,0.4236720689421519,1,0,1,0
37,67,1,6,7,8,0.94,1.0,0.2770060128550695,0.7431455164809442,1,1,0,1
39,63,1,24,12,15,0.83,1.0,0.27391304347826084,2.1388455639125517,1,0,0,0
40,11,2,13,3,15,0.75,2.0,0.2767747230201067,-0.48012184379600714,0,1,0,0
29,78,4,17,10,10,0.79,1.0,0.27391304347826084,0.6772217396928649,1,0,0,0
21,87,1,19,7,8,0.5,1.0,0.265988987717069,-0.6354018442888031,1,1,0,0
44,98,1,22,4,10,0.63,1.0,0.27391304347826084,-0.16824361367262333,1,0,1,1
37,129,1,16,16,12,0.62,3.0,0.2719186785260483,0.024501198110127572,1,0,1,1
32,149,3,18,12,6,0.69,2.0,0.27812113720642767,-0.5870339228404758,1,0,1,0
34,108,2,15,7,8,0.84,1.0,0.27474402730375425,0.49631019040403107,0,0,1,0
48,166,2,16,13,9,0.97,2.0,0.2767747230201067,-0.33661350630470804,0,0,0,0
52,128,4,17,7,4,0.99,2.0,0.27391304347826084,-0.5973395179223723,0,1,0,0
37,117,1,14,10,9,0.78,3.0,0.2719186785260483,1.1740955654525407,0,0,1,1
32,173,3,21,9,13,0.82,3.0,0.2770060128550695,2.1388455639125517,1,0,1,0
50,172,2,15,6,9,0.92,3.0,0.2733843537414966,-0.5223852555454943,1,1,0,0
30,46,4,13,14,8,0.51,3.0,0.2723334021043945,2.1388455639125517,0,1,0,0
36,22,2,10,11,7,0.76,2.0,0.2770060128550695,-0.08513357849931316,1,0,1,0
28,20,4,14,5,10,0.6,2.0,0.2723334021043945,0.5078169755881211,1,0,1,0
25,129,2,15,7,13,0.94,3.0,0.2770060128550695,-0.097909313227259,0,1,0,0
24,118,1,11,5,7,0.57,1.0,0.2723334021043945,0.2798126143440578,1,0,0,1
42,126,2,14,6,14,0.71,2.0,0.2765167148163434,0.40423742908358434,1,0,1,1
40,150,2,11,6,6,0.72,3.0,0.2733843537414966,-0.16541003702129495,1,1,0,0
27,37,3,19,10,19,0.77,3.0,0.27391304347826084,1.3253469591410567,1,0,1,0
28,145,1,13,5,13,0.81,2.0,0.2765167148163434,0.41919378584320466,1,0,1,0
41,10,1,12,5,8,0.51,2.0,0.2770060128550695,0.6070783976740032,1,1,0,0
32,75,3,11,4,8,0.55,2.0,0.2723334021043945,0.7123211304738849,0,1,0,1
32,156,3,19,5,4,0.77,3.0,0.2733843537414966,2.1388455639125517,0,0,1,0
42,164,3,14,7,11,0.84,2.0,0.2723334021043945,-0.14441077005525474,0,1,0,0
36,37,2,12,10,12,0.99,3.0,0.2767747230201067,-0.2922002722697565,0,0,1,0
21,10,1,22,8,13,0.95,2.0,0.2765167148163434,1.357816051595735,0,0,0,1
38,74,2,18,7,14,0.79,2.0,0.2733843537414966,0.9834204966151079,0,0,1,1
41,13,2,19,8,12,0.92,2.0,0.27391304347826084,-0.364961592716476,0,0,0,1
32,131,1,12,12,10,0.97,2.0,0.2765167148163434,-0.5139769248301393,0,0,1,0
54,129,1,16,10,14,0.66,3.0,0.2767747230201067,-0.20508011013989244,1,1,0,0
50,2,4,15,7,11,0.96,3.0,0.265988987717069,-0.08449910372738528,0,0,1,1
31,134,1,26,7,6,0.92,2.0,0.27391304347826084,0.7718939995934434,1,1,0,0
29,62,2,14,5,15,0.56,1.0,0.2723334021043945,0.5047431609163541,0,0,1,0
46,33,1,13,14,12,0.67,2.0,0.2770060128550695,0.40426822882979446,1,1,0,1
38,65,1,9,9,10,0.88,1.0,0.2723334021043945,0.14484812645143805,1,1,0,0
33,84,1,17,7,10,0.82,3.0,0.2767747230201067,0.07883811037397052,1,0,0,0
32,101,1,15,9,10,0.59,2.0,0.2765167148163434,-0.49745594096304646,1,0,1,0
46,146,1,8,5,10,0.93,1.0,0.2767747230201067,0.4419979179371562,0,1,0,0
19,134,2,15,7,7,0.7,2.0,0.2733843537414966,0.3536765657050986,0,0,1,0
23,3,1,15,11,11,0.95,2.0,0.27391304347826084,-0.5083590511214188,1,1,0,1
38,96,2,13,10,8,0.77,1.0,0.27474402730375425,0.5474993686052027,0,0,1,0
44,121,3,9,8,7,0.72,1.0,0.2765167148163434,-0.5852598574587745,1,0,1,0
35,50,1,17,6,10,0.82,2.0,0.2719186785260483,0.0351455904003351,1,0,1,0
38,86,3,9,5,8,0.9,1.0,0.2770060128550695,-0.46564596307726425,0,0,1,0
52,108,2,15,6,12,0.85,1.0,0.2641112047177759,1.1723892595125016,0,0,1,0
38,96,3,13,9,7,0.85,1.0,0.2719186785260483,-0.2798372541410259,1,0,1,1
49,140,2,11,3,13,0.53,2.0,0.2723334021043945,2.1388455639125517,0,0,0,0
41,160,2,11,13,7,0.57,3.0,0.27391304347826084,0.6464466332797417,1,1,0,0
24,114,1,14,9,10,0.78,3.0,0.2770060128550695,-0.2582343121492679,1,0,1,0
37,105,3,12,4,13,0.87,1.0,0.2767747230201067,1.8543880398425516,0,1,0,0
32,102,4,18,10,9,0.94,2.0,0.2627646326276463,-0.15643499097567437,1,1,0,0
45,140,2,14,6,10,0.62,2.0,0.27621483375959077,2.1388455639125517,1,1,0,0
35,71,2,20,14,9,0.86,3.0,0.2723334021043945,0.15147007188660766,0,1,0,0
55,121,1,22,4,7,0.73,1.0,0.2765167148163434,0.8338569290189048,0,1,0,0
26,60,2,18,5,5,0.76,2.0,0.2641112047177759,-0.5073734592426958,1,0,1,0
45,61,1,19,9,9,0.88,1.0,0.2770060128550695,-0.2042916366369141,0,0,1,0
43,3,2,15,12,8,0.94,1.0,0.2641112047177759,1.2563986472751465,1,1,0,0
38,62,1,15,12,12,0.51,1.0,0.27474402730375425,-0.1289985770517251,0,0,1,0
39,134,2,11,8,11,0.51,3.0,0.2767747230201067,-0.6224659508805648,1,0,0,1
47,112,2,12,5,7,0.71,2.0,0.2767747230201067,-0.1867973807895823,0,0,1,0
50,15,2,16,5,9,0.93,1.0,0.2723334021043945,-0.16372221092898195,0,0,1,1
34,153,3,16,5,11,0.58,1.0,0.2641112047177759,-0.42658572493362656,0,1,0,0
35,17,1,13,7,3,0.85,1.0,0.2723334021043945,-0.06752844356562501,1,0,1,0
54,131,1,18,11,12,0.8,1.0,0.2723334021043945,0.00547927485077523,0,1,0,0
42,99,2,19,6,8,0.98,3.0,0.2770060128550695,-0.4758653188697725,0,0,1,0
41,15,4,13,7,6,0.95,1.0,0.2767747230201067,1.7577938757784637,1,0,0,1
18,154,1,11,6,6,0.68,2.0,0.2767747230201067,-0.5471667313461337,0,0,1,0
41,134,1,17,5,19,0.81,3.0,0.27391304347826084,-0.039204996950825126,1,0,0,0
41,22,2,14,9,10,0.93,1.0,0.2641112047177759,1.0085654094210263,1,1,0,1
53,112,3,14,9,5,0.94,3.0,0.27391304347826084,-0.1729251750965572,1,1,0,0
35,127,4,13,7,11,0.84,3.0,0.27391304347826084,2.1388455639125517,0,0,0,1
41,121,1,16,10,15,0.66,2.0,0.2767747230201067,-0.5072625801563395,1,0,1,0
38,137,2,10,9,8,0.71,2.0,0.2770060128550695,-0.19163294094456662,1,1,0,0
28,164,1,22,7,12,0.72,2.0,0.2719186785260483,0.6029204319356408,0,1,0,0
30,162,4,24,10,10,0.94,3.0,0.265988987717069,-0.10236911647848022,1,1,0,0
41,28,1,17,11,13,0.52,3.0,0.26641414141414144,-0.33811037397051846,1,0,1,0
38,89,1,17,9,8,0.71,3.0,0.2765167148163434,0.039944190859867314,1,1,0,0
24,99,2,18,9,10,0.92,3.0,0.27391304347826084,0.05820228041320939,1,0,0,0
26,113,2,16,2,12,0.66,3.0,0.265988987717069,1.17662730459101,1,0,1,0
31,129,1,23,7,10,0.56,3.0,0.2765167148163434,-0.33647798742138363,0,1,0,1
18,164,4,22,8,9,0.65,2.0,0.2641112047177759,-0.6029204319356408,0,1,0,0
35,86,1,15,14,9,0.66,3.0,0.265988987717069,0.4526607900750898,0,0,0,0
44,9,2,15,9,8,0.88,1.0,0.2765167148163434,-0.2608954102218198,1,1,0,1
35,165,2,12,5,9,0.61,3.0,0.27474402730375425,-0.21329132247950278,0,1,0,0
32,50,1,11,12,8,0.66,2.0,0.2719186785260483,0.3124233856313024,0,1,0,1
29,55,2,16,5,10,0.53,1.0,0.27621483375959077,1.2501031791498038,1,1,0,1
18,153,2,14,4,9,0.54,3.0,0.2767747230201067,-0.48070087902475683,0,0,1,0
38,141,2,15,8,18,0.87,1.0,0.2719186785260483,0.6075711936133646,0,0,1,0
39,47,2,17,9,13,0.54,1.0,0.27474402730375425,1.2925082697318575,1,0,1,0
21,61,2,17,6,10,0.82,1.0,0.2770060128550695,0.23025582269202102,1,1,0,0
29,79,1,18,8,11,0.71,2.0,0.2765167148163434,0.6268148750454297,0,1,0,1
25,109,2,17,6,7,0.78,2.0,0.2719186785260483,2.1388455639125517,1,1,0,0
27,82,1,11,13,6,0.94,1.0,0.2723334021043945,-0.2753281712958685,1,1,0,1
33,88,1,13,5,8,0.85,1.0,0.2641112047177759,1.2014765398333118,1,1,0,0
28,172,2,20,10,9,0.78,2.0,0.2723334021043945,-0.1808222300248246,0,0,1,1
32,4,1,11,7,7,0.97,3.0,0.2719186785260483,0.05413671391347735,0,1,0,1
28,129,1,13,6,15,0.81,2.0,0.2641112047177759,0.09994209647712503,0,0,0,0
28,24,2,14,4,10,0.72,1.0,0.27474402730375425,1.471300796481437,1,0,1,0
43,54,3,18,10,7,0.91,3.0,0.265988987717069,0.01671502226821651,0,0,1,1
28,81,1,14,9,8,0.7,2.0,0.2765167148163434,0.21212709207276131,0,1,0,0
36,72,1,8,12,9,0.78,1.0,0.2719186785260483,1.4849574039509914,0,1,0,0
38,143,2,12,5,5,0.73,3.0,0.26641414141414144,-0.366304461651236,0,1,0,0
25,151,3,16,11,3,0.59,1.0,0.2770060128550695,-0.629981088955827,0,0,1,0
48,69,1,14,10,7,0.51,1.0,0.27391304347826084,1.489546566136295,0,0,1,1
30,147,2,18,6,9,0.82,1.0,0.27812113720642767,0.019018843284731333,0,1,0,0
41,150,4,14,8,11,0.52,2.0,0.27391304347826084,0.18572554962147111,1,0,1,0
18,74,1,13,10,5,0.75,1.0,0.2641112047177759,0.28803614658215215,1,0,1,1
49,3,1,9,12,7,0.78,2.0,0.27391304347826084,-0.5949248178195011,0,1,0,0
26,160,1,18,7,9,0.77,3.0,0.2627646326276463,-0.5018664646203316,1,1,0,0
49,106,1,9,9,9,0.51,2.0,0.27391304347826084,0.7534018319689045,0,1,0,1
37,9,1,18,8,11,0.69,1.0,0.2770060128550695,-0.5916292449750215,1,0,0,1
30,139,3,14,13,9,0.92,2.0,0.27474402730375425,-0.6142116188962603,0,0,1,1
35,22,1,15,8,13,0.94,1.0,0.2723334021043945,1.9986047714966828,0,0,1,1
24,149,1,12,9,10,0.54,2.0,0.27391304347826084,-0.15703250605215013,1,0,1,0
30,170,1,18,9,9,0.73,1.0,0.27812113720642767,-0.6185975027565773,0,0,0,0
24,78,3,16,3,18,0.63,3.0,0.2641112047177759,-0.1609687136177998,0,0,1,0
40,118,2,18,8,5,0.69,1.0,0.2765167148163434,2.0227640924238783,0,0,1,0
30,159,2,10,8,10,0.59,1.0,0.2641112047177759,0.22123149705246428,0,0,0,0
26,38,2,14,10,9,0.52,2.0,0.2719186785260483,0.15990304239893063,1,0,1,0
43,144,1,12,4,10,0.62,2.0,0.27391304347826084,-0.5242332403180998,1,1,0,0
45,46,1,20,7,11,0.68,1.0,0.2765167148163434,-0.40774860015153475,1,1,0,0
36,123,1,16,4,12,0.69,1.0,0.2641112047177759,-0.3997961056800892,0,0,1,0
38,28,1,11,12,8,0.79,1.0,0.2770060128550695,-0.4552602886552215,1,0,1,0
23,47,4,19,13,11,0.79,2.0,0.2770060128550695,0.2698211766735042,0,1,0,1
50,123,1,13,9,10,0.84,1.0,0.2765167148163434,-0.23127221431695402,0,1,0,0
36,92,2,15,3,10,0.55,1.0,0.265988987717069,-0.5919926819803005,1,0,1,0
45,152,2,15,12,9,0.72,1.0,0.27391304347826084,-0.3224579429465501,1,1,0,0
53,10,2,16,11,11,0.97,3.0,0.265988987717069,0.1030713506920703,0,0,0,1
23,83,1,12,6,9,0.93,2.0,0.2765167148163434,-0.6155791276279884,0,0,1,0
24,97,2,13,9,12,0.87,2.0,0.27621483375959077,2.1388455639125517,0,1,0,0
43,100,2,16,6,13,0.87,3.0,0.2733843537414966,1.901105094894018,1,1,0,0
44,136,1,13,8,7,0.99,1.0,0.2770060128550695,0.8937131558035962,1,1,0,0
23,42,2,12,10,12,0.71,1.0,0.2765167148163434,-0.2618748421513007,1,0,1,0
34,79,1,14,10,14,0.69,3.0,0.2765167148163434,1.3799302693745803,1,0,1,1
42,67,1,17,9,14,0.83,1.0,0.2723334021043945,-0.37040082789717815,1,0,1,0
39,27,2,17,4,10,0.84,2.0,0.2723334021043945,0.602630914321266,0,0,1,0
31,151,2,11,12,5,0.6,2.0,0.2719186785260483,1.1758388310880319,1,1,0,1
25,33,2,17,7,23,0.78,1.0,0.265988987717069,-0.5236480451401081,0,1,0,1
53,146,2,15,4,6,0.98,2.0,0.27391304347826084,-0.1373391483254178,1,0,1,1
18,108,2,19,7,9,0.52,2.0,0.2723334021043945,0.022277456433758985,0,0,1,1
23,101,3,11,7,11,0.86,1.0,0.27391304347826084,-0.39906923166953107,1,1,0,1
42,67,4,10,8,13,0.7,2.0,0.2723334021043945,0.2045318746573528,1,1,0,0
49,56,3,13,11,11,0.71,2.0,0.265988987717069,-0.28160515957348514,0,0,1,1
42,143,2,13,10,6,0.69,2.0,0.27474402730375425,-0.6111501241229772,0,1,0,0
42,111,2,14,5,16,0.55,3.0,0.2723334021043945,0.4644016533303766,1,1,0,1
31,66,1,15,5,14,0.67,3.0,0.2765167148163434,-0.39600773689624796,0,1,0,0
36,84,2,12,11,9,0.53,3.0,0.2733843537414966,-0.4242326243231756,0,1,0,1
49,119,1,16,11,10,0.9,3.0,0.2733843537414966,-0.4403285716925692,1,1,0,0
47,29,2,14,9,9,0.87,3.0,0.27391304347826084,0.08342727255927411,1,1,0,0
31,157,2,17,10,6,0.93,2.0,0.2765167148163434,0.1572296244278947,0,0,0,0
18,33,2,10,7,18,0.56,1.0,0.2641112047177759,-0.5310954237737081,1,1,0,0
20,82,3,14,7,7,0.56,1.0,0.27391304347826084,0.0644176691984058,0,1,0,0
55,5,3,19,6,15,0.63,1.0,0.2627646326276463,-0.2226914050228226,1,0,0,0
31,123,3,17,12,9,0.72,3.0,0.2770060128550695,-0.5337318820492919,0,1,0,0
33,89,2,17,10,9,0.62,1.0,0.2765167148163434,-0.46285550607063,0,0,1,1
36,69,1,19,8,4,0.59,1.0,0.2765167148163434,0.7507407338963527,0,1,0,0
23,105,2,19,10,7,0.9,2.0,0.27474402730375425,-0.20593018313529096,1,1,0,1
34,168,1,14,13,10,0.78,2.0,0.2770060128550695,-0.6134231453932819,1,1,0,0
43,81,2,13,4,9,0.6,1.0,0.2723334021043945,0.09962177911654008,1,0,1,0
35,140,3,16,5,10,0.6,3.0,0.2641112047177759,0.10377974485490239,1,0,0,0
23,42,3,13,12,13,0.82,1.0,0.2641112047177759,-0.07430438773184508,1,0,1,0
31,69,2,13,14,17,0.95,2.0,0.265988987717069,-0.36685885708301763,0,1,0,0
24,84,3,14,9,15,0.97,2.0,0.2767747230201067,0.4269122022434535,1,0,1,0
44,156,1,19,3,11,0.9,1.0,0.265988987717069,-0.6206980454481055,0,0,1,0
34,165,4,11,12,6,0.54,3.0,0.2733843537414966,-0.03168369892632085,0,0,1,0
44,72,1,18,11,15,0.95,3.0,0.2767747230201067,-0.29668471531794577,1,1,0,0
37,2,1,15,9,6,0.68,3.0,0.2770060128550695,0.24051829812922343,1,0,0,1
32,59,1,26,10,10,0.62,1.0,0.265988987717069,-0.4598494508405251,1,1,0,0
18,1,3,11,10,9,0.84,2.0,0.2723334021043945,-0.4379446713359082,1,1,0,1
42,121,4,17,5,13,0.74,3.0,0.2733843537414966,1.2667535219509791,0,0,0,0
35,121,1,30,9,6,0.85,3.0,0.2767747230201067,1.3013293170464275,1,0,1,0
33,121,1,13,6,14,0.54,3.0,0.27391304347826084,0.21791744436025848,1,0,0,0
32,178,3,16,3,5,0.74,3.0,0.27391304347826084,0.4764320342000382,1,0,0,0
36,149,1,16,7,7,0.77,3.0,0.2655860349127182,-0.07348511448265667,0,1,0,0
43,61,1,17,6,12,0.63,3.0,0.2765167148163434,0.08029185839508682,1,0,1,0
38,163,2,20,8,13,0.58,3.0,0.2723334021043945,2.1388455639125517,1,0,0,0
21,12,2,8,9,16,0.67,3.0,0.2767747230201067,-0.018378208563561437,0,0,1,0
39,28,1,15,6,9,0.85,2.0,0.2641112047177759,-0.5089442462994105,0,0,1,0
43,29,3,14,10,15,0.94,2.0,0.2723334021043945,1.396401973647737,0,0,1,1
40,57,2,12,10,10,0.82,1.0,0.2723334021043945,0.191768459827891,1,1,0,1
44,76,1,12,7,8,0.68,1.0,0.2641112047177759,-0.40439142781463483,0,0,0,0
18,90,1,12,13,13,0.5,2.0,0.27812113720642767,-0.45424389703028845,1,1,0,1
34,14,3,18,7,12,0.73,2.0,0.2770060128550695,-0.2350174634561011,0,0,1,1
42,40,3,17,8,15,0.72,1.0,0.2641112047177759,2.1388455639125517,1,1,0,1
36,11,2,22,8,12,0.81,1.0,0.27391304347826084,-0.32978828254455184,0,0,0,0
37,177,3,16,6,11,0.99,1.0,0.2770060128550695,-0.5062030688867124,1,1,0,0
41,148,1,15,6,14,0.93,2.0,0.27391304347826084,-0.5426514885517343,0,0,1,0
44,155,3,14,13,8,0.93,1.0,0.2641112047177759,-0.2266707322331664,0,1,0,0
26,175,4,11,10,12,0.99,3.0,0.26641414141414144,-0.38231416973124144,0,0,1,0
28,51,2,16,9,5,0.69,1.0,0.27474402730375425,-0.06099273741984366,0,1,0,0
29,16,3,13,8,10,0.95,2.0,0.2723334021043945,0.42614220858820123,0,1,0,1
42,42,1,13,16,14,0.91,3.0,0.265988987717069,1.0737253525030954,1,1,0,0
34,30,1,12,6,11,0.71,2.0,0.27621483375959077,2.1388455639125517,1,0,1,0
42,13,1,15,5,11,0.73,2.0,0.2765167148163434,-0.15195054792748508,1,0,0,0
33,33,2,12,8,14,0.83,3.0,0.2641112047177759,-0.4894295271006967,1,1,0,0
27,118,1,16,13,6,0.69,3.0,0.2733843537414966,1.2432594755419215,1,1,0,0
52,95,2,18,7,6,0.7,2.0,0.2767747230201067,-0.3939379939509298,1,0,1,0
55,127,3,17,4,4,0.62,2.0,0.2723334021043945,0.7811031237102606,0,1,0,0
35,115,3,24,5,9,0.91,1.0,0.265988987717069,-0.002553298960816563,0,0,1,0
22,36,1,19,14,14,0.79,2.0,0.2641112047177759,0.27149052291809117,1,1,0,0
51,155,1,15,12,8,0.73,1.0,0.2723334021043945,-0.14431221086738244,1,1,0,0
34,13,2,20,6,8,0.8,2.0,0.27391304347826084,0.04741004934119343,0,0,1,0
40,87,4,15,10,7,0.89,1.0,0.2770060128550695,-0.33698310325922914,0,1,0,0
20,84,4,9,8,7,0.94,2.0,0.27391304347826084,-0.5436062806842472,1,1,0,0
52,97,2,11,4,11,0.8,3.0,0.2765167148163434,-0.588136553754797,0,1,0,0
52,1,3,6,9,12,0.75,3.0,0.2765167148163434,0.4499627323070858,0,1,0,0
37,35,2,15,4,7,0.77,2.0,0.2770060128550695,-0.37006819063810914,0,1,0,1
29,120,4,17,16,12,0.97,2.0,0.2770060128550695,-0.29512008821047314,1,1,0,0
18,68,2,9,7,11,0.72,3.0,0.2765167148163434,-0.4646850109955094,1,0,0,0
31,114,3,20,8,12,0.71,1.0,0.2767747230201067,-0.10271407363603324,0,0,1,1
42,177,4,15,9,9,0.91,2.0,0.2765167148163434,0.3469868608282668,1,1,0,0
43,29,3,18,8,11,0.99,2.0,0.2733843537414966,0.7495826634388533,0,1,0,0
51,73,2,12,5,13,0.85,3.0,0.2765167148163434,0.6217452368192486,1,0,1,0
41,81,2,11,5,11,0.99,3.0,0.2641112047177759,0.13323662213023366,0,1,0,0
35,165,1,22,4,12,0.54,1.0,0.27391304347826084,0.025603829024448837,0,1,0,0
33,103,1,12,6,7,0.6,3.0,0.27474402730375425,1.6128933897584683,0,1,0,0
31,132,2,14,7,16,0.95,3.0,0.2719186785260483,0.13880521624501815,1,0,1,1
37,171,1,10,7,8,0.65,2.0,0.27391304347826084,-0.32524224000394236,0,0,1,0
34,33,1,18,7,13,0.54,1.0,0.2770060128550695,-0.5777139196373022,0,1,0,0
50,34,4,9,9,14,0.76,1.0,0.2767747230201067,0.1356143625376527,0,0,1,0
35,31,1,7,7,11,0.9,2.0,0.27474402730375425,0.16671594626060282,0,1,0,1
28,49,2,10,10,9,0.82,2.0,0.27391304347826084,0.290346127547909,0,0,1,1
18,146,4,15,8,5,0.83,1.0,0.2770060128550695,2.1388455639125517,1,0,1,0
47,91,1,17,8,15,0.52,1.0,0.2641112047177759,-0.07045441945558369,0,0,1,1
32,2,1,20,7,11,0.88,1.0,0.2770060128550695,-0.4419116786477679,1,0,1,0
21,162,2,17,11,12,0.97,2.0,0.2723334021043945,2.1388455639125517,0,0,1,0
26,101,2,12,4,9,0.99,1.0,0.2770060128550695,-0.2951755277536513,0,0,1,0
60,131,1,12,4,10,0.64,2.0,0.2767747230201067,0.6925784931532164,0,1,0,0
22,53,1,14,3,10,0.64,3.0,0.2770060128550695,0.7658757291839915,1,0,0,1
38,107,3,17,5,7,0.64,2.0,0.2767747230201067,-0.23674840919310824,0,1,0,0
18,123,2,5,8,13,0.92,3.0,0.265988987717069,0.5851674582201443,1,0,0,0
33,56,2,11,10,8,0.5,1.0,0.2770060128550695,-0.22813680015276674,1,1,0,1
38,119,1,17,9,10,0.61,1.0,0.2767747230201067,-0.20193237607722112,0,1,0,0
33,112,1,21,13,12,0.92,2.0,0.27812113720642767,-0.6298578899709867,0,1,0,0
35,57,1,16,8,10,0.97,3.0,0.27391304347826084,-0.5320502159062209,0,1,0,1
33,98,2,19,11,9,0.91,3.0,0.27391304347826084,1.4432730274302539,0,1,0,1
44,172,2,21,8,10,0.87,1.0,0.2767747230201067,1.3100086855284312,0,1,0,0
34,20,4,21,11,8,0.69,1.0,0.2770060128550695,-0.617174554481671,1,1,0,1
51,152,1,16,4,12,0.73,2.0,0.2655860349127182,0.593865306549874,0,1,0,0
42,168,2,14,10,8,0.7,1.0,0.27474402730375425,0.6353094450501728,0,0,0,0
34,108,1,20,9,15,0.88,2.0,0.2719186785260483,1.829212327290423,1,0,1,0
46,74,2,16,7,5,0.78,2.0,0.2641112047177759,-0.17529675555473423,0,1,0,0
35,51,2,15,6,14,0.54,1.0,0.2723334021043945,-0.6135525043273643,0,0,0,0
38,130,1,16,8,11,0.82,1.0,0.265988987717069,-0.21061174455922482,1,1,0,0
32,96,2,16,8,15,0.51,1.0,0.27391304347826084,0.6013681247266522,0,0,1,0
18,169,1,16,3,12,0.53,3.0,0.2627646326276463,-0.4308853695045553,1,1,0,1
30,118,2,17,9,13,0.8,2.0,0.2719186785260483,1.1540264508220452,0,0,1,0
20,92,2,19,4,6,0.72,2.0,0.27391304347826084,0.6431695402829881,0,1,0,1
35,50,4,14,10,10,0.88,1.0,0.2733843537414966,1.2983047819685967,0,1,0,0
36,46,2,15,9,4,0.62,3.0,0.2765167148163434,-0.23692088777188475,0,1,0,0
39,61,1,16,10,5,0.81,1.0,0.2770060128550695,-0.2917505959750892,0,1,0,0
38,64,1,17,6,6,0.65,2.0,0.27391304347826084,1.6320816316473552,0,0,1,1
57,1,3,14,9,10,0.74,1.0,0.2723334021043945,-0.1399078471593394,0,0,0,0
35,75,1,14,5,5,0.98,3.0,0.2723334021043945,-0.6333013015972748,1,0,1,0
42,29,1,13,5,14,0.79,1.0,0.2770060128550695,0.35477303667017784,1,0,1,0
53,52,2,20,9,6,0.72,1.0,0.2719186785260483,-0.2512612496073032,1,0,1,0
42,145,2,22,8,8,0.68,1.0,0.265988987717069,1.6093390990458238,1,1,0,0
46,55,1,20,4,10,0.55,2.0,0.2723334021043945,-0.09572869119558455,1,0,1,1
18,68,1,12,12,5,0.57,1.0,0.2723334021043945,-0.5777323994850282,0,1,0,1
40,46,1,12,6,10,0.78,2.0,0.2767747230201067,0.284253937747553,1,0,1,1
44,35,2,20,15,10,0.85,2.0,0.2770060128550695,0.3729941665280678,0,1,0,0
34,56,3,15,4,3,0.53,2.0,0.27391304347826084,0.4925033417724638,1,0,1,0
42,142,1,12,10,17,0.67,3.0,0.2765167148163434,-0.00024947794430173897,1,0,1,1
39,17,3,16,6,10,0.8,2.0,0.2641112047177759,0.3009166004472123,0,1,0,1
18,56,3,9,5,12,0.73,3.0,0.2627646326276463,-0.1385957779707895,1,1,0,1
30,123,2,11,4,7,0.61,3.0,0.2641112047177759,-0.09411478449417576,1,1,0,1
43,131,1,16,7,12,0.76,2.0,0.2723334021043945,1.2139442770991566,1,1,0,0
31,124,3,16,10,13,0.54,1.0,0.2655860349127182,-0.4487122626109561,0,0,1,0
33,84,1,18,9,7,0.87,2.0,0.27474402730375425,1.2373459242695841,0,0,1,0
38,178,3,19,9,6,0.95,1.0,0.2765167148163434,-0.0943242227684044,1,1,0,0
34,171,2,25,7,16,0.99,1.0,0.27621483375959077,-0.5648088259752739,0,1,0,0
24,2,1,21,5,9,0.84,1.0,0.2765167148163434,0.7013502608738504,0,0,1,0
53,8,4,17,5,17,0.54,2.0,0.2765167148163434,-0.060770979247131006,1,0,1,0
28,164,1,11,7,8,0.94,2.0,0.2733843537414966,1.7723744756343207,1,0,1,0
34,124,4,17,3,9,0.92,3.0,0.2733843537414966,0.07020186153666094,1,1,0,0
30,37,1,12,11,7,0.87,2.0,0.2770060128550695,-0.3660703835800393,1,1,0,1
28,168,2,20,6,15,0.57,3.0,0.2719186785260483,-0.24859399158550932,1,0,1,0
29,98,2,15,4,7,0.96,3.0,0.2733843537414966,-0.44819482687462653,1,0,1,0
33,27,4,14,14,11,0.59,1.0,0.2641112047177759,-0.6328454653533655,1,1,0,1
23,54,3,17,7,8,0.68,2.0,0.2770060128550695,-0.47449165018880246,0,1,0,1
54,116,1,20,7,11,0.51,2.0,0.2770060128550695,1.1523632645267003,0,1,0,0
32,54,1,17,9,7,0.67,1.0,0.2770060128550695,-0.19104774576657488,0,0,1,0
21,84,1,14,8,13,0.61,1.0,0.2723334021043945,-0.6293281343361731,1,1,0,1
45,71,2,14,3,13,0.74,2.0,0.2765167148163434,0.7193311527113017,0,1,0,1
34,132,3,13,7,12,0.81,2.0,0.265988987717069,-0.449020260073057,1,0,1,0
29,65,2,15,6,8,0.98,1.0,0.2723334021043945,-0.25707624169176846,0,1,0,0
29,5,1,9,7,14,0.74,2.0,0.2733843537414966,-0.20939207460930523,1,1,0,1
34,107,2,14,9,4,0.64,2.0,0.2770060128550695,-0.5283172866655579,0,1,0,1
18,171,1,18,10,7,0.93,3.0,0.2723334021043945,0.7589088265912689,1,1,0,0
34,66,1,15,6,9,0.57,3.0,0.2767747230201067,0.12137871983934852,1,0,0,0
54,67,1,19,8,8,0.69,2.0,0.27391304347826084,0.46068104398819754,0,0,1,0
18,16,1,18,6,14,0.78,2.0,0.2767747230201067,0.5211471057478486,0,1,0,1
42,110,1,14,12,10,0.89,1.0,0.2765167148163434,0.45380038068486317,0,1,0,0
38,61,1,8,7,17,0.73,1.0,0.2655860349127182,1.0058427118560542,1,1,0,1
61,175,2,10,8,16,0.72,3.0,0.2723334021043945,1.2412636519875075,0,1,0,0
29,107,2,13,5,6,0.58,2.0,0.265988987717069,-0.19276637160509796,1,1,0,1
30,134,1,13,5,14,0.8,2.0,0.27391304347826084,1.568529435317453,1,0,1,0
33,51,1,8,8,16,0.56,2.0,0.2719186785260483,-0.18690825987593862,0,0,1,0
34,16,3,22,5,5,0.77,2.0,0.2723334021043945,-0.182306777792151,0,0,1,0
27,156,2,12,7,15,0.8,1.0,0.2770060128550695,-0.19471907551481776,1,1,0,0
36,64,1,15,8,10,0.87,3.0,0.2627646326276463,0.4273064389949427,0,1,0,0
55,57,3,12,10,11,0.61,2.0,0.2723334021043945,0.21219485151442352,1,1,0,0
38,96,1,19,5,12,0.76,2.0,0.27812113720642767,0.2618070827096385,0,0,1,0
44,138,3,7,9,7,0.51,2.0,0.2767747230201067,-0.017848452928747868,0,0,1,1
35,19,2,12,10,11,0.7,3.0,0.2719186785260483,-0.5338735608818583,0,0,1,0
48,169,3,11,9,19,0.97,1.0,0.265988987717069,1.4803374420194777,1,1,0,0
35,110,3,14,5,8,0.62,1.0,0.2765167148163434,-0.4151651790389247,0,0,1,0
26,14,1,19,10,14,0.87,2.0,0.2733843537414966,-0.5399472708344883,0,1,0,0
34,142,1,18,6,10,0.73,2.0,0.2719186785260483,-0.4196865817825661,1,1,0,1
31,19,1,19,7,13,0.53,2.0,0.27391304347826084,-0.6167063983392777,0,1,0,1
37,32,4,13,9,10,0.55,3.0,0.2641112047177759,1.2543966637714905,0,0,1,0
41,85,3,17,4,16,0.62,3.0,0.2765167148163434,1.3040396947129156,0,0,1,0
45,180,3,14,4,11,0.59,1.0,0.2719186785260483,-0.37999186886700054,1,1,0,0
37,29,2,16,8,13,0.76,3.0,0.2770060128550695,0.10786379120236049,1,1,0,0
54,176,2,22,6,8,0.86,2.0,0.27812113720642767,-0.07897978920653694,0,1,0,0
36,67,2,14,7,10,0.64,1.0,0.27474402730375425,0.9883607759072065,0,1,0,0
32,93,3,15,7,7,0.89,2.0,0.265988987717069,0.2953480063324278,1,1,0,0
42,165,4,17,10,12,0.86,3.0,0.2765167148163434,-0.2962103992263104,1,0,1,0
29,50,1,17,5,9,0.52,2.0,0.2723334021043945,-0.5866704858351968,1,0,1,1
37,162,4,14,5,15,0.99,1.0,0.2765167148163434,-0.4856596381645815,0,1,0,0
32,89,2,14,8,14,0.5,2.0,0.27391304347826084,-0.4669333924688461,0,0,0,0
23,116,3,23,11,13,0.58,1.0,0.2765167148163434,-0.24157164944960854,1,0,1,0
39,10,1,16,4,9,0.69,2.0,0.27391304347826084,0.22657217304529412,0,1,0,0
30,24,2,10,15,12,0.94,1.0,0.2723334021043945,0.08576805327124104,1,1,0,0
31,91,4,12,12,6,0.84,2.0,0.26641414141414144,-0.3602677113940581,1,0,1,0
30,169,1,13,10,13,0.97,1.0,0.2765167148163434,0.6664110287731229,1,1,0,0
37,69,2,18,4,6,0.73,2.0,0.265988987717069,-0.36069274789175737,0,0,1,1
18,55,1,24,5,14,0.65,2.0,0.2641112047177759,-0.556726972569746,0,1,0,0
43,20,1,18,8,7,0.51,1.0,0.2723334021043945,1.2924158704932271,1,0,0,0
49,36,3,19,9,12,0.65,1.0,0.2723334021043945,1.7099002704217716,0,1,0,0
39,71,2,14,8,10,0.71,2.0,0.27474402730375425,0.5663611331842625,0,1,0,0
38,65,4,25,6,11,0.94,1.0,0.27391304347826084,-0.16528067808721256,0,1,0,1
44,110,3,15,6,12,0.89,3.0,0.2770060128550695,-0.0577649240170261,1,0,1,0
25,83,1,24,8,12,0.61,2.0,0.2767747230201067,1.5116053443719624,1,0,1,0
26,140,2,16,7,8,0.85,1.0,0.27391304347826084,0.4274727576244772,1,0,0,1
34,124,2,9,11,12,0.5,2.0,0.2723334021043945,-0.3027584252705758,1,0,1,1
52,117,1,20,9,12,0.51,2.0,0.2641112047177759,1.8903313436697282,0,1,0,0
40,94,3,11,10,11,0.84,2.0,0.2767747230201067,0.052627526349182885,1,0,0,0
44,9,4,9,9,8,0.92,2.0,0.2641112047177759,-0.6236548210842743,0,0,1,0
58,132,3,11,7,11,0.58,2.0,0.2770060128550695,0.9124825211440257,1,0,0,1
22,7,1,11,7,8,0.86,3.0,0.27391304347826084,2.1388455639125517,0,0,1,1
34,2,2,20,13,5,0.76,1.0,0.2719186785260483,-0.6080023900603059,1,1,0,0
18,87,2,11,8,14,0.77,2.0,0.2733843537414966,-0.5740672296860274,0,0,1,1
29,46,1,13,4,12,0.75,2.0,0.27474402730375425,0.515178114932333,1,0,1,0
26,24,2,16,10,11,0.63,3.0,0.2733843537414966,-0.10705683785165611,1,0,0,0
43,167,2,13,6,14,0.58,3.0,0.2733843537414966,-0.5480106443922902,1,1,0,1
29,154,4,10,4,4,0.91,2.0,0.2765167148163434,0.33349657198824684,0,0,0,0
31,34,2,18,7,13,0.8,3.0,0.27391304347826084,1.2706034902272405,1,0,0,1
34,165,1,9,7,15,0.74,2.0,0.2765167148163434,2.0457715028428165,0,0,0,0
45,143,3,15,6,8,0.9,1.0,0.2723334021043945,0.07960194407998078,1,0,1,1
52,75,4,11,7,8,0.82,2.0,0.2765167148163434,2.1388455639125517,0,1,0,0
31,127,1,14,5,10,0.78,3.0,0.27474402730375425,-0.5157571501610827,1,0,0,0
40,53,2,13,8,6,0.7,2.0,0.27391304347826084,0.7031366461540357,1,1,0,0
23,40,1,14,6,6,0.77,3.0,0.2767747230201067,-0.025172632577507563,0,1,0,1
20,140,4,15,12,9,0.78,2.0,0.2765167148163434,0.4715779941973278,0,1,0,0
41,159,3,11,13,6,0.99,1.0,0.2719186785260483,0.31586063730834857,1,1,0,1
18,109,1,15,12,17,0.83,1.0,0.2767747230201067,-0.3520626590036898,1,0,1,1
42,16,3,13,4,12,0.66,1.0,0.2770060128550695,0.0246120771964839,1,0,1,1
41,12,4,19,5,12,0.53,3.0,0.27391304347826084,1.0849179802758426,1,0,1,0
38,62,3,20,4,17,0.57,1.0,0.2655860349127182,-0.3702283493184016,1,0,0,1
34,63,2,15,6,10,0.53,3.0,0.2641112047177759,-0.28613888221561057,1,1,0,1
37,157,1,22,9,7,0.85,2.0,0.2770060128550695,0.137739545026149,1,0,1,0
27,176,1,18,6,9,0.74,1.0,0.2767747230201067,1.0029598556107897,1,0,1,0
25,36,2,11,10,14,0.7,1.0,0.2767747230201067,0.37746012972853105,0,0,0,1
42,27,1,15,7,7,0.73,3.0,0.2765167148163434,2.1388455639125517,0,1,0,1
35,28,1,8,7,11,0.83,2.0,0.27812113720642767,1.2905494058728957,1,1,0,0
18,52,1,12,8,10,0.54,2.0,0.2765167148163434,-0.3421328208255564,1,0,1,0
19,60,2,18,14,12,0.56,2.0,0.27391304347826084,-0.3088937347156259,1,1,0,1
44,53,1,12,9,11,0.52,2.0,0.265988987717069,-0.23053302040791185,1,1,0,0
35,154,1,18,5,12,0.91,1.0,0.27474402730375425,0.46369325916754445,0,1,0,0
51,167,4,17,5,7,0.79,1.0,0.27391304347826084,-0.4080997172583298,0,0,1,0
29,63,2,14,6,8,0.93,2.0,0.2765167148163434,0.17174246484208971,1,0,1,0
52,117,3,12,7,10,0.84,2.0,0.2765167148163434,0.6828457733508276,1,1,0,0
21,31,1,16,10,11,0.6,1.0,0.2770060128550695,0.00042195652307824985,0,0,0,1
31,79,1,17,5,6,0.97,2.0,0.2641112047177759,2.0271314964364695,0,1,0,1
29,151,2,19,8,11,0.66,3.0,0.27391304347826084,0.3182938172589458,0,0,1,0
18,120,1,18,6,6,0.72,1.0,0.2765167148163434,-0.5988795052328769,1,0,1,0
34,165,1,8,6,11,0.53,2.0,0.2767747230201067,-0.6150000923992386,1,0,1,0
50,63,1,14,5,13,0.69,1.0,0.2723334021043945,-0.15798729818466295,0,1,0,0
39,40,2,24,12,4,1.0,2.0,0.2719186785260483,1.271435083374913,0,1,0,1
32,66,1,19,5,12,0.98,3.0,0.2627646326276463,0.19431251886484455,1,0,1,1
31,115,2,18,6,7,0.56,3.0,0.2767747230201067,-0.21189917395080665,0,0,0,0
47,84,1,13,6,14,0.69,2.0,0.2719186785260483,-0.1936842040421587,1,0,0,0
41,61,4,10,9,14,0.58,3.0,0.2641112047177759,0.08959338175053437,1,0,1,0
27,86,2,17,8,9,0.83,1.0,0.26641414141414144,0.6291063761634604,0,0,1,1
42,126,3,20,8,14,0.89,2.0,0.2765167148163434,0.9608627624908371,0,0,1,0
33,130,3,23,11,8,0.58,2.0,0.2723334021043945,-0.2252539439075022,0,0,0,1
42,82,2,15,12,4,0.84,1.0,0.2767747230201067,1.2473928014833158,0,1,0,0
19,55,1,13,6,15,0.85,2.0,0.27391304347826084,0.13010736791528837,1,1,0,0
37,92,2,15,4,12,0.97,2.0,0.27391304347826084,1.2675851150986517,1,0,0,0
23,43,1,14,10,13,0.79,1.0,0.27391304347826084,0.08533685682429977,1,0,0,0
23,129,2,13,15,11,0.68,1.0,0.2767747230201067,2.1388455639125517,1,1,0,0
31,34,1,16,6,10,0.62,2.0,0.2770060128550695,0.18150598439068863,1,0,1,1
39,168,1,14,11,7,0.93,1.0,0.26641414141414144,-0.6022921171129549,0,1,0,1
45,107,2,13,7,10,0.96,1.0,0.2723334021043945,0.6696142023789724,0,0,1,0
47,104,3,11,8,3,0.55,1.0,0.27812113720642767,-0.10665028120168289,1,1,0,1
21,111,2,14,15,7,0.58,1.0,0.2719186785260483,0.33684758437590473,1,0,1,0
28,19,1,17,9,8,0.56,2.0,0.27621483375959077,-0.6068935991967426,1,0,1,1
27,129,1,9,9,7,0.73,1.0,0.2770060128550695,1.6807575505577834,1,0,1,0
32,174,2,30,14,15,0.82,1.0,0.27812113720642767,-0.5311447033676443,1,0,1,0
49,175,4,14,7,15,0.66,2.0,0.2770060128550695,-0.15419892940082175,1,1,0,1
34,78,1,13,9,12,0.71,2.0,0.2767747230201067,-0.09624612693191407,1,0,0,1
18,37,3,11,7,9,0.9,2.0,0.2770060128550695,1.488474734968184,1,1,0,1
27,172,1,17,9,11,0.91,2.0,0.265988987717069,0.19089374703552442,0,0,0,0
40,119,2,10,13,17,0.97,2.0,0.26641414141414144,-0.30395961537276933,0,0,1,0
24,156,1,17,8,10,0.96,2.0,0.265988987717069,-0.05454943051269258,1,0,1,0
50,145,3,20,8,10,0.8,2.0,0.2723334021043945,2.1388455639125517,0,0,1,0
25,106,4,14,3,13,0.7,2.0,0.27391304347826084,0.037892927762275236,0,1,0,1
39,138,3,7,8,7,0.55,2.0,0.2723334021043945,1.2045133948096267,0,0,1,0
45,40,3,7,9,12,0.52,3.0,0.27474402730375425,-0.5430149255570134,1,0,0,1
33,112,3,17,8,9,0.86,1.0,0.2641112047177759,1.3155895995416997,1,0,1,0
35,18,1,21,10,12,0.59,3.0,0.27621483375959077,-0.2611171683945324,1,0,1,0
48,130,1,15,8,12,0.97,1.0,0.27621483375959077,-0.527005217477008,0,0,1,0
30,145,1,16,12,11,0.58,2.0,0.27474402730375425,0.5220772580833934,0,0,1,0
29,172,1,15,7,8,0.84,2.0,0.2723334021043945,0.018692365974904368,1,0,1,0
38,163,2,13,6,9,0.82,1.0,0.265988987717069,-0.5908038117765909,0,1,0,0
26,134,3,18,10,12,0.93,3.0,0.2770060128550695,-0.272790272208157,1,0,1,0
48,137,1,23,8,7,0.56,2.0,0.2767747230201067,-0.4391335415396177,0,1,0,0
33,162,1,19,9,6,0.88,2.0,0.2641112047177759,0.23061309974805808,0,0,0,0
32,126,2,18,10,9,0.78,1.0,0.26641414141414144,-0.006156869267397237,1,1,0,1
46,143,2,20,4,10,0.89,3.0,0.2733843537414966,2.1388455639125517,1,0,1,0
48,171,3,16,6,9,0.75,1.0,0.27621483375959077,-0.15804889767708313,1,0,1,0
26,169,2,19,4,10,0.98,2.0,0.2765167148163434,0.24015486112394435,1,0,0,0
27,136,2,10,7,9,0.89,3.0,0.2733843537414966,0.2817591583045356,0,0,0,0
32,153,3,14,12,10,0.69,1.0,0.27391304347826084,0.445983405096742,0,1,0,0
25,79,1,16,7,10,0.81,1.0,0.2767747230201067,-0.1694078440793648,1,1,0,0
24,139,3,15,11,13,0.93,2.0,0.2723334021043945,-0.3449479176291587,1,1,0,0
38,18,1,14,14,9,0.89,3.0,0.27621483375959077,-0.26902654322128383,1,0,1,0
36,2,3,17,12,10,0.53,2.0,0.27391304347826084,0.8851877860526429,0,0,1,1
36,178,3,9,7,12,0.87,1.0,0.265988987717069,0.3665138999254646,0,1,0,0
48,122,3,14,6,12,0.79,2.0,0.2770060128550695,-0.28209795551284655,1,1,0,0
36,108,3,13,5,12,0.82,3.0,0.2767747230201067,0.0037976087077042486,0,0,0,0
42,154,1,20,14,3,0.69,2.0,0.265988987717069,-0.1845736391132137,1,0,0,0
37,67,1,17,9,8,0.59,2.0,0.27391304347826084,0.13879905629577613,1,0,1,0
30,136,2,17,7,10,0.61,2.0,0.27391304347826084,0.34796629275774765,1,0,1,1
39,140,2,18,7,13,0.72,1.0,0.2767747230201067,-0.49424660740795495,1,0,1,0
48,77,1,16,6,8,0.51,1.0,0.2770060128550695,1.7189061162136023,0,1,0,0
29,180,1,11,5,9,0.65,1.0,0.2765167148163434,1.5439758776387682,0,1,0,0
42,122,1,12,6,12,0.83,3.0,0.2770060128550695,0.21891535613746543,1,0,1,0
26,126,2,18,9,2,0.52,1.0,0.2770060128550695,-0.5339905999174567,1,0,0,0
28,140,3,12,6,8,0.52,2.0,0.27812113720642767,1.7011161828026538,1,1,0,0
37,86,4,14,8,8,0.76,2.0,0.27391304347826084,2.1388455639125517,1,0,1,1
40,4,2,10,7,12,0.6,2.0,0.27474402730375425,-0.4124548013724367,1,0,1,0
54,37,2,14,9,10,0.91,2.0,0.27474402730375425,-0.47088807988222176,0,1,0,1
31,100,1,14,9,9,0.95,1.0,0.2723334021043945,-0.5953621742156845,1,1,0,0
22,4,1,14,12,13,0.88,1.0,0.2723334021043945,1.1319060730939576,0,0,1,0
41,61,1,20,8,4,0.55,3.0,0.2723334021043945,1.0433937624353975,0,1,0,1
21,9,3,13,7,12,0.57,3.0,0.2765167148163434,0.2702523731204455,1,1,0,0
32,117,2,14,9,10,0.68,1.0,0.2733843537414966,0.0006868343404850344,0,0,1,1
41,148,2,18,7,5,0.58,3.0,0.2723334021043945,-0.2932844233363517,1,1,0,1
28,117,4,19,12,11,0.66,3.0,0.27391304347826084,-0.2685275873326804,1,1,0,1
46,20,2,15,6,4,0.71,2.0,0.2723334021043945,-0.23045910101700762,0,1,0,0
18,62,3,13,2,12,0.81,1.0,0.265988987717069,0.6038752240681536,0,1,0,1
53,157,4,19,9,8,0.78,2.0,0.27391304347826084,0.46464805130005726,1,0,0,0
42,174,3,15,11,12,0.64,2.0,0.27474402730375425,0.04023370847424217,1,1,0,0
53,29,2,16,12,9,0.77,2.0,0.2770060128550695,1.1184342641016638,1,1,0,0
39,99,1,17,12,7,0.71,1.0,0.2733843537414966,-0.0771441243324155,1,0,0,0
28,102,1,11,10,9,0.8,3.0,0.2767747230201067,0.26634696530100593,1,1,0,0
49,99,1,22,6,9,0.79,2.0,0.2765167148163434,1.7981846629583773,0,0,1,0
30,150,1,17,7,5,0.98,2.0,0.2765167148163434,0.11240367379372794,1,0,1,1
32,172,4,13,9,11,0.92,3.0,0.2765167148163434,-0.16619235057503126,1,0,1,0
27,4,1,23,7,11,0.75,3.0,0.2627646326276463,0.23634801249237705,1,0,1,0
39,94,4,13,9,10,0.79,2.0,0.2770060128550695,-0.46558436358484406,1,1,0,0
23,49,1,14,12,13,0.8,2.0,0.2641112047177759,-0.4575517897732523,1,1,0,0
33,45,1,25,7,10,0.81,3.0,0.2765167148163434,2.1388455639125517,1,1,0,0
18,2,2,16,3,16,0.94,2.0,0.2723334021043945,1.780573368075447,1,1,0,0
40,123,1,17,11,14,0.92,2.0,0.2733843537414966,-0.25403322676621143,1,0,1,1
46,149,1,19,7,12,0.77,2.0,0.2770060128550695,-0.5572813680015277,1,1,0,1
28,37,1,21,10,8,0.93,3.0,0.27391304347826084,-0.5105150333561251,0,1,0,0
19,105,2,13,5,7,0.92,2.0,0.265988987717069,0.36047714966828676,0,1,0,0
52,44,2,10,8,12,0.74,2.0,0.265988987717069,0.6287552590566654,1,0,1,0
18,48,2,17,10,7,0.6,2.0,0.2765167148163434,-0.5753669789760932,0,0,1,0
51,152,2,11,12,9,0.65,3.0,0.2765167148163434,0.4493836970783361,1,1,0,0
36,69,3,20,12,18,0.79,1.0,0.2723334021043945,-0.47371549658430817,0,0,1,0
34,46,4,22,6,13,0.54,2.0,0.27391304347826084,-0.27675111957077475,0,1,0,0
26,76,2,12,12,10,0.94,1.0,0.2767747230201067,-0.5681043988197537,0,1,0,1
28,145,3,14,12,12,0.74,1.0,0.2733843537414966,0.21457259192184255,0,1,0,0
41,26,2,15,8,7,0.57,2.0,0.2723334021043945,0.42296367477931984,0,0,1,0
40,147,4,8,4,8,0.94,2.0,0.2765167148163434,2.1388455639125517,0,1,0,0
31,22,4,15,11,13,0.87,1.0,0.27812113720642767,-0.42465150087163284,1,0,1,0
38,122,4,15,11,13,0.57,1.0,0.2770060128550695,-0.23364379477513106,0,1,0,0
39,91,2,22,5,8,0.92,2.0,0.2723334021043945,-0.5188740844775439,0,0,1,0
32,148,1,17,12,4,0.97,3.0,0.2723334021043945,0.4703644841966502,0,1,0,0
31,49,3,12,14,16,0.53,1.0,0.2719186785260483,2.1388455639125517,1,1,0,1
49,164,1,15,9,5,0.67,2.0,0.2641112047177759,0.4636809392690604,0,1,0,0
18,155,3,14,8,10,0.7,1.0,0.2719186785260483,-0.5599547859725635,1,1,0,0
52,19,3,13,9,7,0.92,1.0,0.2723334021043945,0.3727539285076291,1,1,0,1
29,50,1,14,9,7,0.6,2.0,0.27391304347826084,-0.5504931039368236,1,0,0,0
27,171,3,17,7,7,0.96,2.0,0.2723334021043945,-0.4571021134785849,0,0,1,0
42,55,2,22,11,12,0.75,2.0,0.2765167148163434,2.1388455639125517,1,1,0,0
46,163,4,6,8,5,0.56,1.0,0.2765167148163434,-0.10788843099932857,1,0,1,1
28,161,3,17,6,8,0.84,1.0,0.2767747230201067,2.1388455639125517,0,0,0,0
46,143,1,21,6,8,0.73,2.0,0.2767747230201067,0.22269756497206464,0,0,1,0
25,16,4,20,5,10,0.91,3.0,0.2767747230201067,-0.020977707143693135,0,0,1,1
29,51,3,11,9,11,0.82,2.0,0.2767747230201067,-0.04620269928975785,1,1,0,0
42,157,1,18,8,9,0.61,1.0,0.27391304347826084,1.0717788085426176,1,1,0,1
42,157,1,10,8,9,0.87,2.0,0.2723334021043945,-0.4344581400649259,0,1,0,0
40,93,2,12,11,14,0.78,3.0,0.2655860349127182,-0.043812638983854776,1,0,1,0
25,86,2,13,11,12,0.52,1.0,0.27621483375959077,0.6904533106647202,1,1,0,1
45,118,4,17,9,7,0.71,2.0,0.2770060128550695,-0.6305046846413985,1,1,0,0
39,163,1,15,3,11,0.7,1.0,0.2723334021043945,1.115489808363979,0,1,0,0
52,82,2,21,3,12,0.91,3.0,0.2767747230201067,-0.30393497557580124,1,0,0,1
29,69,2,12,3,11,0.92,2.0,0.2723334021043945,-0.2649548167723098,1,0,1,0
56,54,1,11,4,10,0.52,1.0,0.2723334021043945,1.9704784432576277,0,1,0,0
26,135,1,18,11,11,0.54,3.0,0.2767747230201067,-0.16860089072866039,1,1,0,0
28,89,1,12,10,10,0.85,2.0,0.27391304347826084,0.8275553009443202,0,0,1,0
36,94,2,14,10,8,0.56,1.0,0.2767747230201067,-0.5973148781254043,1,1,0,0
31,22,2,13,11,10,0.52,2.0,0.2723334021043945,2.1388455639125517,1,0,1,0
30,45,4,18,8,16,0.66,2.0,0.2723334021043945,0.5200506347827694,1,0,1,1
50,73,2,19,8,14,0.72,2.0,0.27391304347826084,-0.6202853288488903,0,1,0,0
26,169,1,13,10,6,0.62,1.0,0.2770060128550695,2.1388455639125517,0,1,0,1
36,175,1,18,6,10,0.79,2.0,0.2723334021043945,-0.15421124929930577,1,1,0,0
34,62,1,17,7,12,0.92,2.0,0.2719186785260483,0.4434947856029666,1,0,0,0
23,109,1,13,11,6,0.68,2.0,0.2733843537414966,0.6832523300008008,0,0,1,0
36,21,2,15,3,9,0.8,2.0,0.2765167148163434,1.4832079783662582,0,1,0,0
27,87,2,20,8,11,0.53,2.0,0.2765167148163434,-0.4312672863575604,0,0,1,1
59,128,2,14,10,7,0.98,1.0,0.2655860349127182,0.39258280511768584,1,1,0,0
29,65,1,16,7,17,0.99,1.0,0.27391304347826084,2.1388455639125517,1,1,0,0
38,86,2,10,7,10,0.56,2.0,0.2767747230201067,-0.313988012738775,0,0,1,0
36,145,1,19,7,10,0.53,1.0,0.2723334021043945,0.06582213762558596,1,1,0,1
40,150,2,10,10,8,0.98,3.0,0.2765167148163434,-0.6143964173735208,0,0,1,0
24,174,3,12,6,10,0.64,1.0,0.2770060128550695,2.1388455639125517,0,0,1,0
19,90,2,17,8,4,0.57,3.0,0.2767747230201067,-0.5433660426638085,0,1,0,0
46,146,1,21,8,12,0.75,2.0,0.2723334021043945,1.4448869341316628,0,0,1,0
41,127,3,9,8,14,0.84,1.0,0.2723334021043945,-0.430103055950819,1,0,1,0
51,128,2,14,9,9,0.76,1.0,0.2770060128550695,-0.15910840894671027,1,1,0,0
43,87,2,10,6,23,0.99,2.0,0.2765167148163434,0.4143705455867044,0,1,0,1
40,41,1,16,5,10,0.52,3.0,0.2770060128550695,0.13863273766624162,1,1,0,1
26,82,2,10,11,4,0.73,1.0,0.2767747230201067,0.5125046969612971,1,1,0,0
36,71,1,13,9,11,0.86,1.0,0.2723334021043945,1.7638367859848836,1,1,0,0
41,131,4,18,6,8,0.97,1.0,0.2765167148163434,1.4455891683452529,0,0,1,0
40,173,2,17,11,4,0.56,1.0,0.27391304347826084,0.11663555892299447,1,1,0,0
28,8,2,15,7,13,0.65,1.0,0.2719186785260483,0.9421488366935856,1,1,0,0
24,175,3,9,10,4,0.55,2.0,0.2719186785260483,-0.5515710950541768,1,1,0,0
34,84,1,17,7,10,0.72,1.0,0.2723334021043945,0.2143138740536778,0,0,1,1
36,112,2,9,6,8,0.81,2.0,0.2770060128550695,-0.11837266460924362,0,0,0,0
42,7,2,12,11,15,0.53,1.0,0.265988987717069,-0.5491871946975156,0,0,0,0
32,176,2,9,3,10,0.78,2.0,0.2770060128550695,0.4400760137736465,1,0,1,0
46,163,3,14,8,17,0.68,2.0,0.2723334021043945,1.0501820265001016,0,0,1,1
29,63,4,15,13,11,0.71,1.0,0.27474402730375425,-0.22547570208021486,0,0,1,0
38,150,2,19,10,9,0.94,3.0,0.2719186785260483,0.5779295178607728,1,0,1,0
35,173,4,22,5,12,0.58,1.0,0.2767747230201067,-0.04355392111569001,1,0,1,0
28,29,3,9,3,19,0.69,1.0,0.2765167148163434,2.1388455639125517,0,1,0,0
23,89,1,16,10,3,0.7,2.0,0.265988987717069,1.612739391027418,0,0,0,0
37,78,1,25,9,7,0.89,3.0,0.2767747230201067,-0.023786643998053456,1,0,1,0
50,150,1,15,5,9,0.7,1.0,0.27391304347826084,0.16548395641219915,1,0,1,0
31,96,1,10,8,9,0.84,1.0,0.2723334021043945,2.1388455639125517,0,1,0,1
38,165,1,21,8,9,0.68,3.0,0.265988987717069,-0.3038856959818651,1,0,0,0
34,117,4,11,11,7,0.91,1.0,0.2733843537414966,-0.3724151312993181,1,0,1,0
49,163,1,17,3,13,0.56,2.0,0.265988987717069,1.590126217359969,0,0,1,0
30,18,2,12,6,9,0.54,1.0,0.2770060128550695,-0.5673652049107115,1,1,0,1
39,158,1,16,3,13,0.58,2.0,0.2770060128550695,0.07371919255385335,1,1,0,0
43,110,1,12,12,7,0.74,3.0,0.2733843537414966,-0.29226187176217666,1,0,1,1
43,157,1,10,6,12,0.58,2.0,0.2770060128550695,-0.05801748193594885,0,1,0,0
31,149,1,17,8,13,0.6,2.0,0.2770060128550695,0.5645993877010453,0,1,0,0
24,74,3,20,6,11,0.91,2.0,0.2627646326276463,-0.5087286480759399,1,1,0,1
40,105,3,17,9,6,0.51,1.0,0.27474402730375425,0.658347655215321,1,1,0,1
39,155,3,20,11,11,0.52,3.0,0.2723334021043945,-0.5173956966594595,1,1,0,0
41,162,4,11,7,11,0.79,2.0,0.27391304347826084,-0.4326101552923204,1,1,0,0
44,73,3,15,11,6,0.56,2.0,0.2627646326276463,0.2658418494631604,1,1,0,0
44,79,1,12,11,13,0.83,3.0,0.2733843537414966,-0.04387423847627495,1,0,1,0
47,119,2,15,10,3,0.97,2.0,0.2641112047177759,0.33618230985776676,0,0,1,1
29,147,1,14,13,11,0.95,2.0,0.2719186785260483,-0.40694780675007236,1,0,1,1
30,61,2,12,7,8,0.76,1.0,0.27474402730375425,0.06698636803232741,1,1,0,0
41,158,1,17,12,14,0.8,3.0,0.2767747230201067,0.05031138543418402,0,1,0,0
44,114,1,5,7,12,0.88,1.0,0.2655860349127182,0.14266750441976359,1,0,1,1
24,49,2,9,7,5,0.56,1.0,0.2655860349127182,-0.39717812725223145,0,1,0,0
34,14,1,17,9,12,0.65,2.0,0.265988987717069,-0.16614923093033712,1,1,0,0
22,118,4,14,7,6,0.54,3.0,0.2770060128550695,-0.3388803676257708,1,0,0,0
34,80,3,14,3,14,0.88,2.0,0.27391304347826084,2.1388455639125517,0,1,0,0
35,149,1,19,5,9,0.71,1.0,0.2723334021043945,-0.5078169755881211,0,0,1,0
19,163,2,15,17,16,0.62,2.0,0.2641112047177759,-0.5460887402287805,1,0,0,0
55,123,3,17,12,12,0.73,1.0,0.2733843537414966,-0.15616395320902557,1,1,0,0
18,8,1,14,8,5,0.95,1.0,0.2765167148163434,-0.3638158421574606,1,1,0,1
28,60,3,13,10,8,0.93,2.0,0.2770060128550695,-0.16942016397784881,1,1,0,0
29,54,1,14,9,10,0.87,2.0,0.27474402730375425,-0.1783212906325652,1,0,1,0
35,68,3,12,3,5,0.86,3.0,0.2765167148163434,-0.1220809540529386,1,1,0,1
30,113,3,18,8,8,0.99,1.0,0.27621483375959077,0.8269762657155705,0,1,0,0
43,37,1,19,6,9,0.66,1.0,0.2765167148163434,0.3540892823043138,0,1,0,1
48,67,1,10,15,10,0.63,1.0,0.2641112047177759,-0.6014297242190725,1,1,0,0
28,7,2,19,11,12,0.76,2.0,0.2767747230201067,-0.480066404252829,1,0,1,0
42,157,1,23,9,14,0.87,3.0,0.2641112047177759,-0.14900609218980035,0,0,1,0
34,86,3,21,8,9,0.53,2.0,0.2770060128550695,0.17852456895755178,0,0,1,1
23,175,2,17,2,7,0.92,2.0,0.2723334021043945,0.9577704679713439,1,0,1,0
20,65,1,17,7,9,0.68,1.0,0.2723334021043945,-0.3631998472332588,0,1,0,1
25,59,2,10,4,10,0.73,2.0,0.27474402730375425,0.9662711979253291,1,0,0,1
26,76,1,10,9,10,0.62,2.0,0.2723334021043945,0.44308822895299343,0,1,0,0
53,112,1,20,10,14,0.95,3.0,0.2723334021043945,-0.39613709583033035,1,1,0,0
27,107,2,20,5,10,0.68,3.0,0.27391304347826084,-0.4585497015504592,0,1,0,1
29,127,1,17,6,9,0.68,2.0,0.2719186785260483,-0.6257738436235285,1,1,0,0
51,104,2,21,11,9,0.92,1.0,0.2770060128550695,-0.058313159499565725,0,0,0,0
24,109,2,20,12,11,0.89,2.0,0.27391304347826084,1.1783890500742273,1,0,0,1
37,78,2,14,8,14,0.78,3.0,0.27474402730375425,0.004746240890975058,1,0,1,1
19,55,2,18,8,11,0.65,1.0,0.2765167148163434,-0.08143760895410222,0,1,0,0
20,111,1,13,10,14,0.95,2.0,0.27391304347826084,1.7527611972477346,1,0,1,0
18,76,1,10,7,6,0.5,3.0,0.2765167148163434,0.48523460166688226,1,1,0,1
36,101,4,11,7,11,0.8,2.0,0.27391304347826084,-0.041545777662792056,0,1,0,0
31,77,2,16,5,13,0.98,3.0,0.265988987717069,-0.1002008143452898,1,1,0,0
36,6,2,14,6,11,0.65,1.0,0.2765167148163434,-0.4692310535361189,1,1,0,1
37,121,2,17,9,8,0.99,1.0,0.2723334021043945,-0.41571957447070634,0,0,0,0
42,58,4,10,8,13,0.7,2.0,0.2723334021043945,2.0872957206832616,0,0,0,1
30,167,3,14,9,9,0.91,1.0,0.2767747230201067,0.33644718767517356,1,1,0,1
50,162,2,21,9,15,0.99,2.0,0.2767747230201067,-0.2183671206549258,0,0,1,1
29,53,3,6,6,9,0.85,2.0,0.2723334021043945,-0.5622955666845305,0,1,0,1
29,127,1,10,6,13,0.9,3.0,0.27391304347826084,-0.5172786576238612,1,1,0,1
29,3,4,16,8,8,0.91,1.0,0.265988987717069,2.1388455639125517,1,0,1,0
61,87,1,18,11,7,0.6,2.0,0.27391304347826084,-0.24224924386623053,0,0,1,1
18,110,4,16,11,10,0.97,2.0,0.2723334021043945,0.5788781500440436,1,1,0,1
38,134,1,13,11,11,0.67,1.0,0.26641414141414144,0.951068443196028,1,1,0,0
25,123,2,15,10,8,0.69,1.0,0.2723334021043945,-0.06064162031304862,0,0,1,1
43,175,1,8,8,7,0.52,2.0,0.2770060128550695,-0.25076845366794176,1,1,0,0
45,106,3,20,10,11,0.71,2.0,0.2770060128550695,-0.28355170353396286,0,1,0,0
32,21,1,10,9,10,0.53,2.0,0.2770060128550695,0.13728986873148166,1,1,0,0
38,73,3,17,4,13,0.55,1.0,0.2767747230201067,-0.46324358287287715,0,1,0,0
31,99,1,13,7,5,0.71,1.0,0.27391304347826084,-0.5883459920290257,1,0,1,1
26,139,2,19,5,11,0.58,2.0,0.2767747230201067,-0.2991918146594472,0,0,0,0
25,158,2,16,18,9,0.91,3.0,0.2641112047177759,2.050767221678093,1,1,0,0
38,23,2,11,13,11,0.62,2.0,0.27391304347826084,-0.25709472153949453,0,1,0,0
40,113,1,17,10,10,0.62,3.0,0.2770060128550695,-0.5081557727964322,1,0,0,0
40,111,1,15,14,11,0.87,1.0,0.26641414141414144,-0.3560666260110017,0,1,0,0
54,161,2,19,7,12,0.58,1.0,0.2723334021043945,1.8697940728968394,1,1,0,0
30,87,1,11,11,4,0.75,3.0,0.2770060128550695,-0.6257184040803504,0,0,1,0
37,48,1,8,5,10,0.67,2.0,0.2723334021043945,-0.4523712724607149,1,0,1,0
29,74,2,18,9,6,0.93,1.0,0.2723334021043945,-0.5934649098491428,1,1,0,0
39,48,1,15,2,10,0.73,2.0,0.2765167148163434,0.029823394255231336,0,0,0,0
35,102,3,14,6,11,0.59,3.0,0.2767747230201067,0.9867653490535238,0,0,1,1
32,136,1,15,6,9,0.55,2.0,0.2765167148163434,-0.32619087218721315,0,1,0,1
54,103,2,12,5,19,0.83,2.0,0.2770060128550695,-0.4489217008851847,1,1,0,0
22,152,2,11,7,14,0.87,2.0,0.2733843537414966,-0.11017993211735935,1,1,0,0
25,77,1,10,10,11,0.85,1.0,0.2767747230201067,-0.4532398253038395,1,0,1,1
56,178,1,12,4,13,0.85,3.0,0.27391304347826084,0.6590930090736052,1,0,1,1
38,14,1,16,7,10,0.86,1.0,0.2765167148163434,-0.5455158649492728,1,0,0,0
43,118,1,23,8,13,0.71,2.0,0.265988987717069,-0.606992158384615,0,1,0,0
44,12,1,19,10,6,0.91,2.0,0.2733843537414966,-0.5042626848754767,1,1,0,0
32,176,1,12,6,16,0.56,1.0,0.27621483375959077,0.1824422966754754,0,0,1,0
30,17,2,13,9,14,0.56,3.0,0.265988987717069,-0.33015787949907294,0,0,1,0
39,78,2,11,10,9,0.96,1.0,0.2765167148163434,-0.6151972107749832,0,0,1,1
48,73,3,9,11,7,0.53,3.0,0.2767747230201067,-0.2982739822223865,1,1,0,0
18,9,4,13,9,9,0.88,1.0,0.2719186785260483,0.00477704063718515,0,0,1,0
47,34,2,11,16,7,0.66,2.0,0.2723334021043945,0.10473453698741522,1,1,0,0
30,52,2,16,2,12,0.75,1.0,0.27391304347826084,0.7016151386912571,1,1,0,1
29,19,3,14,4,10,0.82,3.0,0.2770060128550695,-0.12241359131200759,1,0,1,0
40,141,3,15,16,7,0.8,1.0,0.2767747230201067,0.6980793278263387,1,0,1,0
42,40,1,18,5,10,0.74,2.0,0.2765167148163434,-0.063807834223446,1,1,0,1
48,137,2,16,9,11,0.86,1.0,0.2767747230201067,2.0220741781087725,1,1,0,0
48,3,2,19,6,8,0.97,1.0,0.2641112047177759,-0.5803688577606121,1,1,0,0
38,14,1,21,11,8,0.57,3.0,0.2733843537414966,-0.6145565760538133,0,0,1,0
41,100,2,17,3,12,0.66,1.0,0.2770060128550695,-0.05453095066496652,0,1,0,0
39,167,2,14,11,11,0.77,1.0,0.2767747230201067,-0.18563931033208286,1,1,0,0
29,125,1,12,4,6,0.72,1.0,0.2641112047177759,1.9359888874515674,0,0,1,0
23,74,1,16,8,9,0.82,2.0,0.27474402730375425,-0.15232630483124818,0,1,0,0
40,134,3,18,8,10,0.89,3.0,0.2767747230201067,0.2702646930189295,1,0,0,0
41,69,3,12,10,12,0.69,1.0,0.2723334021043945,-0.5527291655116762,0,1,0,0
38,143,4,20,8,11,0.92,2.0,0.2723334021043945,0.9072034446436161,0,0,1,0
41,35,1,15,12,6,0.69,1.0,0.2770060128550695,2.1388455639125517,1,0,1,1
41,55,1,18,6,14,0.9,1.0,0.2770060128550695,-0.14144167452060194,0,0,0,0
23,166,1,18,13,7,0.97,2.0,0.27391304347826084,-0.3007256420207097,0,0,1,1
35,62,2,15,5,5,0.88,2.0,0.26641414141414144,-0.5705683785165611,0,0,1,1
42,134,1,16,7,5,0.91,2.0,0.2719186785260483,0.3421266608763144,1,0,1,0
32,56,4,18,9,19,0.92,2.0,0.2767747230201067,0.2492839059006154,0,0,1,0
42,125,3,10,7,11,0.67,1.0,0.2767747230201067,0.03573078557832683,1,1,0,0
39,93,1,14,7,11,0.64,2.0,0.2770060128550695,1.075308459458294,1,0,1,0
19,117,4,18,5,11,0.8,2.0,0.265988987717069,-0.5382040051989971,1,1,0,0
39,12,3,18,3,16,0.66,3.0,0.2767747230201067,0.4228651155914475,1,0,0,0
42,177,1,19,9,8,0.59,2.0,0.265988987717069,-0.21286628598180352,0,0,1,1
48,12,2,20,8,13,0.79,3.0,0.2770060128550695,-0.416600447212315,0,0,1,1
27,62,1,15,10,13,0.68,2.0,0.2719186785260483,-0.47736834648482496,1,1,0,1
35,29,4,15,7,14,0.96,2.0,0.2770060128550695,-0.5620553286640918,0,1,0,0
22,41,1,5,7,4,0.83,2.0,0.2723334021043945,0.12213023364687475,1,1,0,0
30,53,1,14,11,12,0.74,2.0,0.2641112047177759,2.1388455639125517,0,1,0,0
39,142,1,15,9,13,0.71,2.0,0.2723334021043945,0.2656016114427217,1,1,0,0
18,51,2,14,9,13,0.66,2.0,0.27474402730375425,-0.5022483814733366,1,1,0,1
45,160,4,13,9,15,0.79,3.0,0.2765167148163434,0.760313295018449,0,1,0,0
33,121,1,12,9,10,0.65,1.0,0.2767747230201067,-0.13499220766420886,0,0,1,0
36,4,3,8,11,3,0.99,1.0,0.2765167148163434,0.2502694977793383,0,1,0,1
61,51,2,8,16,11,0.57,2.0,0.27391304347826084,-0.3460813482896901,0,1,0,1
30,121,1,15,6,11,0.86,2.0,0.2765167148163434,-0.2986805388723597,0,0,1,0
18,163,1,10,11,15,0.86,2.0,0.2765167148163434,0.1431171807144309,0,1,0,0
21,31,3,14,6,7,0.54,2.0,0.2765167148163434,-0.6029389117833669,0,0,1,1
35,23,2,14,5,8,0.92,2.0,0.265988987717069,-0.33755597853873687,1,0,1,1
36,127,2,21,9,6,0.86,2.0,0.2767747230201067,-0.42770683569567386,1,1,0,0
25,54,3,8,7,9,0.8,3.0,0.2723334021043945,-0.5193484005691793,1,0,0,1
41,58,4,16,6,16,0.73,2.0,0.27474402730375425,-0.607731352293657,0,0,0,0
29,62,2,18,5,15,0.64,1.0,0.2719186785260483,-0.2599898976832431,0,1,0,0
41,129,1,16,10,15,0.88,3.0,0.2767747230201067,-0.48887513166891505,1,0,0,0
37,5,1,13,7,12,0.73,2.0,0.2767747230201067,0.544246915405417,1,0,1,1
29,105,1,18,7,11,0.59,1.0,0.2723334021043945,0.6483623774940095,1,0,1,0
29,3,3,14,13,12,0.79,2.0,0.26641414141414144,-0.026885098466788635,1,1,0,0
52,113,1,21,6,9,0.66,2.0,0.2765167148163434,-0.6354018442888031,1,1,0,1
30,58,4,14,7,11,0.82,2.0,0.2641112047177759,2.1388455639125517,0,1,0,0
54,13,3,15,10,5,0.92,3.0,0.2723334021043945,-0.1952796308958414,1,1,0,0
36,159,1,14,7,12,0.85,3.0,0.2719186785260483,0.2839952198793882,1,1,0,1
39,40,1,15,5,12,0.64,2.0,0.2655860349127182,0.9850652030627267,1,0,1,0
43,141,2,11,12,9,0.87,3.0,0.265988987717069,0.4248547791966194,1,1,0,0
36,129,3,17,7,8,0.78,3.0,0.2641112047177759,-0.5392327167224142,0,1,0,1
47,135,2,15,10,15,0.99,2.0,0.27474402730375425,1.398040520146114,1,0,1,0
22,45,1,12,5,9,0.7,1.0,0.2770060128550695,-0.5054392351807021,1,0,1,0
52,150,2,19,8,10,0.59,1.0,0.27812113720642767,0.5474500890112666,1,0,1,0
48,20,1,16,5,9,0.98,2.0,0.2723334021043945,0.6636883312081509,0,0,1,0
47,168,1,13,11,9,0.64,2.0,0.2733843537414966,0.04276544761271167,1,0,1,0
46,6,2,17,9,7,0.75,2.0,0.27474402730375425,0.07638645057564726,1,0,1,0
66,101,4,15,6,8,0.77,2.0,0.2627646326276463,-0.20029382957884426,1,1,0,0
28,149,2,18,9,10,0.63,1.0,0.2733843537414966,-0.2776689520078355,0,1,0,0
51,156,4,18,5,11,0.79,2.0,0.2723334021043945,-0.21911247451321,0,0,1,1
37,113,1,19,9,7,0.72,2.0,0.2770060128550695,-0.28422313800134286,1,0,1,0
26,103,4,12,6,8,0.98,2.0,0.2765167148163434,1.6172053542278813,1,1,0,0
29,115,2,12,6,14,0.77,3.0,0.2733843537414966,-0.47060472221708893,1,1,0,0
18,101,2,12,4,9,0.55,2.0,0.2767747230201067,-0.31517072299324256,0,1,0,0
46,30,3,15,7,10,0.8,2.0,0.27391304347826084,2.0210885862300496,1,1,0,1
48,6,1,15,6,13,0.78,3.0,0.2767747230201067,0.5443639544410154,0,1,0,1
46,99,1,21,12,10,0.99,1.0,0.2723334021043945,-0.6037397051848292,0,1,0,0
55,133,3,21,6,5,0.8,1.0,0.2723334021043945,2.1388455639125517,1,0,1,0
34,117,3,11,5,9,0.51,3.0,0.265988987717069,-0.21186221425535454,0,0,1,0
43,103,1,18,13,6,0.94,2.0,0.27474402730375425,-0.2468568858992602,1,0,1,0
35,53,3,16,8,8,0.51,2.0,0.2767747230201067,-0.546248898909073,1,0,1,0
30,112,2,10,8,9,0.77,3.0,0.2723334021043945,-0.16584739341747823,1,1,0,0
23,28,3,14,7,6,0.56,2.0,0.26641414141414144,-0.008688608405866736,1,0,1,0
39,29,1,15,7,9,0.81,2.0,0.265988987717069,0.7753435711689736,1,0,1,0
24,5,3,12,4,9,0.96,2.0,0.2767747230201067,-0.08117273113669543,1,1,0,1
40,165,1,25,9,13,0.64,2.0,0.2719186785260483,0.5186153666093791,0,0,1,0
34,124,2,10,11,10,0.71,1.0,0.2770060128550695,-0.04455799284213898,1,0,0,0
47,11,1,8,5,11,0.79,2.0,0.2767747230201067,2.1388455639125517,0,1,0,1
24,43,1,15,8,10,0.54,2.0,0.2723334021043945,1.4897375245627975,0,1,0,1
36,173,4,17,10,7,0.91,2.0,0.27391304347826084,0.5047493208655961,1,0,1,0
18,13,2,22,8,12,0.95,3.0,0.2767747230201067,0.25049125595205096,0,1,0,1
22,142,1,15,5,7,0.88,1.0,0.2767747230201067,1.873040366147383,1,0,0,0
44,34,1,13,9,9,0.78,3.0,0.27812113720642767,-0.2772131157639261,1,0,1,0
48,133,2,17,8,9,0.58,1.0,0.27391304347826084,-0.6111439641737352,0,0,1,0
31,99,2,18,6,11,0.67,3.0,0.2765167148163434,0.26233683834445204,1,1,0,0
31,173,1,14,11,10,0.68,1.0,0.27391304347826084,0.8790586365568348,0,0,1,0
30,160,3,21,7,8,0.8,1.0,0.2733843537414966,-0.07448302625986362,1,0,1,1
52,142,2,15,10,11,0.85,2.0,0.27391304347826084,-0.5028089368543603,1,1,0,0
25,165,3,20,9,7,0.84,2.0,0.2770060128550695,-0.6143040181348906,1,1,0,0
55,163,3,19,5,5,0.54,2.0,0.2641112047177759,-0.12986712989484966,0,1,0,0
45,6,2,13,10,1,0.92,3.0,0.2723334021043945,0.9917857076857687,1,0,1,0
32,75,1,12,10,7,0.82,1.0,0.2765167148163434,-0.5709256555725981,1,1,0,0
19,32,4,10,2,11,0.53,2.0,0.2723334021043945,-0.15148239178509168,0,1,0,0
39,176,1,15,12,17,0.87,2.0,0.2770060128550695,0.274465778401986,0,0,1,0
47,115,1,14,8,5,0.76,2.0,0.265988987717069,0.038884679590240175,0,0,1,0
42,56,1,22,13,7,0.99,1.0,0.2723334021043945,0.24960422326120033,0,0,1,0
26,132,4,12,8,13,0.65,2.0,0.27391304347826084,0.5004558362439093,1,1,0,0
25,105,1,15,10,6,0.89,2.0,0.2723334021043945,0.3994018689286,1,0,1,0
48,164,2,16,7,10,0.52,2.0,0.27474402730375425,-0.19697977688663845,1,1,0,0
37,129,4,15,8,8,0.6,2.0,0.2641112047177759,0.19792224912066725,0,0,1,0
23,98,3,15,11,11,0.8,3.0,0.2627646326276463,-0.6137003431091728,1,1,0,0
46,143,1,14,7,6,0.81,1.0,0.27621483375959077,-0.38289320495999113,1,1,0,0
19,143,3,22,6,7,0.97,2.0,0.2770060128550695,-0.4219349632559028,0,0,1,0
18,106,2,17,6,7,0.58,2.0,0.2733843537414966,0.09545765342893575,1,1,0,0
33,6,2,21,10,8,0.81,2.0,0.2733843537414966,0.5473268900264262,1,1,0,1
20,140,1,12,10,8,0.71,3.0,0.2770060128550695,0.2566573651433112,0,1,0,0
36,136,2,14,12,10,0.75,2.0,0.26641414141414144,0.014620639525930306,0,1,0,0
32,70,1,16,14,8,0.79,2.0,0.2723334021043945,0.14490972594385823,0,1,0,1
20,134,3,22,5,7,0.6,2.0,0.2767747230201067,1.8702006295468125,1,0,1,0
41,97,2,24,6,11,0.79,2.0,0.2723334021043945,-0.32874725112265074,0,0,0,1
54,46,1,10,6,8,0.99,3.0,0.27812113720642767,-0.13388957674988758,0,1,0,0
18,143,3,14,11,8,0.81,2.0,0.27391304347826084,-0.6026493941689921,0,1,0,0
29,174,1,21,4,14,0.51,2.0,0.27812113720642767,1.0966834833280974,0,0,0,0
27,102,1,13,6,15,0.9,2.0,0.2723334021043945,-0.1348813285778525,1,1,0,0
45,13,2,10,14,18,0.98,2.0,0.27474402730375425,-0.10496861505861192,0,0,1,0
30,90,1,17,6,9,0.5,1.0,0.2641112047177759,-0.16266885960859684,0,1,0,1
19,3,2,15,6,5,0.81,2.0,0.2723334021043945,-0.4845939669457124,1,1,0,1
30,137,2,21,15,10,0.73,1.0,0.2641112047177759,2.1388455639125517,0,1,0,0
21,66,3,21,10,8,0.92,2.0,0.27391304347826084,0.31365537547970607,0,1,0,0
30,71,1,10,4,3,0.53,3.0,0.2770060128550695,-0.4758653188697725,1,1,0,1
26,16,2,16,9,5,0.52,2.0,0.2641112047177759,2.1388455639125517,1,0,1,1
28,37,4,14,11,13,0.74,3.0,0.2770060128550695,-0.2667473620017371,0,1,0,1
31,82,2,9,14,11,0.71,2.0,0.2733843537414966,-0.01088771028526725,0,1,0,0
27,70,1,23,4,12,0.5,2.0,0.2765167148163434,2.1388455639125517,1,0,0,0
23,67,2,9,4,5,0.7,2.0,0.2767747230201067,-0.6217452368192486,0,0,1,1
32,27,1,10,10,14,0.53,3.0,0.27812113720642767,-0.47552652166146153,1,0,1,0
29,82,3,20,2,16,0.6,2.0,0.2767747230201067,-0.4348030972224789,0,1,0,0
40,170,4,12,7,5,0.84,3.0,0.27474402730375425,2.1388455639125517,1,0,1,0
30,16,1,15,3,17,0.78,1.0,0.27391304347826084,-0.312287866747978,0,1,0,1
38,80,1,12,10,8,0.82,2.0,0.2770060128550695,0.19856288384183715,1,1,0,0
31,176,1,18,7,8,0.54,2.0,0.2767747230201067,0.6949500736113935,0,0,1,0
32,15,4,17,5,9,0.64,2.0,0.2770060128550695,-0.5631887593246232,1,1,0,0
44,25,2,19,5,6,0.62,1.0,0.2770060128550695,-0.5674083245554057,0,1,0,0
44,135,2,14,14,2,0.71,3.0,0.2723334021043945,-0.44775131052920125,1,0,1,0
48,14,1,17,7,12,0.74,3.0,0.2723334021043945,0.2237693961401758,0,1,0,1
26,91,3,22,6,8,0.9,2.0,0.27812113720642767,-0.5092645636599954,1,1,0,0
32,103,1,17,10,7,0.58,2.0,0.2723334021043945,-0.49725882258730186,0,0,1,0
37,124,2,16,10,14,0.51,2.0,0.2765167148163434,-0.02507407338963527,1,0,0,0
33,86,1,17,12,13,0.89,1.0,0.2770060128550695,-0.046615415888973076,0,1,0,0
32,61,2,16,6,9,0.66,3.0,0.27391304347826084,0.14501444508097253,1,0,1,0
39,37,4,12,7,8,0.99,1.0,0.2641112047177759,-0.3604586698205607,0,1,0,1
47,69,1,9,5,13,0.94,2.0,0.27474402730375425,-0.22338747928717068,1,0,1,0
48,1,2,11,9,11,0.66,2.0,0.2719186785260483,0.6781518920284096,1,1,0,0
44,8,3,10,4,9,0.99,2.0,0.2655860349127182,-0.6084089467102791,1,1,0,0
47,171,2,17,9,10,0.53,2.0,0.27474402730375425,-0.005239036830336518,0,0,1,0
39,14,3,11,11,8,0.6,1.0,0.2767747230201067,0.2434812337146342,0,0,1,0
18,133,4,16,8,10,0.69,1.0,0.265988987717069,1.0799222614405657,1,1,0,0
20,177,1,17,6,8,0.59,3.0,0.26641414141414144,0.6332889816987908,0,1,0,0
45,100,3,9,12,8,0.97,2.0,0.2719186785260483,0.2087083202434412,0,1,0,0
30,94,2,8,2,11,0.68,3.0,0.27391304347826084,-0.47130079648143697,0,1,0,0
48,3,1,13,11,7,0.51,1.0,0.265988987717069,-0.5123260584332785,0,0,1,0
35,2,1,10,8,11,0.71,3.0,0.27391304347826084,-0.18977879622271912,0,1,0,0
23,104,2,12,9,11,0.6,2.0,0.2765167148163434,-0.5142233227998201,0,1,0,1
34,154,2,12,10,5,0.81,2.0,0.2765167148163434,1.0920080818534055,0,0,1,0
27,112,3,14,10,14,0.67,1.0,0.2767747230201067,-0.45093600428732467,1,0,1,0
37,118,1,11,6,10,0.76,2.0,0.2719186785260483,-0.35577094844738477,0,1,0,0
22,131,4,22,8,12,0.79,1.0,0.2770060128550695,0.7166392548925397,1,0,1,1
40,79,2,21,5,10,0.93,2.0,0.27391304347826084,2.1388455639125517,1,1,0,0
34,67,3,11,9,11,0.68,2.0,0.27391304347826084,-0.17687986250993293,1,1,0,0
44,45,3,19,6,10,0.65,2.0,0.26641414141414144,-0.006015190434830817,0,0,1,0
43,89,1,18,8,7,0.8,1.0,0.2733843537414966,2.1231096655763557,1,0,0,0
40,133,4,17,9,12,0.56,2.0,0.2723334021043945,-0.5371075342339179,0,1,0,1
18,59,1,11,4,13,0.78,3.0,0.2770060128550695,-0.3834722401887408,0,0,0,0
20,99,3,19,8,12,0.6,2.0,0.2770060128550695,-0.45919033627162914,0,1,0,0
32,16,3,18,11,9,0.65,2.0,0.27812113720642767,-0.1409796783274506,0,1,0,0
39,24,2,23,7,11,0.82,1.0,0.2733843537414966,-0.596889841627705,0,0,0,1
36,35,2,16,7,9,0.85,1.0,0.27474402730375425,-0.5563388957674988,1,0,1,0
34,45,2,12,9,9,0.82,2.0,0.265988987717069,-0.591826363350766,0,0,1,0
42,67,1,8,6,13,0.7,2.0,0.2723334021043945,0.18610746647447626,0,1,0,1
42,47,4,13,9,16,0.64,2.0,0.2770060128550695,-0.1702640770240053,0,1,0,0
29,166,1,20,10,11,0.78,2.0,0.2770060128550695,-0.5950603367028255,1,1,0,0
25,74,3,21,8,12,0.98,2.0,0.2719186785260483,-0.53714449392937,1,1,0,0
32,57,2,9,9,8,0.85,2.0,0.2767747230201067,0.730597699874953,0,1,0,1
28,76,3,18,6,11,0.7,1.0,0.2719186785260483,0.18388988474734969,1,0,1,1
25,104,2,18,7,11,0.8,3.0,0.2723334021043945,-0.34630310646240275,0,1,0,0
33,144,1,17,3,7,0.93,1.0,0.2770060128550695,1.6383647798742138,0,1,0,0
32,147,4,18,7,16,0.82,2.0,0.2767747230201067,-0.5964093655868276,0,1,0,1
37,49,3,18,11,12,0.61,3.0,0.2767747230201067,0.6781334121806837,1,1,0,0
39,56,3,19,5,11,0.68,1.0,0.27474402730375425,-0.003058414798662059,1,0,1,0
53,6,3,14,6,6,0.61,2.0,0.27474402730375425,-0.08479478129100217,1,1,0,1
54,171,4,16,5,9,0.99,1.0,0.2719186785260483,0.32479872365851703,1,0,1,0
43,57,1,20,9,9,0.9,2.0,0.2765167148163434,1.1628598180350993,0,1,0,0
27,88,4,17,14,10,0.71,2.0,0.2767747230201067,1.767391076697528,0,0,1,0
18,81,3,16,9,11,0.59,3.0,0.27621483375959077,0.004432083479632128,1,1,0,0
48,11,2,17,9,9,0.9,2.0,0.2723334021043945,-0.6275971885991659,0,1,0,1
28,129,2,18,4,14,1.0,2.0,0.27474402730375425,0.7561861290262968,0,0,1,0
34,71,1,14,12,10,0.81,1.0,0.2641112047177759,0.7862097216318937,1,1,0,0
26,69,4,13,9,10,0.86,3.0,0.2765167148163434,0.9177184779997413,1,0,1,1
41,6,3,19,5,7,0.51,2.0,0.2719186785260483,-0.5917955636045559,1,1,0,1
32,156,1,10,2,7,0.82,3.0,0.2723334021043945,-0.4352342936694202,0,0,1,0
35,100,1,13,6,5,0.82,2.0,0.2733843537414966,-0.4220828020377112,0,1,0,0
33,145,3,10,6,15,0.89,2.0,0.2765167148163434,2.1388455639125517,0,0,1,0
22,178,4,14,12,6,0.69,1.0,0.2765167148163434,-0.07534541915374618,0,0,1,0
29,10,1,21,4,9,0.69,2.0,0.2655860349127182,1.0648427056961052,1,1,0,1
37,7,2,14,4,13,0.62,3.0,0.2767747230201067,2.1388455639125517,0,1,0,1
28,33,2,19,9,7,0.83,2.0,0.2641112047177759,-0.10833194734475388,1,0,1,0
32,160,4,17,4,12,0.68,3.0,0.2767747230201067,-0.4274727576244772,1,0,1,0
37,123,3,12,5,10,0.61,1.0,0.2767747230201067,0.44818250697614254,1,1,0,0
38,29,1,14,7,14,0.99,2.0,0.2765167148163434,1.7434473539938031,1,1,0,0
43,146,4,7,8,9,0.52,2.0,0.27391304347826084,0.22859879634591812,0,1,0,0
22,67,1,16,7,9,0.98,1.0,0.2723334021043945,0.543212043932758,1,0,1,0
44,137,3,22,10,10,0.74,2.0,0.27621483375959077,-0.5618212505928951,1,1,0,0
32,8,1,15,8,11,0.85,2.0,0.2770060128550695,-0.3527710531665219,0,0,0,0
34,23,2,17,8,9,0.65,3.0,0.2765167148163434,-0.3166429508620849,0,1,0,0
33,129,1,15,4,11,0.69,1.0,0.2641112047177759,-0.11370958303303581,1,1,0,1
31,24,4,15,6,9,0.72,1.0,0.265988987717069,2.1388455639125517,1,1,0,1
40,94,2,19,11,11,0.66,1.0,0.2770060128550695,-0.6182956652437184,1,0,1,0
33,161,2,14,6,14,0.72,3.0,0.2723334021043945,0.8039750152458743,0,1,0,0
45,79,2,10,9,11,0.74,1.0,0.27391304347826084,-0.12279550816501272,1,1,0,0
30,119,4,15,14,12,0.55,3.0,0.2641112047177759,0.41988370015831067,0,0,1,0
39,24,3,11,8,10,0.84,3.0,0.2723334021043945,0.3387078890469942,0,1,0,0
41,61,4,23,7,16,0.71,2.0,0.2723334021043945,-0.5690345511552984,0,1,0,0
33,51,2,18,9,14,0.85,1.0,0.27474402730375425,-0.07386703133566179,0,0,1,1
18,102,1,17,7,10,0.5,2.0,0.2719186785260483,0.6672549418192794,1,1,0,0
38,22,1,9,10,6,0.85,2.0,0.2767747230201067,2.1388455639125517,0,1,0,0
43,133,3,12,9,11,0.68,2.0,0.2723334021043945,0.08178256611165524,0,1,0,0
45,11,2,12,6,7,0.67,3.0,0.2733843537414966,0.5377112092596357,1,0,1,0
39,141,1,21,9,11,0.85,2.0,0.265988987717069,-0.5366455380407665,1,0,1,0
34,96,2,16,4,13,0.53,2.0,0.2765167148163434,-0.46174671520706667,1,1,0,1
35,8,3,14,10,8,0.87,2.0,0.2723334021043945,-0.49892816883188884,1,1,0,1
30,100,1,18,8,18,0.97,2.0,0.2723334021043945,1.4150050203586322,0,1,0,0
18,78,1,13,5,6,0.68,3.0,0.2641112047177759,-0.6223304319972404,1,0,1,0
22,21,1,20,8,12,0.91,2.0,0.2767747230201067,-0.16659890722500448,0,0,1,0
39,145,2,19,13,8,0.69,1.0,0.2770060128550695,-0.4138531098503748,0,0,0,0
36,15,2,14,8,9,0.82,3.0,0.2719186785260483,-0.5681598383629319,0,0,0,1
44,25,2,20,7,17,0.71,1.0,0.2765167148163434,-0.17617762829634284,1,1,0,0
32,52,1,12,14,10,0.78,3.0,0.2765167148163434,-0.5411176611904718,0,1,0,1
36,7,1,23,4,7,0.78,1.0,0.2770060128550695,1.3111729159351726,1,1,0,1
30,28,1,17,7,9,0.8,2.0,0.2765167148163434,2.1388455639125517,0,1,0,0
22,31,4,16,8,7,0.54,2.0,0.265988987717069,1.449999692002538,0,0,1,1
54,83,1,19,4,6,0.72,1.0,0.2723334021043945,0.9949149619007139,1,1,0,0
31,97,2,14,10,12,0.91,3.0,0.2765167148163434,0.4961500317237386,1,1,0,0
38,109,2,20,4,9,0.98,2.0,0.2723334021043945,-0.09875322627341551,0,1,0,0
39,116,2,6,7,7,0.68,2.0,0.2719186785260483,1.173183892964722,0,0,0,0
48,29,2,17,6,11,0.57,1.0,0.2641112047177759,2.1388455639125517,1,0,1,0
33,169,2,10,12,11,0.66,3.0,0.27474402730375425,-0.12363942121116922,1,0,1,1
44,111,2,9,12,10,0.87,1.0,0.2770060128550695,-0.581366769537819,0,1,0,1
29,6,1,9,4,10,0.87,2.0,0.2765167148163434,-0.034443356186745024,0,0,1,1
26,85,1,18,9,3,0.51,1.0,0.27391304347826084,1.655988394655628,1,0,0,0
31,64,1,16,12,14,0.78,2.0,0.2765167148163434,0.6110022853411687,0,0,0,0
40,174,1,15,15,4,0.93,3.0,0.27391304347826084,-0.1770338612409834,1,0,1,1
36,79,1,14,8,9,0.89,1.0,0.2770060128550695,0.8459612292794707,0,0,1,0
45,127,2,16,8,9,0.83,1.0,0.27474402730375425,-0.6178090292535989,0,0,1,1
36,155,1,11,4,8,0.7,3.0,0.2765167148163434,0.935526891258416,0,1,0,1
26,104,1,14,11,7,0.96,2.0,0.2767747230201067,-0.08142528905561819,1,1,0,0
46,170,3,18,11,11,0.99,2.0,0.2733843537414966,-0.33543079605024056,0,1,0,0
44,120,3,16,5,6,0.64,2.0,0.265988987717069,-0.577997277302435,1,1,0,0
23,105,1,11,9,12,0.77,1.0,0.2765167148163434,0.18096390885739103,0,1,0,0
38,100,2,16,5,7,0.98,2.0,0.2770060128550695,1.0850165394637148,0,1,0,0
31,93,2,17,12,18,0.77,1.0,0.27812113720642767,2.1388455639125517,0,0,0,1
61,41,1,13,11,9,0.74,2.0,0.2641112047177759,-0.5498524692156537,0,0,1,0
23,83,1,15,8,13,0.7,1.0,0.2719186785260483,-0.208985517959332,1,1,0,0
18,171,3,20,13,7,0.84,2.0,0.2655860349127182,1.6386542974885887,0,1,0,0
37,80,2,15,8,17,0.58,2.0,0.2765167148163434,-0.3616105803288181,0,0,1,1
38,111,2,16,8,9,0.52,2.0,0.2767747230201067,0.48967592507037744,1,1,0,1
38,6,3,18,6,7,0.59,1.0,0.2723334021043945,1.6022674773159868,0,0,1,0
23,84,1,16,6,11,0.51,3.0,0.27474402730375425,0.13106216004780122,0,1,0,0
29,66,1,13,4,12,0.99,1.0,0.2770060128550695,0.9542839367003616,1,0,0,0
36,24,3,10,8,12,0.58,3.0,0.26641414141414144,-0.042260331774866176,1,1,0,0
36,159,2,21,8,5,0.71,2.0,0.2770060128550695,2.1388455639125517,1,1,0,0
26,113,3,21,6,15,0.51,1.0,0.2627646326276463,-0.5085623294464053,0,1,0,1
34,4,1,16,9,10,0.75,2.0,0.2719186785260483,1.7281398801273877,0,0,1,1
35,154,4,23,1,6,0.72,1.0,0.2765167148163434,-0.5326908506273909,1,1,0,0
26,2,2,16,9,13,0.96,3.0,0.26641414141414144,0.7882486648310018,0,1,0,1
24,53,1,15,10,8,0.98,2.0,0.2655860349127182,-0.3007810815638879,0,1,0,0
49,138,2,13,7,8,0.89,3.0,0.2767747230201067,0.40181656903147117,0,0,1,0
59,38,1,12,7,5,0.8,3.0,0.2770060128550695,0.26214587991794946,0,0,1,0
51,156,3,17,9,14,0.8,1.0,0.2719186785260483,1.4811628752179082,0,0,1,0
50,30,2,16,2,8,0.7,1.0,0.2770060128550695,0.48440916846845183,1,1,0,1
26,62,1,12,9,11,0.69,3.0,0.2770060128550695,-0.05513462569068431,0,1,0,0
33,64,1,16,8,8,0.65,2.0,0.27391304347826084,-0.44464669611122404,1,0,1,0
18,157,2,23,8,7,0.61,2.0,0.2765167148163434,-0.4650484480007885,0,0,1,0
42,18,1,14,10,5,0.59,2.0,0.2733843537414966,0.09190952266553323,1,1,0,0
24,162,1,13,9,11,0.58,2.0,0.2719186785260483,0.041595057256728206,1,1,0,0
35,85,2,14,5,10,0.9,2.0,0.27474402730375425,1.9496886145658159,0,1,0,0
36,40,2,16,6,8,0.72,1.0,0.2770060128550695,-0.6148399337189462,1,1,0,1
46,36,2,5,10,13,0.53,2.0,0.2770060128550695,2.1388455639125517,1,1,0,1
37,71,1,18,8,8,0.72,2.0,0.27474402730375425,2.1388455639125517,1,1,0,0
30,131,2,18,6,8,0.6,3.0,0.26641414141414144,-0.5366763377869767,0,0,0,0
35,6,2,18,10,15,0.71,2.0,0.27621483375959077,-0.6095670171677785,0,0,0,1
58,79,3,15,8,12,0.57,3.0,0.2765167148163434,0.4039232716722414,1,1,0,0
28,49,2,23,9,8,0.69,3.0,0.27621483375959077,0.4122022434535139,1,1,0,0
35,111,4,14,6,9,0.73,3.0,0.2765167148163434,-0.17671970382964045,0,1,0,0
31,172,2,16,8,10,0.99,1.0,0.27391304347826084,1.076312531184743,0,1,0,0
21,162,1,11,5,9,0.93,2.0,0.2723334021043945,0.5893439038062326,0,0,1,0
61,96,3,18,6,7,0.76,1.0,0.27391304347826084,-0.5206789496054552,0,1,0,0
22,130,3,19,9,8,0.72,1.0,0.27391304347826084,-0.30524088481510914,0,1,0,1
45,79,1,20,14,3,0.62,1.0,0.27391304347826084,0.32398561035857065,0,0,1,0
37,115,1,11,6,12,0.97,2.0,0.26641414141414144,-0.5306211076820727,1,0,0,1
34,122,2,12,8,14,0.55,2.0,0.2733843537414966,0.565837537498691,1,1,0,0
31,88,1,11,10,13,0.75,1.0,0.265988987717069,-0.22856799659970803,1,1,0,0
42,130,1,19,11,9,0.51,3.0,0.2765167148163434,-0.2060102624754372,0,0,1,0
36,65,1,16,16,12,0.88,2.0,0.2765167148163434,0.45777970789520694,0,1,0,1
22,55,1,10,9,7,0.74,1.0,0.2723334021043945,-0.3994819482687463,0,0,1,0
31,139,3,15,5,11,0.91,2.0,0.265988987717069,-0.26812103068270715,0,1,0,0
33,136,3,16,6,5,0.7,2.0,0.2723334021043945,0.11023537166053751,0,1,0,0
40,19,3,19,15,9,0.89,3.0,0.2655860349127182,0.03666709786311361,0,0,1,0
41,121,1,18,5,12,0.8,1.0,0.2765167148163434,1.1437824552325688,1,1,0,0
49,51,3,13,7,9,0.82,1.0,0.2723334021043945,0.49390165025040195,1,1,0,1
34,170,2,12,4,6,0.79,2.0,0.2767747230201067,0.8815287762028841,1,0,1,0
27,148,1,19,10,10,0.59,2.0,0.2641112047177759,1.2289807131989232,1,1,0,0
40,18,1,14,10,12,0.85,1.0,0.27391304347826084,-0.47013656607469556,1,0,1,0
29,134,1,15,11,7,0.68,3.0,0.2765167148163434,1.0710950541767537,0,0,1,0
56,88,1,15,6,5,0.83,3.0,0.2767747230201067,-0.48664523004330446,1,0,1,0
18,104,1,17,5,14,0.86,1.0,0.2733843537414966,0.8600243933989984,1,1,0,0
31,58,3,19,7,4,0.82,2.0,0.2767747230201067,-0.07772931951040724,0,1,0,0
25,123,1,14,7,11,0.74,2.0,0.27391304347826084,-0.3459211896093976,0,0,1,0
40,124,3,12,10,8,0.76,3.0,0.27391304347826084,0.9236751489167729,0,1,0,0
18,84,1,16,8,11,0.82,3.0,0.2770060128550695,-0.13172127461669716,1,1,0,0
34,51,4,18,7,7,0.77,2.0,0.2767747230201067,0.6059080073180197,0,0,0,1
23,101,1,16,5,15,0.6,1.0,0.2765167148163434,2.1388455639125517,1,1,0,0
29,47,2,12,7,9,0.92,3.0,0.27474402730375425,2.081628567380605,0,1,0,1
45,75,2,16,8,9,0.72,2.0,0.2723334021043945,-0.022659373286764116,1,1,0,0
31,108,3,14,9,8,0.84,1.0,0.27812113720642767,-0.1706644737247365,1,1,0,0
34,27,1,16,7,6,0.54,1.0,0.2723334021043945,1.8869556914851022,1,1,0,0
36,171,2,15,7,10,0.72,2.0,0.2641112047177759,-0.5390848779406058,0,1,0,0
23,19,3,18,7,13,0.99,3.0,0.2723334021043945,0.7030750466616155,0,0,1,0
40,98,1,11,11,6,0.8,1.0,0.2765167148163434,2.1388455639125517,1,1,0,1
32,2,1,21,17,7,0.55,2.0,0.27391304347826084,0.3130332206062622,1,0,1,0
55,94,2,7,6,18,0.81,2.0,0.2765167148163434,-0.5355121073802351,0,0,1,0
32,136,3,12,8,8,0.91,3.0,0.27391304347826084,-0.4911789526854299,0,1,0,1
43,123,4,18,9,5,0.91,2.0,0.265988987717069,-0.5980109523897523,1,1,0,0
35,104,2,19,9,12,0.95,3.0,0.2770060128550695,0.8022440695088673,0,1,0,0
26,10,1,16,7,6,0.78,2.0,0.2767747230201067,0.4533322245424698,1,0,0,0
50,17,3,15,12,6,0.67,3.0,0.2765167148163434,0.14195911025693148,1,0,1,1
26,124,1,14,5,7,0.59,3.0,0.27391304347826084,0.437550434584419,0,0,1,0
48,172,1,21,12,10,0.64,1.0,0.2627646326276463,2.1388455639125517,1,1,0,0
35,52,3,16,11,19,0.83,1.0,0.27391304347826084,-0.320745477057269,1,0,1,0
21,64,1,21,7,4,0.89,1.0,0.2723334021043945,-0.146862429853578,0,0,1,0
34,20,1,15,9,11,0.88,3.0,0.2641112047177759,-0.3734869624674293,0,0,0,0
59,15,3,9,4,11,0.94,2.0,0.2765167148163434,-0.059003073814671764,1,0,1,1
45,162,1,17,12,9,0.64,1.0,0.2641112047177759,-0.4949057219768509,1,1,0,1
33,36,1,14,7,7,0.65,2.0,0.2627646326276463,-0.4799432052679886,1,0,1,0
31,12,1,16,12,10,0.84,3.0,0.27474402730375425,0.8467497027824491,1,1,0,0
26,53,2,13,9,10,0.87,3.0,0.2767747230201067,-0.22904231269134342,0,1,0,0
31,15,1,18,9,10,0.84,2.0,0.2770060128550695,-0.11410381978452498,0,1,0,1
42,27,1,19,9,8,0.81,2.0,0.2765167148163434,-0.47472572825999915,1,0,1,1
37,140,3,9,5,13,0.88,1.0,0.27474402730375425,0.418978187619734,0,0,1,0
18,17,1,15,6,9,0.99,2.0,0.2733843537414966,-0.5247753158513974,0,1,0,0
54,33,2,14,6,5,0.54,1.0,0.2770060128550695,-0.2909867622690789,0,1,0,0
31,150,2,18,8,13,0.89,2.0,0.2733843537414966,-0.1723091801723554,0,1,0,1
47,36,1,8,6,4,0.87,2.0,0.2641112047177759,0.6038136245757335,1,1,0,1
38,42,2,16,5,9,0.59,2.0,0.2627646326276463,-0.3732652042947166,1,1,0,0
29,137,1,17,9,10,0.7,2.0,0.2719186785260483,0.2720202785529047,0,0,1,1
32,113,1,12,4,7,1.0,3.0,0.265988987717069,0.462196391501734,1,1,0,0
53,87,3,14,7,12,0.95,1.0,0.2770060128550695,-0.43947233874792874,1,1,0,0
36,163,4,11,8,10,0.71,2.0,0.2767747230201067,-0.008503809928606188,0,0,1,0
46,118,1,9,12,4,0.79,2.0,0.2723334021043945,-0.2923357911530809,1,0,0,0
43,145,3,18,7,12,0.82,3.0,0.27474402730375425,1.6835972871583538,1,0,1,0
24,42,1,18,7,11,0.63,1.0,0.2765167148163434,-0.244084908740352,1,0,1,1
29,38,1,12,2,14,0.57,2.0,0.2770060128550695,-0.18434572099125904,1,1,0,1
33,39,1,18,6,14,0.94,1.0,0.27391304347826084,2.06247728518717,1,1,0,0
24,63,2,14,8,9,0.69,1.0,0.27391304347826084,-0.16669746641287675,0,0,1,0
27,19,2,19,6,6,0.81,1.0,0.2641112047177759,0.06131305478042861,0,0,1,0
52,98,2,8,8,13,0.89,2.0,0.2641112047177759,-0.11549596831322109,0,0,1,0
39,56,2,9,1,15,0.75,3.0,0.265988987717069,0.615098651587111,0,1,0,0
38,35,2,11,8,11,0.8,3.0,0.2723334021043945,0.06895139184053123,1,0,1,0
50,99,2,17,6,13,0.99,1.0,0.27391304347826084,0.2259623380703343,0,0,0,0
47,128,1,11,15,16,0.53,1.0,0.2767747230201067,0.4705616025723948,0,1,0,0
32,90,2,10,5,8,0.55,1.0,0.27391304347826084,-0.4929776578640992,0,1,0,1
32,105,2,9,8,14,0.5,3.0,0.265988987717069,2.1388455639125517,1,1,0,0
18,71,1,13,10,7,0.55,1.0,0.2723334021043945,0.5314773406267133,1,0,1,1
19,54,2,17,10,12,0.99,2.0,0.265988987717069,-0.5174572961518797,1,0,1,1
46,155,1,19,9,11,0.71,1.0,0.2641112047177759,0.8098331269750337,1,1,0,0
38,100,3,5,5,17,0.6,3.0,0.2641112047177759,-0.46740770856048147,1,0,1,1
37,84,1,13,7,14,0.54,1.0,0.2723334021043945,0.07294919889860108,1,1,0,0
23,8,1,26,8,6,0.77,2.0,0.2765167148163434,0.19127566388852957,0,1,0,0
34,89,2,22,4,18,0.65,1.0,0.2655860349127182,0.17307301387836566,1,1,0,0
33,105,1,12,5,6,1.0,2.0,0.2767747230201067,-0.2256543406082334,0,1,0,0
43,51,3,21,9,11,0.84,1.0,0.2770060128550695,1.0568409316307235,1,1,0,1
46,119,4,9,13,17,0.87,1.0,0.2723334021043945,-0.5943396226415094,1,0,1,0
49,93,2,18,8,12,0.63,2.0,0.27812113720642767,0.060703219805468805,0,0,1,0
32,77,2,12,8,4,0.5,1.0,0.27474402730375425,-0.18116718718237762,1,1,0,0
39,35,2,11,6,5,0.73,2.0,0.2765167148163434,-0.5480968836816784,0,0,1,1
32,124,3,18,8,11,0.52,2.0,0.26641414141414144,-0.1257276440042134,1,0,1,0
44,168,2,10,9,9,0.72,1.0,0.26641414141414144,-0.5391218376360579,0,1,0,0
38,16,2,18,10,9,0.9,2.0,0.265988987717069,-0.15855401351492865,1,0,1,0
45,62,2,11,7,12,0.67,3.0,0.2765167148163434,-0.5625050049587591,1,0,0,0
42,80,1,16,6,11,0.96,2.0,0.2770060128550695,-0.6346441705320348,1,1,0,0
18,167,3,23,9,8,0.5,2.0,0.2770060128550695,-0.4768077911038013,0,1,0,0
40,56,4,12,8,9,0.75,2.0,0.2641112047177759,-0.19070894855826387,1,1,0,0
32,120,1,22,7,12,0.79,2.0,0.2767747230201067,-0.5162684259481702,0,1,0,0
27,20,1,14,5,11,0.53,2.0,0.2641112047177759,0.5141617233074,0,1,0,0
51,48,2,15,5,9,0.64,2.0,0.2765167148163434,-0.3863550964340054,0,1,0,0
22,36,3,18,10,6,0.83,2.0,0.27391304347826084,1.6990341199588515,0,1,0,1
48,70,2,11,4,11,0.51,1.0,0.2723334021043945,-0.394326070753177,0,0,1,0
36,19,3,14,11,8,0.86,2.0,0.2770060128550695,-0.07026346102908113,0,1,0,1
18,138,2,15,14,7,0.87,1.0,0.27391304347826084,-0.6292110953005747,0,1,0,1
38,35,2,16,7,11,0.72,3.0,0.2733843537414966,0.544253075354659,1,0,1,0
18,107,1,13,6,12,0.59,1.0,0.27391304347826084,-0.31173963126543836,1,1,0,1
47,76,1,13,5,6,0.71,1.0,0.2641112047177759,2.1388455639125517,0,0,1,0
34,148,1,18,8,12,0.86,2.0,0.2719186785260483,-0.6209814031132384,0,1,0,0
39,57,4,16,6,10,0.63,3.0,0.265988987717069,0.295070808616537,0,1,0,1
52,145,1,14,5,10,0.63,2.0,0.2641112047177759,-0.5600287053634678,1,1,0,0
27,40,4,16,8,8,0.98,2.0,0.2641112047177759,0.9170532034816034,1,0,1,0
38,82,3,15,8,4,0.93,2.0,0.2641112047177759,-0.009181404345228196,0,0,1,0
49,22,1,17,8,12,0.78,3.0,0.2765167148163434,-0.20137182069619747,1,1,0,0
41,101,3,27,10,12,0.52,1.0,0.2770060128550695,1.7351745421617726,0,0,0,0
37,56,1,20,9,9,0.98,1.0,0.2655860349127182,0.5207220692501494,0,0,1,1
26,97,3,16,7,10,0.68,2.0,0.2770060128550695,-0.04372639969446652,0,1,0,0
28,44,4,9,10,4,0.79,3.0,0.2627646326276463,-0.6250469696129703,1,1,0,0
44,122,1,15,8,13,0.84,3.0,0.27391304347826084,0.244091068689594,1,1,0,0
40,172,3,22,8,10,0.86,1.0,0.2765167148163434,0.3241642488865892,1,1,0,0
47,54,4,20,4,15,0.52,1.0,0.27812113720642767,-0.38894843506489507,1,1,0,1
28,114,1,15,5,13,0.94,1.0,0.27474402730375425,0.6588589310024086,0,0,1,0
25,66,1,17,6,10,0.79,1.0,0.27621483375959077,-0.47925329095288255,1,0,1,1
42,86,2,12,8,9,0.92,2.0,0.2767747230201067,-0.38235728937593555,1,1,0,0
41,27,2,13,8,9,0.75,1.0,0.27391304347826084,0.16480020204633514,0,1,0,1
25,41,3,14,8,6,0.91,2.0,0.2767747230201067,-0.5152212345770271,1,1,0,1
19,30,2,17,10,8,0.86,1.0,0.2765167148163434,-0.5595482293225904,1,0,1,1
32,174,4,13,8,9,0.5,2.0,0.2767747230201067,-0.6354018442888031,0,0,1,0
22,105,2,19,7,11,0.95,2.0,0.2770060128550695,0.2524070001663186,1,0,1,0
24,62,2,8,6,7,0.67,2.0,0.2723334021043945,-0.33320089442462997,0,1,0,0
27,32,4,16,8,9,0.51,1.0,0.2765167148163434,1.6146982548863797,1,0,1,0
35,119,1,14,7,7,0.58,1.0,0.2733843537414966,-0.40656588989706727,0,1,0,0
49,126,3,19,9,9,0.57,1.0,0.2765167148163434,-0.5898490196440781,0,0,1,0
39,107,2,17,14,8,0.99,2.0,0.2765167148163434,0.27763815226162536,1,0,1,0
27,12,2,9,9,7,0.97,1.0,0.265988987717069,-0.24245868214045915,0,0,1,1
30,151,2,15,7,7,0.93,3.0,0.2765167148163434,-0.42406014574439904,0,0,0,1
48,101,3,18,9,8,0.84,2.0,0.2641112047177759,-0.34686982179266845,0,0,1,0
21,140,2,13,4,9,0.88,1.0,0.2765167148163434,-0.00017555855339752,0,1,0,0
18,17,3,22,8,5,0.62,1.0,0.27391304347826084,0.4960514725358663,1,1,0,1
34,145,1,18,5,10,0.61,3.0,0.2770060128550695,0.8713279002581019,0,1,0,0
34,60,2,20,8,5,0.81,1.0,0.27474402730375425,-0.5961506477186628,1,0,1,1
33,92,2,15,8,11,0.8,3.0,0.2765167148163434,0.2326766827441342,1,0,1,0
39,101,2,18,7,17,0.52,1.0,0.2723334021043945,-0.2823135537363172,0,0,0,0
36,162,1,14,7,9,0.78,2.0,0.265988987717069,2.0859343719007755,0,0,0,0
40,102,1,11,7,10,0.54,3.0,0.2770060128550695,0.2379434393460598,0,0,1,1
35,6,2,14,11,10,0.72,2.0,0.2765167148163434,0.5793832658818892,0,1,0,1
48,74,1,13,5,12,0.85,3.0,0.2770060128550695,1.2568544835190558,0,0,1,1
32,68,1,12,8,16,0.77,2.0,0.2627646326276463,0.2875926302367269,0,0,1,0
46,111,2,19,10,9,0.56,2.0,0.2767747230201067,-0.4239307868103167,0,0,1,1
38,115,3,15,6,12,0.57,2.0,0.2733843537414966,0.5595235895256223,1,1,0,0
54,91,1,5,7,9,0.75,3.0,0.2733843537414966,-0.5407049445912566,1,0,1,0
43,102,1,12,3,7,0.93,2.0,0.265988987717069,1.0714215314865805,1,1,0,0
48,97,1,14,9,7,0.63,2.0,0.2765167148163434,-0.6063638435619291,0,1,0,1
27,90,3,21,9,8,0.66,1.0,0.2770060128550695,-0.16162166823745372,0,1,0,0
38,140,2,11,7,4,0.94,2.0,0.2765167148163434,-0.14359765675530833,1,1,0,0
41,119,1,12,9,8,0.85,1.0,0.2767747230201067,0.1041863015048756,1,1,0,0
36,58,1,19,12,9,0.81,1.0,0.2723334021043945,0.05485126802555147,1,1,0,0
39,85,3,11,9,5,0.55,2.0,0.2767747230201067,1.0555042226452054,0,0,1,0
25,103,2,16,8,10,0.88,2.0,0.2770060128550695,2.1388455639125517,0,0,1,1
37,130,2,14,12,16,0.93,2.0,0.265988987717069,0.14151559391150617,1,0,1,0
31,118,1,18,9,5,0.88,1.0,0.2765167148163434,-0.18528819322528783,1,1,0,0
38,7,1,14,4,6,0.89,2.0,0.2765167148163434,-0.33763605787888307,1,0,1,1
27,144,1,12,8,11,0.59,2.0,0.2767747230201067,-0.36342160540597146,0,0,1,0
18,83,4,16,10,11,0.51,1.0,0.27391304347826084,1.2076118492783618,0,1,0,1
26,131,1,15,8,10,0.94,2.0,0.2723334021043945,1.1019933595747171,0,0,1,0
29,13,3,18,12,7,0.68,1.0,0.27391304347826084,-0.009433962264150943,0,1,0,0
38,48,3,13,7,7,0.78,2.0,0.2719186785260483,-0.5777015997388182,0,0,1,0
27,148,2,13,15,11,0.61,2.0,0.27391304347826084,2.1388455639125517,0,1,0,1
53,37,2,18,10,10,0.6,1.0,0.2719186785260483,0.0392973961894554,0,1,0,0
34,27,1,12,8,3,0.65,1.0,0.2770060128550695,-0.489879203395364,0,0,1,1
46,156,1,20,8,10,0.71,2.0,0.27474402730375425,0.25395930737530725,0,0,1,0
37,3,1,16,14,8,0.62,1.0,0.2770060128550695,-0.45886385896180215,0,0,1,0
40,145,3,14,9,7,0.63,3.0,0.2770060128550695,-0.1566875488945971,0,0,1,0
33,107,2,13,6,7,0.77,2.0,0.27391304347826084,-0.3832751218129963,0,1,0,0
43,170,2,17,9,8,0.61,2.0,0.265988987717069,-0.5722931643043261,0,1,0,0
32,5,1,16,9,8,0.96,1.0,0.2719186785260483,-0.22817375984821886,1,1,0,1
39,147,3,10,6,12,0.67,1.0,0.2733843537414966,-0.5184983275737808,0,1,0,0
37,54,1,15,7,7,0.85,2.0,0.2765167148163434,-0.5252188321968227,0,1,0,1
32,92,1,15,11,10,0.74,2.0,0.27812113720642767,-0.49693234527747493,0,0,1,0
27,35,4,22,5,12,0.9,2.0,0.265988987717069,-0.32128139264132466,0,0,1,1
18,171,1,21,8,5,0.73,3.0,0.2723334021043945,1.4010157756300088,1,1,0,0
38,66,3,9,9,12,0.64,2.0,0.27474402730375425,-0.5519838116533919,0,1,0,0
27,32,3,13,6,8,0.95,2.0,0.27391304347826084,-0.43529589316184036,1,0,1,0
24,62,1,17,7,8,0.92,2.0,0.27474402730375425,-0.44359334479083895,0,1,0,0
53,49,2,11,8,10,0.71,2.0,0.27391304347826084,-0.34337097062320204,1,0,1,0
27,116,1,12,8,13,0.84,1.0,0.2723334021043945,0.4907107965430365,0,0,1,0
32,106,1,19,7,11,0.79,2.0,0.27474402730375425,-0.06694324838763328,0,0,0,0
27,161,3,14,6,14,0.59,2.0,0.27391304347826084,-0.2835209037877528,1,1,0,0
50,29,1,18,8,10,0.67,3.0,0.27391304347826084,0.1651944387978243,0,1,0,0
39,179,1,12,7,9,0.95,3.0,0.2723334021043945,-0.2854489679005045,1,0,1,1
29,37,1,10,4,8,0.83,3.0,0.2765167148163434,0.3888498758770228,1,0,0,1
45,134,2,11,10,9,0.66,3.0,0.27812113720642767,-0.588801828272935,0,1,0,0
36,42,2,14,8,11,0.76,2.0,0.2723334021043945,0.16520059874706633,1,1,0,1
32,25,3,4,6,6,0.69,1.0,0.2767747230201067,-0.525656188593006,1,1,0,0
41,118,1,9,10,14,0.59,2.0,0.2767747230201067,0.2841738584074067,1,0,1,0
42,146,1,19,7,18,0.7,1.0,0.27391304347826084,0.5224653348856405,1,0,0,0
39,129,1,16,7,12,0.98,3.0,0.2765167148163434,-0.33395240823215616,1,1,0,0
40,94,2,13,4,11,0.94,2.0,0.2765167148163434,-0.5876252779677096,0,0,1,0
45,116,3,15,8,10,0.78,1.0,0.2723334021043945,2.0006190748988226,0,1,0,0
40,31,1,17,8,8,0.86,3.0,0.2723334021043945,1.643804015054916,1,0,1,0
39,173,2,24,10,15,0.76,1.0,0.2733843537414966,0.5099051983811653,1,0,1,0
38,149,2,13,5,6,0.85,2.0,0.2641112047177759,0.031936256845243594,1,0,1,0
23,72,1,17,7,6,0.69,3.0,0.2627646326276463,2.1388455639125517,1,0,0,0
36,67,3,13,7,12,0.77,3.0,0.2655860349127182,-0.003859208200124431,0,1,0,0
29,72,2,19,7,8,0.94,3.0,0.2641112047177759,1.3497095583932388,1,1,0,1
44,179,2,12,8,11,0.69,1.0,0.2765167148163434,1.5259333863088969,0,1,0,0
43,42,1,9,7,8,0.6,2.0,0.2767747230201067,0.3713186603342388,0,0,1,0
47,62,3,6,4,11,0.5,1.0,0.2627646326276463,0.866307541625857,1,1,0,0
46,85,2,10,7,9,0.6,2.0,0.2770060128550695,-0.28894165912072883,1,1,0,0
26,59,2,13,12,14,0.53,2.0,0.2723334021043945,2.0692778691503584,0,0,0,1
25,83,2,14,13,9,0.62,2.0,0.2641112047177759,-0.3347039220396824,0,1,0,0
20,25,1,12,5,7,0.73,2.0,0.2770060128550695,2.1388455639125517,0,0,1,0
39,85,2,18,8,17,0.7,2.0,0.2655860349127182,-0.15896057016490184,1,0,1,1
22,84,2,12,6,13,0.63,2.0,0.265988987717069,0.017287897547724206,0,0,1,1
18,162,1,12,3,8,0.82,3.0,0.2641112047177759,-0.5969391212216412,1,1,0,0
55,21,3,19,5,5,0.94,2.0,0.2627646326276463,1.0520916107651272,1,1,0,0
35,79,2,15,6,5,0.65,2.0,0.2767747230201067,-0.3331824145769039,0,0,1,0
58,163,1,20,8,11,0.65,3.0,0.2655860349127182,-0.46142023789723974,0,1,0,0
36,98,3,14,3,7,0.82,2.0,0.26641414141414144,0.08477630144327611,0,1,0,0
37,84,2,18,8,11,0.93,2.0,0.26641414141414144,1.6035795465045368,1,0,1,0
23,177,2,21,15,10,0.61,2.0,0.27621483375959077,2.1388455639125517,1,1,0,0
46,101,3,12,3,13,0.56,1.0,0.2723334021043945,0.4604346460185168,1,1,0,0
38,53,1,12,5,10,0.59,3.0,0.2767747230201067,-0.28114316338033374,1,1,0,1
44,99,1,15,7,8,0.88,2.0,0.27812113720642767,0.443297667227222,0,1,0,1
40,153,2,14,10,7,0.63,2.0,0.27391304347826084,0.9734105790968283,0,0,0,0
47,82,1,19,8,7,0.78,2.0,0.2723334021043945,0.42064137391507894,1,0,1,0
37,21,2,15,5,11,0.7,3.0,0.2765167148163434,0.3985764357301696,1,1,0,1
23,97,2,17,7,15,0.83,2.0,0.2723334021043945,-0.35494551524895435,0,1,0,1
28,143,1,13,9,11,0.84,3.0,0.2765167148163434,-0.042691528221807454,1,0,1,0
18,40,2,19,11,9,0.67,2.0,0.2655860349127182,-0.42878482681302704,1,0,1,1
25,45,1,21,10,8,0.89,2.0,0.27391304347826084,-0.37444791454918414,1,1,0,0
52,152,1,9,6,16,0.6,1.0,0.2723334021043945,0.3001835664874121,1,0,1,0
39,18,3,20,11,15,0.86,1.0,0.27391304347826084,0.013499528763882985,0,0,1,0
32,5,2,16,14,14,0.7,3.0,0.27391304347826084,0.9157288143945694,1,0,1,1
30,12,2,17,8,9,0.62,3.0,0.2767747230201067,-0.09117032875649105,1,1,0,0
37,64,2,20,5,14,0.59,2.0,0.2723334021043945,-0.3383136522955051,1,1,0,1
24,116,1,10,15,7,0.85,2.0,0.2765167148163434,0.6480728598796346,0,0,1,1
35,13,1,11,13,9,0.89,1.0,0.2765167148163434,-0.4091284287817468,1,1,0,1
37,49,4,17,8,11,0.52,3.0,0.2765167148163434,0.6061667251861844,1,0,1,1
43,35,1,22,7,13,0.66,1.0,0.2733843537414966,-0.5061476293435342,1,0,1,0
31,134,2,16,10,9,0.63,1.0,0.2767747230201067,1.3371309420410376,0,0,1,0
37,35,3,11,4,13,0.62,1.0,0.27391304347826084,1.6381984612446794,1,1,0,0
40,160,2,8,10,8,0.55,2.0,0.2765167148163434,2.1388455639125517,0,1,0,0
34,94,2,16,6,9,0.79,1.0,0.2733843537414966,0.9147740222620565,1,1,0,0
31,127,1,14,7,14,0.71,2.0,0.2733843537414966,1.11039553034083,1,1,0,0
35,99,1,21,7,5,0.66,2.0,0.2641112047177759,-0.6229649067691683,1,0,1,0
26,71,2,17,7,12,0.56,3.0,0.2641112047177759,0.2026038105446011,0,1,0,0
37,5,3,17,11,11,0.59,1.0,0.27391304347826084,-0.3584874860631148,1,1,0,0
46,31,3,12,4,5,0.94,3.0,0.2770060128550695,-0.35279569296349,1,1,0,0
35,88,2,13,10,12,0.55,2.0,0.2765167148163434,0.2510394914345906,1,0,0,0
35,31,1,17,5,12,0.69,2.0,0.2765167148163434,-0.5166380229026912,0,0,0,1
27,54,2,15,10,8,0.51,1.0,0.2767747230201067,0.2737265844929438,1,0,1,0
34,118,3,17,10,10,0.82,3.0,0.27812113720642767,2.1388455639125517,1,0,1,0
28,23,2,14,10,11,0.54,2.0,0.2765167148163434,0.992543381442537,0,0,1,0
38,171,1,16,12,11,0.74,2.0,0.2770060128550695,0.02682965892361047,0,1,0,0
47,81,1,7,8,6,0.51,2.0,0.2641112047177759,0.9149773005870432,0,0,1,0
32,90,1,9,6,11,0.63,2.0,0.2770060128550695,-0.2554007354979395,1,0,1,0
30,152,1,14,11,13,0.58,2.0,0.2767747230201067,0.011559144752647238,0,1,0,0
47,112,3,10,8,8,0.97,3.0,0.27474402730375425,-0.4227111168603971,0,1,0,0
18,18,1,14,8,9,0.56,2.0,0.2723334021043945,1.102941991757988,0,0,1,0
30,52,1,16,3,7,0.71,2.0,0.2767747230201067,-0.2655584917980276,1,1,0,0
41,19,1,15,6,13,0.81,2.0,0.2765167148163434,0.48701482699782556,1,0,1,1
40,119,2,20,6,6,0.68,2.0,0.2641112047177759,1.2939989774484257,0,1,0,0
28,8,1,11,8,8,0.79,1.0,0.27474402730375425,-0.5977029549276514,1,1,0,0
18,58,1,18,9,10,0.68,2.0,0.2770060128550695,0.6788910859374518,1,0,1,0
33,39,3,16,6,14,0.97,2.0,0.27391304347826084,-0.34176938382027733,0,1,0,0
47,3,2,14,14,13,0.66,2.0,0.2767747230201067,-0.37316664510684433,1,1,0,1
49,47,1,12,11,6,0.86,2.0,0.27391304347826084,0.08611917037803608,0,0,1,1
52,63,2,14,9,12,0.89,1.0,0.2765167148163434,0.5180794510253236,1,1,0,0
40,77,1,13,9,12,0.77,1.0,0.2770060128550695,-0.19455891683452528,0,0,1,0
27,17,2,17,3,10,0.55,1.0,0.2765167148163434,0.2574273587985635,1,1,0,0
35,130,2,17,7,7,0.52,1.0,0.2719186785260483,0.5576571249052907,1,1,0,1
28,70,2,15,6,9,0.64,1.0,0.27391304347826084,0.45214335433876024,0,0,1,1
18,47,1,17,12,12,0.73,1.0,0.2723334021043945,-0.06406039214236875,0,1,0,1
18,64,1,18,12,10,0.92,1.0,0.2723334021043945,1.0546295098528389,1,1,0,0
45,165,3,14,9,11,0.51,2.0,0.2770060128550695,-0.32142923142313307,1,0,0,0
19,103,2,17,9,6,0.84,2.0,0.27391304347826084,0.3876733255717973,1,0,0,0
30,114,1,16,8,11,0.79,1.0,0.27391304347826084,-0.540526306063238,1,0,0,0
43,111,3,14,8,7,0.53,1.0,0.2770060128550695,-0.3768071751088771,1,0,0,1
38,47,3,8,6,10,0.56,2.0,0.2770060128550695,0.1175903510555073,0,0,1,0
42,94,2,6,10,8,0.95,2.0,0.2723334021043945,-0.22961518797085112,1,1,0,0
33,162,2,20,5,9,0.74,2.0,0.2641112047177759,-0.508784087619118,1,0,1,0
35,176,1,20,8,9,0.95,1.0,0.27391304347826084,1.4967906664449084,1,1,0,0
21,65,1,12,8,9,0.74,3.0,0.2770060128550695,-0.5256869883392161,1,1,0,0
34,129,1,12,5,11,0.87,2.0,0.2719186785260483,2.1388455639125517,0,0,1,0
43,178,4,9,5,8,0.91,2.0,0.2641112047177759,2.1388455639125517,0,0,1,0
35,141,1,13,8,13,0.9,2.0,0.27391304347826084,-0.5429471661153512,0,0,1,0
32,95,2,12,7,8,0.97,1.0,0.2765167148163434,0.14521156345671712,1,0,1,0
24,122,1,15,8,12,0.91,1.0,0.2655860349127182,0.5742273883663198,1,0,0,0
26,133,2,15,5,10,0.96,1.0,0.27391304347826084,0.2576675968190022,0,1,0,0
19,150,3,19,7,10,0.62,2.0,0.2641112047177759,0.09751507647576985,0,1,0,0
45,59,1,18,8,12,0.86,2.0,0.2641112047177759,-0.5301837512858895,0,1,0,0
24,167,1,17,8,10,0.84,2.0,0.27474402730375425,-0.6283856621021443,1,1,0,0
32,175,2,18,9,6,0.74,2.0,0.27391304347826084,-0.011811702671569986,1,1,0,0
18,31,1,13,5,11,0.93,2.0,0.2723334021043945,0.5123568581794886,1,1,0,1
32,119,2,17,13,7,0.93,2.0,0.2733843537414966,0.39494822562662085,0,1,0,0
18,36,4,7,6,10,0.54,1.0,0.2770060128550695,1.7030257670676794,1,0,1,1
51,24,1,14,7,7,0.56,2.0,0.2767747230201067,-0.08085241377611048,0,1,0,1
35,117,4,16,9,10,0.51,2.0,0.26641414141414144,0.05183905284620455,0,1,0,1
36,92,1,17,10,8,0.61,1.0,0.2723334021043945,0.4042743887790365,1,1,0,0
48,53,1,17,9,8,0.56,2.0,0.265988987717069,1.43993433494108,0,1,0,0
28,126,2,16,3,9,0.54,3.0,0.2733843537414966,1.51413092356119,0,1,0,0
41,128,1,14,4,12,0.82,2.0,0.2719186785260483,-0.6327653860132193,0,1,0,1
36,109,1,21,11,14,0.73,1.0,0.2770060128550695,2.1388455639125517,1,0,1,0
39,72,2,16,7,7,0.73,1.0,0.27391304347826084,-0.5628191623701021,1,1,0,0
18,159,3,16,7,9,0.59,2.0,0.2765167148163434,-0.14377629528332686,1,0,1,0
45,67,3,21,4,9,0.57,1.0,0.2767747230201067,-0.21173901527051417,1,0,1,1
44,59,2,15,6,6,0.87,1.0,0.265988987717069,-0.3021362703971319,1,0,1,0
56,92,2,12,9,7,0.63,2.0,0.27391304347826084,1.7142738343836046,1,0,1,0
33,114,2,14,12,14,0.6,2.0,0.27391304347826084,0.22039990390479183,0,0,1,0
38,109,1,14,9,9,0.6,3.0,0.2767747230201067,0.033507043901958244,0,1,0,1
35,21,2,16,4,10,0.54,2.0,0.27474402730375425,-0.25272115757766156,1,0,0,0
52,133,3,23,7,12,0.9,1.0,0.2770060128550695,-0.32344353482527305,0,1,0,0
20,42,4,13,9,4,0.89,2.0,0.27391304347826084,0.05225176944541977,0,1,0,1
27,111,2,23,6,11,0.51,2.0,0.2719186785260483,0.49457924466702397,0,0,0,0
34,165,1,12,7,14,0.81,2.0,0.2733843537414966,2.1388455639125517,0,0,0,0
18,94,3,6,8,15,0.73,2.0,0.27391304347826084,-0.2324179648759694,0,1,0,0
34,65,2,12,8,9,0.88,1.0,0.2627646326276463,0.23159869162678098,1,1,0,0
37,13,1,13,11,10,0.56,3.0,0.2767747230201067,2.1388455639125517,1,1,0,0
44,104,1,20,8,8,0.86,2.0,0.2765167148163434,-0.4394415390017186,1,1,0,0
47,8,2,14,11,7,0.58,2.0,0.2765167148163434,-0.26882326489629726,1,0,1,1
18,116,1,20,5,7,0.63,2.0,0.2723334021043945,1.486848508368291,0,1,0,0
51,170,1,11,10,13,0.94,1.0,0.2765167148163434,0.7817191186344624,0,0,1,0
30,84,4,15,7,11,0.52,1.0,0.2733843537414966,0.108036269781137,0,1,0,0
28,173,1,16,6,10,0.77,2.0,0.2770060128550695,-0.012557056529854194,1,1,0,1
41,172,3,20,8,13,0.68,2.0,0.26641414141414144,-0.15971824392167008,0,1,0,1
33,173,3,24,8,10,0.89,1.0,0.2723334021043945,2.1388455639125517,1,0,1,0
38,62,4,16,8,11,0.71,1.0,0.2767747230201067,-0.36705597545876223,0,0,1,0
29,165,1,14,14,7,0.84,3.0,0.2767747230201067,-0.47324734044191474,0,0,1,0
32,124,3,15,8,9,0.72,2.0,0.2767747230201067,0.4541884574871103,1,0,0,1
47,34,1,15,11,8,0.71,3.0,0.2641112047177759,0.02313984932764154,0,1,0,1
34,79,1,11,8,8,0.82,2.0,0.2719186785260483,0.6849709558393239,1,0,1,1
31,136,1,16,12,4,0.74,2.0,0.2770060128550695,-0.5838861887778045,0,1,0,0
32,69,2,12,11,8,0.85,3.0,0.27391304347826084,2.1388455639125517,0,0,1,0
37,47,4,12,8,10,0.85,1.0,0.2733843537414966,0.06725740579897621,0,0,0,0
25,168,2,13,4,11,0.65,1.0,0.2723334021043945,0.5116115043212044,0,1,0,0
46,99,1,11,14,16,0.73,2.0,0.265988987717069,-0.06404191229464269,0,0,1,1
31,150,2,16,18,6,0.81,3.0,0.2767747230201067,0.1861875458146225,1,1,0,0
31,83,1,12,3,9,0.93,2.0,0.2641112047177759,0.01734949704014439,0,1,0,0
32,124,2,19,5,9,0.54,1.0,0.2765167148163434,0.14660987193465524,0,0,0,0
24,49,3,14,5,9,0.51,2.0,0.27812113720642767,-0.51083535071671,0,0,1,0
43,105,3,10,7,7,0.68,1.0,0.265988987717069,0.854153961771355,0,1,0,0
25,154,1,9,8,8,0.54,3.0,0.2723334021043945,0.9636162598020193,0,0,1,0
46,113,1,20,5,14,0.53,2.0,0.2733843537414966,-0.619176537985327,0,1,0,0
23,66,2,12,9,9,0.94,3.0,0.2767747230201067,0.23854711437177759,1,1,0,1
18,42,2,15,12,9,0.66,2.0,0.27391304347826084,0.4424660740795496,1,1,0,0
33,111,3,12,8,7,0.75,2.0,0.2655860349127182,1.5495752714997628,1,0,1,0
31,108,4,16,11,8,0.96,1.0,0.2765167148163434,-0.6289831771786201,0,1,0,0
34,164,1,10,4,14,0.95,3.0,0.2765167148163434,-0.3663537412451721,0,0,1,0
33,81,2,15,7,21,0.76,2.0,0.2719186785260483,0.3327820178761727,0,0,1,0
19,46,2,19,13,11,0.57,1.0,0.2770060128550695,-0.5962368870080511,0,1,0,1
29,49,1,11,4,7,0.6,1.0,0.27474402730375425,0.840996310190404,1,0,1,0
44,96,1,13,14,9,0.8,3.0,0.2723334021043945,0.03295264847017661,0,1,0,0
43,65,2,16,6,12,0.79,2.0,0.27391304347826084,-0.6087600638170741,0,1,0,1
25,56,1,16,12,11,0.89,1.0,0.27391304347826084,2.1388455639125517,1,1,0,0
34,74,1,20,9,9,0.62,2.0,0.265988987717069,0.6368617522591614,1,0,0,1
42,132,2,16,9,8,0.57,2.0,0.2719186785260483,0.11274247100203895,0,0,1,0
38,106,2,21,8,8,0.95,2.0,0.2627646326276463,-0.5450908284515735,0,1,0,0
24,129,2,12,6,8,0.7,2.0,0.2767747230201067,0.47580987932659435,1,0,0,1
22,140,2,13,5,10,0.72,1.0,0.2723334021043945,1.6307264428141113,0,1,0,0
40,56,2,15,3,13,0.95,1.0,0.2767747230201067,-0.5269251381368617,0,1,0,0
35,121,3,15,13,8,0.99,3.0,0.265988987717069,0.10491317551543375,0,1,0,0
44,70,3,16,6,7,0.71,2.0,0.2719186785260483,-0.23833767609754897,1,0,0,0
32,28,1,13,12,11,0.79,1.0,0.2733843537414966,0.7031489660525198,1,1,0,0
40,69,2,18,7,10,0.7,1.0,0.2719186785260483,-0.5807569345628592,0,1,0,1
38,25,3,12,11,12,0.57,1.0,0.2719186785260483,0.4588761788602862,1,1,0,0
46,141,2,11,7,6,0.58,1.0,0.2765167148163434,-0.08942090317175787,1,0,0,0
28,35,3,16,9,7,0.81,1.0,0.27474402730375425,-0.47297014272602395,1,0,1,1
46,94,2,17,3,11,0.78,2.0,0.2723334021043945,0.7082247642279428,1,0,1,0
18,25,1,18,8,7,0.73,1.0,0.2733843537414966,0.14268598426748963,0,1,0,0
37,151,1,11,8,9,0.98,1.0,0.2733843537414966,0.19276637160509796,1,0,1,0
45,72,3,17,6,9,0.81,2.0,0.27391304347826084,0.193450125970962,0,1,0,0
26,17,3,18,8,7,0.8,3.0,0.2733843537414966,0.27852518495247597,1,0,0,0
21,100,1,13,9,6,0.95,2.0,0.2641112047177759,-0.1559421950363129,0,1,0,0
30,95,2,16,4,11,0.91,2.0,0.27391304347826084,-0.35960859682516216,1,0,1,0
52,32,2,12,10,7,0.91,1.0,0.27812113720642767,0.30413825390078786,1,0,1,1
31,43,4,14,9,10,0.58,2.0,0.2733843537414966,-0.5920727613204467,0,0,1,1
39,140,1,21,7,9,0.5,1.0,0.2765167148163434,2.1388455639125517,0,0,1,0
20,52,3,11,7,9,0.92,1.0,0.2765167148163434,-0.12468661258231233,0,0,1,0
42,29,4,15,12,8,0.58,3.0,0.2765167148163434,-0.25395930737530725,0,0,1,0
40,71,2,13,5,12,0.66,1.0,0.2767747230201067,-0.3440855247352762,1,1,0,1
40,157,3,14,10,5,0.72,3.0,0.265988987717069,1.398773554105914,0,1,0,0
27,100,3,17,12,6,0.91,2.0,0.265988987717069,1.3819507327259624,1,1,0,0
22,143,2,17,7,8,0.63,2.0,0.27812113720642767,-0.33991523909842986,1,0,1,0
38,103,2,15,9,7,0.91,2.0,0.2733843537414966,-0.23934790777323994,1,1,0,0
42,151,1,17,6,8,0.85,2.0,0.2719186785260483,-0.5716278897861882,0,1,0,0
42,18,1,23,12,9,0.84,1.0,0.2767747230201067,0.325796635435724,1,1,0,1
50,108,2,12,8,10,0.91,1.0,0.2770060128550695,1.6342191340343355,1,1,0,0
44,99,3,18,8,12,0.69,2.0,0.2770060128550695,0.6973154941203284,1,0,0,0
31,108,1,16,6,6,0.96,2.0,0.2770060128550695,-0.4863064328349934,0,0,1,0
30,5,3,15,10,7,0.97,2.0,0.2723334021043945,-0.20139646049316554,0,0,1,0
18,58,2,10,7,6,0.74,1.0,0.27391304347826084,1.7428806386635374,0,1,0,1
29,58,1,17,12,9,0.97,1.0,0.2719186785260483,-0.20709441354203242,1,0,1,0
43,111,2,16,6,12,0.52,3.0,0.265988987717069,1.1013650447520313,1,0,0,0
34,161,4,18,4,8,0.65,1.0,0.2641112047177759,0.20029382957884426,0,1,0,0
43,88,3,11,7,12,0.75,1.0,0.265988987717069,-0.5341815583439592,1,0,1,0
45,159,2,19,7,13,0.72,1.0,0.2765167148163434,-0.40718804477051107,1,0,1,0
44,65,3,19,7,6,0.81,2.0,0.2770060128550695,2.1388455639125517,0,1,0,0
56,50,2,6,6,6,0.9,2.0,0.2770060128550695,-0.29711591176488705,0,0,1,1
43,140,3,8,9,6,0.81,3.0,0.2767747230201067,0.319729085432336,0,1,0,0
28,76,3,15,11,14,0.58,2.0,0.2767747230201067,-0.25074997382021574,1,1,0,0
51,171,2,9,13,7,0.56,1.0,0.2767747230201067,-0.08076617448672223,1,0,0,0
35,136,2,18,8,9,0.87,1.0,0.27391304347826084,0.05376095700971424,0,0,1,0
46,146,1,19,14,7,0.66,3.0,0.27391304347826084,1.1448912460961322,0,0,1,0
32,164,2,18,7,15,0.57,1.0,0.2723334021043945,-0.09553773276908198,0,0,0,0
28,177,1,14,8,4,0.89,1.0,0.2767747230201067,-0.057241328331454545,1,0,1,0
43,35,1,16,5,11,0.83,2.0,0.2641112047177759,1.2443805863039687,0,0,1,1
18,32,3,17,6,17,0.63,3.0,0.2641112047177759,-0.4870702665410037,0,1,0,1
35,59,3,9,5,14,0.77,1.0,0.2765167148163434,0.5902678961925354,1,1,0,1
18,163,2,20,10,6,0.61,3.0,0.2655860349127182,1.0596683483328098,1,0,1,0
46,154,1,13,6,3,0.7,1.0,0.2767747230201067,0.22266060527661252,0,1,0,0
29,145,3,14,5,18,0.68,3.0,0.2627646326276463,0.6126839514842398,0,1,0,0
31,151,3,17,8,10,0.71,2.0,0.27474402730375425,-0.43338014894757265,0,0,1,0
43,132,1,24,5,11,0.67,2.0,0.2641112047177759,-0.334919520263153,0,0,1,0
20,88,2,18,12,6,0.58,2.0,0.2770060128550695,-0.10079216947252355,1,1,0,0
20,174,3,13,6,13,0.9,1.0,0.2767747230201067,-0.18454899931624563,1,0,1,0
36,177,2,13,5,10,0.86,2.0,0.27474402730375425,-0.1639439691016946,0,1,0,0
31,121,1,12,8,10,0.92,3.0,0.27391304347826084,-0.43657716260418017,0,0,1,0
42,152,1,16,10,6,0.7,2.0,0.2733843537414966,2.1388455639125517,1,0,1,0
39,88,1,15,7,10,0.63,3.0,0.2765167148163434,0.21791128441101645,1,0,1,1
40,173,1,16,11,15,0.95,3.0,0.2765167148163434,0.31690166873024966,1,0,0,0
21,81,1,11,6,12,0.8,2.0,0.27621483375959077,-0.510441113965221,1,1,0,1
52,35,2,14,11,13,0.99,1.0,0.2765167148163434,-0.5637000351117106,0,1,0,0
18,159,2,16,6,8,0.9,3.0,0.2723334021043945,-0.4407228084440584,0,0,1,1
42,150,1,21,8,7,0.67,1.0,0.2765167148163434,-0.01520583470392204,1,0,1,0
24,123,2,19,3,6,0.82,3.0,0.2770060128550695,-0.07343583488872052,0,1,0,0
22,178,2,19,11,16,0.97,2.0,0.2765167148163434,-0.5959720091906443,0,0,0,0
39,152,3,17,9,10,0.85,1.0,0.265988987717069,0.04053554598710107,1,0,1,0
33,138,2,12,10,11,0.59,3.0,0.27621483375959077,-0.22708960878162365,1,0,1,0
28,179,3,13,8,13,0.8,1.0,0.26641414141414144,1.562431085567855,0,0,1,0
23,160,1,16,9,9,0.82,1.0,0.2733843537414966,-0.1903085518575327,0,1,0,0
38,52,2,13,9,9,0.99,2.0,0.2723334021043945,0.8333394932825754,1,1,0,0
37,103,2,22,7,12,0.96,3.0,0.27474402730375425,-0.41034809873166644,0,1,0,0
38,120,3,17,6,10,0.71,2.0,0.2641112047177759,0.5479983244938061,0,1,0,0
40,106,3,9,7,9,0.94,3.0,0.27474402730375425,0.19447267754513703,0,0,1,0
36,68,3,16,7,10,0.99,3.0,0.27391304347826084,-0.19704753632830066,0,0,0,1
31,34,2,15,7,12,0.66,3.0,0.2765167148163434,0.9280363929801219,1,1,0,0
27,10,2,17,10,8,0.6,2.0,0.27391304347826084,1.4001533827361263,1,1,0,0
49,54,2,8,10,10,0.61,2.0,0.2719186785260483,0.881165339197605,1,1,0,0
51,70,2,19,7,9,0.61,2.0,0.2765167148163434,0.4333062295566685,1,0,1,1
44,36,2,8,12,12,0.87,2.0,0.2719186785260483,0.8891239936182926,0,0,1,1
20,78,1,17,7,9,0.92,1.0,0.2641112047177759,-0.6146736150894117,1,0,1,0
40,73,2,12,6,15,0.56,1.0,0.2770060128550695,0.36684037723529156,1,0,0,0
44,136,4,15,4,7,0.86,2.0,0.2723334021043945,0.30171123389943266,1,1,0,1
31,61,4,15,7,14,0.89,1.0,0.2770060128550695,0.10217815805197765,0,0,1,0
18,51,4,11,11,12,0.84,2.0,0.2733843537414966,-0.15137767264797738,0,1,0,0
46,29,1,15,4,13,0.96,1.0,0.2641112047177759,0.18439500058519517,1,1,0,0
32,12,2,12,8,14,0.91,2.0,0.27391304347826084,2.1116090403415075,1,1,0,0
38,10,1,13,4,15,0.82,2.0,0.2733843537414966,0.5242825199120359,1,1,0,1
27,145,1,18,11,13,0.53,1.0,0.27474402730375425,-0.10392758363671083,0,1,0,0
45,177,3,12,12,9,0.8,2.0,0.2770060128550695,-0.5352410696135864,1,0,1,0
59,105,1,13,10,10,0.94,1.0,0.2770060128550695,0.752514799278054,1,1,0,0
40,2,4,13,6,6,0.52,3.0,0.26641414141414144,-0.2632361909337867,0,1,0,0
18,23,3,11,5,14,0.96,3.0,0.2733843537414966,-0.15312093828346854,1,0,1,1
18,132,1,12,8,14,0.67,3.0,0.27391304347826084,-0.5275164932640956,0,0,1,0
36,51,2,21,10,14,0.65,2.0,0.265988987717069,-0.22334435964247654,0,0,1,0
31,162,1,17,10,7,0.95,2.0,0.2767747230201067,-0.12559828507013102,0,0,1,1
38,97,1,15,8,8,0.6,3.0,0.265988987717069,-0.39329735922975995,1,1,0,0
39,6,3,17,12,11,0.54,2.0,0.2770060128550695,-0.26325467078151277,1,1,0,0
36,39,3,9,15,7,0.88,1.0,0.2627646326276463,1.4805592001921903,1,0,1,0
39,105,2,9,8,5,0.78,2.0,0.2767747230201067,-0.604996334830201,1,1,0,0
55,163,1,14,2,11,0.97,2.0,0.2641112047177759,-0.3214846709663112,1,0,1,1
26,130,2,13,11,6,0.76,3.0,0.2770060128550695,-0.13232494964241495,0,1,0,0
20,31,1,14,7,10,0.75,1.0,0.2723334021043945,-0.021692261255767252,0,1,0,0
33,99,2,13,7,5,0.76,2.0,0.2770060128550695,-0.6203530882905525,1,0,1,1
39,129,3,20,12,12,0.53,3.0,0.2655860349127182,-0.5758905746616648,0,0,1,0
37,36,4,15,10,8,0.94,1.0,0.2723334021043945,0.3230246582768158,0,0,1,0
18,56,3,16,4,11,0.84,1.0,0.2770060128550695,-0.5986331072631962,1,1,0,1
37,173,3,24,11,6,0.63,1.0,0.2770060128550695,-0.07381775174172565,0,0,1,0
24,80,1,11,11,11,0.52,2.0,0.2723334021043945,1.3466234238229877,0,1,0,0
18,168,2,18,9,12,1.0,2.0,0.2770060128550695,0.8215185506871423,0,1,0,0
43,106,3,20,3,13,0.95,1.0,0.265988987717069,1.5426453286024924,0,0,1,0
44,73,2,15,8,8,0.62,1.0,0.27474402730375425,-0.6084951859996673,0,1,0,1
40,150,2,20,8,17,0.75,2.0,0.2733843537414966,0.5535915584055587,1,1,0,0
37,118,1,15,12,9,0.87,2.0,0.2723334021043945,0.8265573891671133,0,1,0,0
28,18,3,15,8,11,0.8,1.0,0.2767747230201067,1.4202471371635899,0,0,1,0
46,18,2,11,6,18,0.88,1.0,0.2723334021043945,0.5067821041154621,0,1,0,0
64,59,2,10,7,12,0.67,2.0,0.27621483375959077,0.49730194223199603,1,1,0,0
41,111,3,11,6,9,0.76,1.0,0.2723334021043945,-0.5757981754230345,1,1,0,0
28,21,3,22,10,7,0.67,3.0,0.27391304347826084,-0.4088697109135821,0,0,0,0
40,132,1,11,10,11,0.58,1.0,0.2767747230201067,-0.13441317243545914,0,1,0,0
30,111,4,15,11,11,0.84,3.0,0.2767747230201067,0.058966114119219655,0,0,1,0
29,164,1,10,9,15,0.8,3.0,0.2733843537414966,1.8388156881587296,0,1,0,1
27,71,1,9,8,8,0.58,1.0,0.26641414141414144,2.1388455639125517,0,0,1,0
39,123,2,14,18,14,0.91,2.0,0.2770060128550695,-0.572256204608874,1,1,0,1
45,145,1,19,10,13,0.83,1.0,0.2723334021043945,-0.515547711886854,1,0,1,1
38,55,4,14,4,11,0.52,2.0,0.2770060128550695,-0.43330006960742645,1,0,1,1
42,56,1,19,12,9,0.7,1.0,0.265988987717069,0.6382785405848256,0,1,0,0
23,17,4,12,7,14,0.93,2.0,0.2723334021043945,-0.4998644811166756,0,1,0,0
48,171,2,13,9,11,0.51,1.0,0.2770060128550695,0.7166269349940556,1,1,0,0
30,150,1,18,5,12,0.82,1.0,0.2767747230201067,-0.3981637191309544,0,0,1,0
30,132,1,13,16,5,0.9,1.0,0.2733843537414966,-0.5614947732830682,1,1,0,0
36,23,1,14,4,13,0.53,2.0,0.2767747230201067,-0.5247321962067033,0,0,1,1
29,95,1,14,7,12,0.76,3.0,0.2765167148163434,-0.04624581893445198,1,1,0,0
29,57,2,14,9,8,0.74,1.0,0.2770060128550695,-0.4688614565815978,1,0,1,0
28,131,4,11,7,11,0.52,3.0,0.2723334021043945,0.087104762256759,1,1,0,0
38,23,3,19,8,14,0.54,2.0,0.2641112047177759,-0.10497477500785393,1,1,0,1
50,94,1,9,7,10,0.52,2.0,0.27474402730375425,0.4173150013243891,1,0,1,0
29,10,1,18,11,8,0.85,1.0,0.2765167148163434,0.8339123685620831,0,0,1,0
18,31,2,16,11,4,0.55,2.0,0.2719186785260483,-0.1569277869150358,0,0,1,1
31,65,2,15,12,13,0.59,1.0,0.27474402730375425,-0.22295012289098737,0,1,0,0
39,150,1,16,4,12,0.51,1.0,0.2733843537414966,1.206595457653429,1,1,0,0
28,156,1,15,2,5,0.98,1.0,0.27391304347826084,-0.44271863199847233,1,0,1,0
49,170,1,18,7,10,0.78,1.0,0.2767747230201067,-0.6231620251449128,1,1,0,0
39,134,1,19,7,12,0.63,2.0,0.2765167148163434,-0.16752905956054923,0,0,1,0
50,171,2,17,11,8,0.56,1.0,0.2719186785260483,1.7276470841880263,0,0,0,0
36,178,2,17,7,8,0.57,1.0,0.27391304347826084,0.05595389893987274,1,0,0,0
37,48,4,13,11,12,0.56,1.0,0.2723334021043945,0.9279563136399757,0,0,1,0
21,43,1,25,7,13,0.71,3.0,0.27391304347826084,-0.5461749795181687,1,0,0,1
28,99,1,15,8,12,0.59,2.0,0.27812113720642767,0.13774570497539101,0,0,1,1
52,79,4,18,13,5,0.82,2.0,0.2770060128550695,-0.2079321666389469,1,0,1,0
45,8,1,15,8,8,0.65,3.0,0.2733843537414966,-0.22443467065831377,0,1,0,0
49,10,1,7,9,17,0.67,1.0,0.2719186785260483,-0.5740056301936072,1,1,0,0
35,152,3,18,5,12,0.75,2.0,0.265988987717069,0.29579152267785314,1,0,1,1
29,140,3,16,14,13,0.98,3.0,0.2770060128550695,0.23228244599264503,1,1,0,0
32,129,1,14,10,9,0.63,2.0,0.27391304347826084,-0.25679288402663564,0,0,1,0
47,139,2,11,4,12,0.98,2.0,0.265988987717069,0.49370453187465735,0,1,0,0
27,31,2,20,11,9,0.98,1.0,0.27474402730375425,-0.003970087286480759,0,1,0,1
40,66,2,15,13,14,0.58,2.0,0.26641414141414144,2.1388455639125517,1,1,0,1
38,143,4,17,7,17,0.81,2.0,0.27474402730375425,0.2721434775377451,0,1,0,0
35,154,1,13,6,8,0.82,2.0,0.2767747230201067,-0.17790857403334998,0,0,1,0
34,86,4,16,11,12,0.89,2.0,0.27474402730375425,-0.4053770196933577,1,1,0,0
37,80,1,18,9,11,0.87,2.0,0.2767747230201067,0.11244063348918006,0,1,0,1
46,143,2,9,5,9,0.98,3.0,0.2719186785260483,2.1388455639125517,1,1,0,1
46,98,4,23,10,12,0.73,2.0,0.265988987717069,-0.06739908463154264,1,1,0,1
34,10,1,14,9,11,0.59,2.0,0.2641112047177759,-0.3414305866119663,1,0,1,0
44,37,4,15,10,10,0.92,3.0,0.2627646326276463,0.7406753768348949,0,0,1,0
28,80,1,12,5,8,0.62,2.0,0.265988987717069,-0.222826923906147,0,1,0,0
20,35,2,17,11,8,0.54,2.0,0.2723334021043945,1.2818084378984718,1,0,1,0
46,71,1,14,9,9,0.86,1.0,0.27391304347826084,-0.5323335735713538,1,0,1,1
42,43,1,18,7,12,0.58,2.0,0.265988987717069,-0.5159912282322794,1,1,0,1
32,21,4,9,7,11,0.87,3.0,0.27812113720642767,-0.6208951638238501,1,1,0,0
46,36,2,16,5,9,0.94,3.0,0.2767747230201067,0.06911771047006572,1,1,0,0
42,114,3,16,7,14,0.85,1.0,0.27391304347826084,0.22303020223113362,1,1,0,0
30,44,3,10,16,7,0.94,3.0,0.2767747230201067,1.5075459378214724,0,1,0,0
43,172,1,15,14,10,0.67,1.0,0.2770060128550695,2.1388455639125517,1,0,1,1
37,178,1,15,12,8,0.73,2.0,0.2767747230201067,2.1388455639125517,1,1,0,0
30,114,2,16,9,14,0.9,1.0,0.2641112047177759,-0.5048909996981625,0,0,1,0
47,93,2,12,11,17,0.56,1.0,0.2767747230201067,-0.45501389068554077,1,0,1,0
57,86,3,17,7,9,0.74,2.0,0.2765167148163434,0.6432988992170704,1,1,0,1
50,104,3,18,6,9,0.95,1.0,0.2723334021043945,-0.5776892798403341,0,1,0,0
25,62,2,14,14,6,0.87,1.0,0.2770060128550695,0.6527051417096323,1,0,1,1
33,4,4,14,18,11,0.54,3.0,0.2765167148163434,1.2996168511571464,0,0,0,0
40,70,2,9,8,8,1.0,2.0,0.2723334021043945,0.16031575899814585,1,1,0,0
57,119,1,11,16,9,0.86,1.0,0.2733843537414966,-0.5423003714449393,0,0,1,1
22,164,1,22,7,12,0.64,1.0,0.2767747230201067,0.5582423200832826,0,1,0,0
40,36,4,10,4,14,0.68,2.0,0.2765167148163434,0.04367712010053037,0,1,0,0
47,47,4,16,3,13,0.76,1.0,0.2733843537414966,0.02180314034212358,1,1,0,1
58,95,3,16,7,7,0.77,2.0,0.27474402730375425,-0.34285969483611456,1,1,0,0
34,148,1,9,5,7,0.77,2.0,0.2655860349127182,1.17183486408072,0,0,1,0
27,135,1,20,11,3,0.79,1.0,0.2733843537414966,0.4130707962966385,1,0,1,0
31,27,2,17,9,9,0.95,2.0,0.2723334021043945,1.100613530944505,1,1,0,1
32,139,3,13,10,7,0.64,2.0,0.27391304347826084,-0.34532983448216387,0,0,0,0
21,116,3,21,10,8,0.98,1.0,0.2765167148163434,-0.5173833767609755,1,1,0,1
19,9,3,12,8,11,0.82,2.0,0.27391304347826084,0.19245221419375505,1,1,0,1
29,79,1,17,11,15,0.73,1.0,0.2770060128550695,-0.451373360683508,0,1,0,0
30,89,4,12,7,5,0.96,1.0,0.2770060128550695,-0.6126839514842398,0,0,0,0
25,29,1,17,8,10,0.71,2.0,0.2767747230201067,0.07724884346952982,0,0,1,0
38,54,2,6,10,9,0.71,1.0,0.27391304347826084,-0.43054041234700224,0,1,0,1
22,121,1,10,10,7,0.71,2.0,0.2770060128550695,-0.4069108470546203,1,0,1,0
25,152,1,17,10,5,0.51,2.0,0.2767747230201067,-0.5358077849438521,0,0,0,0
30,134,1,16,4,6,0.73,3.0,0.2767747230201067,-0.46932961272399115,0,0,1,0
52,84,1,17,6,1,0.57,3.0,0.2733843537414966,-0.49927928593868387,0,0,1,0
36,13,4,10,8,7,0.84,1.0,0.2719186785260483,-0.11560068745033542,1,0,1,0
25,124,2,13,6,9,0.66,2.0,0.265988987717069,-0.20827712379649993,1,0,1,0
37,134,2,12,5,8,0.58,2.0,0.27812113720642767,0.4277869150358201,0,1,0,0
18,74,1,16,8,9,0.65,3.0,0.2641112047177759,-0.5415796573836231,1,1,0,0
53,14,1,12,3,16,0.95,3.0,0.27391304347826084,2.006772864191599,0,0,1,0
41,21,1,14,8,12,0.63,3.0,0.2719186785260483,-0.2744164988080498,1,1,0,0
18,50,2,10,7,16,0.69,1.0,0.27474402730375425,2.1388455639125517,0,0,1,0
51,49,1,11,9,10,0.92,2.0,0.27391304347826084,0.1778900941856239,0,0,1,0
50,130,2,14,7,11,0.53,3.0,0.2733843537414966,-0.15656434990975673,1,1,0,0
35,67,1,15,10,7,0.59,1.0,0.2767747230201067,-0.14834081767166238,0,1,0,0
23,41,2,16,3,10,0.58,1.0,0.2723334021043945,-0.5501358268807865,0,0,1,0
37,51,2,14,10,10,0.62,2.0,0.265988987717069,-0.020632749986140113,0,1,0,0
35,43,1,17,8,16,0.66,1.0,0.2765167148163434,0.4592888954595014,1,1,0,0
55,96,1,13,10,5,0.71,2.0,0.2767747230201067,-0.05610173772168117,0,1,0,0
36,148,2,17,11,17,0.8,2.0,0.2765167148163434,1.6542020093754428,1,1,0,0
19,59,1,6,5,6,0.65,1.0,0.2723334021043945,0.9474402330924793,1,1,0,1
39,97,2,13,3,9,0.9,3.0,0.2770060128550695,-0.590126217359969,1,0,1,0
43,171,2,17,11,7,0.58,3.0,0.2767747230201067,-0.2834962639907847,0,1,0,0
33,35,3,11,11,11,0.54,1.0,0.27391304347826084,0.11812010669032087,0,0,1,0
40,130,4,24,5,14,0.61,1.0,0.2767747230201067,-0.5330542876326699,0,1,0,0
42,92,3,15,10,11,0.53,1.0,0.27391304347826084,0.39303248141235314,0,1,0,0
27,111,3,13,4,10,0.88,2.0,0.27391304347826084,-0.5067020247753159,0,0,1,0
29,177,1,16,12,11,0.69,2.0,0.2765167148163434,2.047311490153321,0,1,0,0
22,171,1,11,9,9,0.54,2.0,0.2723334021043945,-0.5821121233961032,1,0,0,0
32,98,2,20,4,8,0.68,2.0,0.27391304347826084,-0.13490596837482058,0,1,0,0
29,42,2,14,7,10,0.87,2.0,0.2770060128550695,-0.3338538490442839,0,1,0,0
24,60,2,22,5,9,0.59,2.0,0.2770060128550695,-0.6297962904785664,0,1,0,1
32,180,1,20,6,13,0.92,1.0,0.2723334021043945,-0.2092195960305287,0,0,0,0
43,154,2,19,4,12,0.52,2.0,0.27474402730375425,-0.4958481942108797,1,1,0,0
27,174,1,19,7,5,0.94,3.0,0.2765167148163434,-0.01555695181071708,0,1,0,0
45,6,1,19,5,12,0.87,3.0,0.2723334021043945,-0.3171295868522043,0,0,1,0
30,154,3,13,7,9,0.96,1.0,0.2770060128550695,-0.4954785972563586,1,0,1,0
45,9,1,18,5,8,0.84,1.0,0.265988987717069,-0.5224160552917044,1,0,1,0
19,17,2,18,7,11,0.68,2.0,0.2767747230201067,1.0682121979314891,0,0,1,1
21,83,4,15,4,12,0.65,3.0,0.27391304347826084,-0.6193490165641035,1,1,0,0
29,116,1,14,5,12,0.91,1.0,0.2723334021043945,-0.6247389721508695,1,1,0,0
26,147,1,19,9,10,0.56,2.0,0.2733843537414966,-0.20386660013921484,0,0,1,0
45,18,1,9,8,19,0.55,3.0,0.2723334021043945,0.44620516326945464,0,0,1,1
41,37,1,18,13,17,0.54,2.0,0.2733843537414966,-0.5120673405651137,1,0,1,0
49,119,1,14,10,15,0.82,1.0,0.2733843537414966,-0.2978797454708973,0,0,0,1
20,128,3,12,8,10,0.84,3.0,0.2765167148163434,-0.25811111316442753,1,1,0,0
41,178,4,12,15,10,0.65,2.0,0.2770060128550695,2.1388455639125517,1,1,0,0
39,172,1,19,8,11,0.74,2.0,0.2770060128550695,-0.6169712761566845,0,0,1,0
20,134,2,21,7,15,0.62,3.0,0.27812113720642767,-0.2983787013595008,1,1,0,0
41,159,1,19,10,6,0.95,1.0,0.2770060128550695,0.0023253808388618877,1,0,1,0
37,107,2,13,5,10,0.61,3.0,0.2765167148163434,0.22668921208089246,0,1,0,0
31,71,2,13,8,5,0.65,1.0,0.27391304347826084,-0.14305558122201073,0,1,0,0
42,92,4,17,9,11,0.94,3.0,0.2733843537414966,1.9442308995373878,1,0,1,0
45,173,3,13,10,10,0.72,2.0,0.27621483375959077,0.8346762022680934,1,1,0,0
33,54,1,17,5,16,0.93,1.0,0.2723334021043945,-0.46028064728746637,1,0,1,0
38,73,2,16,7,7,0.56,1.0,0.2719186785260483,1.5032832529459956,0,1,0,0
51,22,3,13,15,12,0.78,1.0,0.265988987717069,1.1284565015184276,1,0,1,0
18,104,3,16,5,11,0.67,3.0,0.2770060128550695,0.46172207541009863,0,1,0,0
36,149,1,18,9,7,0.81,2.0,0.265988987717069,-0.48718114562736003,0,1,0,0
53,30,1,13,16,17,0.57,2.0,0.26641414141414144,-0.08504733920992491,1,0,1,1
31,168,2,11,12,10,0.85,2.0,0.27391304347826084,-0.24470706361379582,1,1,0,1
27,111,2,13,9,7,0.7,3.0,0.2767747230201067,-0.2673571969766969,1,0,1,0
37,132,3,19,6,9,0.66,3.0,0.2765167148163434,-0.6172176741263652,1,1,0,0
27,43,2,15,15,8,0.76,3.0,0.2765167148163434,-0.6158624852931212,0,0,1,1
19,5,4,10,4,8,0.99,2.0,0.2770060128550695,-0.17576491169712763,0,1,0,0
30,171,1,21,12,10,0.51,1.0,0.2770060128550695,-0.4114014500520516,0,1,0,1
18,152,2,15,11,16,0.57,2.0,0.2723334021043945,-0.5215721422455479,0,1,0,0
26,159,3,14,8,5,0.84,3.0,0.27391304347826084,-0.38701421100290134,0,0,1,0
39,122,1,17,10,6,0.91,1.0,0.2723334021043945,-0.09711467977503865,0,0,0,1
42,128,2,13,12,11,0.53,3.0,0.2767747230201067,1.463921177289499,0,1,0,0
35,19,1,16,6,15,0.84,1.0,0.2770060128550695,-0.24999230006344747,1,1,0,1
34,152,2,11,6,5,0.87,1.0,0.2719186785260483,-0.563786274401099,1,0,1,0
34,88,2,22,6,14,0.9,2.0,0.2770060128550695,-0.5241038813840174,1,1,0,1
40,72,4,13,7,6,0.5,2.0,0.27474402730375425,-0.42096785122490593,1,1,0,0
20,27,1,14,12,10,0.58,3.0,0.27391304347826084,-0.086427167840137,0,0,1,1
32,138,1,20,2,13,0.77,1.0,0.27474402730375425,-0.5901939768016311,1,1,0,0
44,162,1,13,14,7,0.91,3.0,0.2723334021043945,2.1388455639125517,0,0,1,0
29,35,1,17,8,5,0.86,1.0,0.2723334021043945,1.006809823887051,1,0,1,0
24,179,1,22,7,11,0.89,1.0,0.2765167148163434,0.3346115228010521,0,1,0,0
37,61,1,14,6,6,1.0,2.0,0.2723334021043945,-0.5776400002463979,0,0,1,1
39,176,1,21,6,12,0.76,2.0,0.2770060128550695,0.11345086516487105,0,1,0,0
38,100,1,11,8,7,0.64,1.0,0.2765167148163434,0.9635669802080831,0,0,1,1
41,9,1,17,8,7,0.78,2.0,0.2765167148163434,-0.06135001447588072,0,1,0,0
25,162,1,11,7,12,0.94,1.0,0.27474402730375425,-0.0007977134268413628,0,0,1,0
44,97,1,12,5,9,0.65,1.0,0.2733843537414966,0.09599356901299133,1,0,0,1
42,7,1,11,7,6,0.8,3.0,0.2765167148163434,0.6621052242529522,1,0,0,1
38,137,1,15,7,10,0.69,2.0,0.27474402730375425,0.31821989786804156,0,0,1,0
40,69,2,13,8,12,0.9,2.0,0.2767747230201067,0.11166447988468575,0,0,1,1
20,114,1,9,6,12,0.8,3.0,0.2770060128550695,-0.40939946654839565,0,1,0,0
55,142,2,17,9,13,0.83,1.0,0.2770060128550695,-0.48863489364847634,0,1,0,1
29,120,1,15,7,20,0.98,1.0,0.2767747230201067,-0.21209629232655122,0,0,1,0
47,157,3,3,8,8,0.71,2.0,0.2765167148163434,-0.5507703016527143,1,0,1,0
47,51,3,17,7,12,0.99,1.0,0.2641112047177759,2.1388455639125517,0,0,1,0
21,161,2,18,7,13,0.79,1.0,0.265988987717069,-0.33891116737198085,1,0,1,0
30,29,1,17,12,12,0.78,2.0,0.2723334021043945,0.39940802887784205,1,1,0,0
35,4,1,18,0,12,0.5,2.0,0.2733843537414966,-0.415596375485866,0,1,0,0
26,84,3,12,13,12,0.94,2.0,0.2767747230201067,-0.3526416942324395,1,0,1,0
39,143,2,20,12,12,0.79,3.0,0.2770060128550695,0.8419141426274648,1,0,1,0
34,50,1,17,5,12,0.57,2.0,0.265988987717069,0.3554567910360419,0,1,0,1
29,115,1,9,14,13,0.93,3.0,0.2723334021043945,1.7470632441988678,1,0,1,1
27,43,2,13,5,12,0.94,2.0,0.2770060128550695,-0.3138155341599985,0,1,0,1
44,58,4,15,9,10,0.57,3.0,0.2641112047177759,1.2639877047413128,1,1,0,0
38,103,3,12,7,18,0.65,2.0,0.2767747230201067,-0.6011094068584875,1,0,1,0
23,9,2,16,5,9,0.67,2.0,0.2767747230201067,-0.6354018442888031,0,1,0,1
52,57,1,12,9,12,0.73,2.0,0.2723334021043945,-0.6293712539808672,0,1,0,1
46,39,2,15,10,13,0.84,1.0,0.2765167148163434,-0.6215049987988099,1,0,1,0
35,152,1,12,8,9,0.89,1.0,0.2723334021043945,-0.5831593147672464,0,0,1,0
55,10,4,11,6,17,0.52,2.0,0.27391304347826084,0.8806663833090015,1,1,0,0
24,121,4,16,13,12,0.73,1.0,0.2765167148163434,0.5326107712872445,1,0,1,0
19,61,3,17,8,4,0.99,1.0,0.2733843537414966,0.04585158218296281,0,0,1,1
18,36,2,13,8,17,0.82,3.0,0.27391304347826084,0.5050018787845189,1,1,0,0
29,164,3,15,12,7,0.92,3.0,0.2765167148163434,0.7352361416541928,0,1,0,0
29,4,1,18,10,7,1.0,2.0,0.265988987717069,1.0302977103468667,1,1,0,0
44,11,1,17,6,15,0.54,1.0,0.27621483375959077,-0.2963705579066028,1,0,0,1
48,88,1,15,12,12,0.79,3.0,0.27812113720642767,-0.16532995768114872,1,0,1,0
37,129,1,13,8,9,0.99,3.0,0.27391304347826084,-0.5365900984975884,0,0,1,0
33,76,2,15,8,10,0.62,2.0,0.26641414141414144,2.1388455639125517,0,0,1,0
30,26,3,15,7,10,0.85,2.0,0.26641414141414144,1.0892730643899495,0,0,1,1
44,114,1,11,6,7,0.98,2.0,0.2765167148163434,-0.6058340879271155,0,1,0,0
28,10,1,12,8,13,0.77,2.0,0.2767747230201067,-0.3943014309562089,0,0,1,1
33,163,1,16,10,16,0.87,2.0,0.27812113720642767,0.35899260190096033,1,1,0,0
29,133,1,14,9,7,0.9,2.0,0.2770060128550695,-0.2593184632158631,1,1,0,0
30,29,2,24,12,10,0.93,3.0,0.2733843537414966,0.011768583026875858,0,1,0,0
34,23,2,20,11,3,0.52,2.0,0.26641414141414144,1.8349595599332262,0,0,1,0
37,125,2,8,10,11,0.75,2.0,0.2723334021043945,-0.5442838751008692,0,0,1,1
39,2,1,15,7,14,0.92,3.0,0.27391304347826084,-0.5571396891689613,1,0,1,0
28,174,2,13,4,6,0.65,3.0,0.27391304347826084,-0.5944566616771078,0,0,1,0
21,100,3,15,9,11,0.59,2.0,0.2770060128550695,-0.22286388360159912,0,0,1,0
53,49,2,12,7,6,0.56,1.0,0.2770060128550695,-0.16616155082882117,1,0,1,0
41,66,4,6,10,10,0.54,2.0,0.2723334021043945,1.861909337867056,0,1,0,1
45,17,1,16,8,5,0.67,3.0,0.26641414141414144,0.17715090027658173,0,0,1,0
23,139,1,12,12,7,0.81,1.0,0.2723334021043945,-0.015107275516049748,1,1,0,0
37,65,1,16,6,11,0.8,2.0,0.2767747230201067,-0.4509421642365667,0,1,0,1
25,153,1,15,5,9,0.81,3.0,0.2723334021043945,1.1267625154768726,0,0,1,0
42,58,2,13,10,10,0.97,3.0,0.2627646326276463,-0.5731124375535146,0,1,0,0
41,116,3,21,9,15,0.52,1.0,0.2723334021043945,-0.07601069367188415,0,1,0,0
46,100,2,21,5,7,0.77,1.0,0.27391304347826084,-0.28995189079641986,0,0,1,1
31,23,2,19,7,14,0.99,3.0,0.2655860349127182,-0.6042386610734327,1,0,1,0
21,93,3,22,4,11,0.99,2.0,0.2767747230201067,0.5360480229642908,0,1,0,0
36,23,1,8,11,6,0.59,2.0,0.27474402730375425,-0.33763605787888307,0,1,0,0
57,10,3,15,9,11,0.52,1.0,0.265988987717069,-0.5942841830983313,0,1,0,1
33,108,2,12,6,15,0.56,2.0,0.2765167148163434,-0.4367927608276508,0,0,1,0
30,57,1,11,8,7,0.58,1.0,0.2770060128550695,-0.5576016853621126,0,0,1,0
20,65,3,13,11,13,0.86,3.0,0.2765167148163434,0.5805721360855987,0,1,0,0
33,115,1,11,3,6,0.75,2.0,0.2733843537414966,2.1388455639125517,1,1,0,0
18,88,1,11,13,11,0.65,2.0,0.2765167148163434,0.13719130954360936,0,1,0,0
42,77,3,11,9,8,0.56,1.0,0.2767747230201067,-0.3366874256956123,1,1,0,1
36,51,2,10,7,14,0.6,1.0,0.2723334021043945,0.2301141438594546,0,1,0,0
64,152,1,15,7,3,0.62,2.0,0.2767747230201067,-0.21756632725346342,0,1,0,0
38,155,2,18,7,13,0.75,1.0,0.2765167148163434,-0.2191802339548722,0,0,1,0
43,132,1,17,5,16,0.82,3.0,0.2770060128550695,-0.5734943544065196,1,0,0,0
61,12,1,11,8,9,0.61,1.0,0.27391304347826084,0.3619740173340972,0,0,1,1
27,133,2,22,7,7,0.6,1.0,0.2767747230201067,2.1388455639125517,1,0,1,0
30,151,2,14,12,12,0.74,3.0,0.27812113720642767,-0.6183695846346227,0,1,0,0
24,134,3,13,11,8,0.82,2.0,0.27474402730375425,-0.5754285784685135,0,1,0,1
34,176,1,16,5,12,0.99,2.0,0.2641112047177759,0.6162197623491582,1,1,0,0
34,139,4,18,6,17,0.67,2.0,0.2770060128550695,0.24700472468106863,1,1,0,1
40,125,1,17,8,8,0.63,2.0,0.27474402730375425,-0.28704439475418725,1,0,1,1
48,33,1,12,5,7,0.83,1.0,0.2723334021043945,-0.5700139830847794,0,0,0,1
18,81,3,19,6,9,0.67,1.0,0.2770060128550695,0.430454173057614,1,0,1,0
23,13,2,15,14,16,0.76,2.0,0.2765167148163434,-0.4495192159616605,1,0,1,0
60,151,1,13,7,10,0.51,1.0,0.2765167148163434,0.3604586698205607,1,0,1,1
23,41,2,10,10,7,0.6,2.0,0.2770060128550695,1.9290404647065709,1,0,1,0
25,96,3,19,6,7,0.66,3.0,0.2733843537414966,-0.17792705388107602,0,0,1,0
50,85,1,15,6,15,0.94,1.0,0.2767747230201067,-0.26608208748359913,1,0,1,0
20,100,4,17,9,6,0.84,2.0,0.2733843537414966,0.618831580827774,0,0,1,0
48,111,1,18,7,7,0.87,1.0,0.2655860349127182,-0.1346102908112037,0,1,0,1
23,88,3,13,11,12,0.83,3.0,0.2723334021043945,0.6599122823227936,1,1,0,0
18,133,1,7,10,6,0.94,3.0,0.27621483375959077,-0.15657050985899876,1,1,0,1
29,89,4,21,6,13,0.68,1.0,0.265988987717069,-0.6184188642285587,0,1,0,1
49,128,2,14,10,18,0.75,1.0,0.27474402730375425,-0.31895909177708376,1,1,0,0
36,18,1,13,5,15,0.62,1.0,0.2641112047177759,-0.44592796555356384,0,1,0,1
34,32,3,18,9,9,0.63,2.0,0.27391304347826084,-0.5494212727687123,1,1,0,0
38,152,1,13,6,9,0.76,2.0,0.2641112047177759,-0.4981766550243626,0,0,1,0
34,172,2,18,8,10,0.89,1.0,0.27391304347826084,1.5496676707383932,0,0,1,0
58,143,1,14,6,11,0.64,1.0,0.2765167148163434,0.6692014857797571,0,0,1,0
42,32,4,14,9,4,0.68,2.0,0.27391304347826084,-0.4651223673916927,1,0,1,0
38,75,2,14,14,13,0.55,3.0,0.2765167148163434,0.1702517571255213,0,1,0,0
24,59,4,16,10,11,0.66,1.0,0.2765167148163434,0.940898366997456,1,1,0,0
31,3,1,14,8,8,0.98,2.0,0.2765167148163434,-0.17852456895755178,0,0,1,1
27,47,1,12,8,9,0.88,1.0,0.27621483375959077,1.3795237127246072,1,1,0,0
28,84,1,14,8,13,0.84,3.0,0.2655860349127182,1.2225435662410142,1,1,0,0
26,3,1,13,9,9,0.87,3.0,0.2765167148163434,-0.5841695464429373,0,1,0,0
27,21,3,16,7,11,0.65,1.0,0.2655860349127182,-0.005417675358355047,0,1,0,1
33,61,1,17,1,10,0.87,2.0,0.2641112047177759,-0.01260633612379034,1,0,1,1
45,132,1,15,7,8,0.6,1.0,0.2765167148163434,-0.23164181127147512,0,0,0,0
49,21,2,21,12,10,0.61,2.0,0.26641414141414144,-0.19384436272245117,1,1,0,0
32,122,3,18,5,15,0.98,3.0,0.27391304347826084,1.0714338513850645,0,1,0,0
50,154,2,12,10,13,0.95,3.0,0.2723334021043945,0.2026654100370213,1,1,0,0
47,11,2,15,8,10,0.74,3.0,0.27391304347826084,-0.04428079512624816,0,0,1,0
50,99,1,15,7,6,0.64,1.0,0.2770060128550695,-0.004148725814499288,0,0,1,0
47,65,1,7,6,6,0.94,3.0,0.27391304347826084,-0.2800713322122226,1,1,0,0
37,123,1,21,8,18,0.71,2.0,0.2767747230201067,-0.5829560364422597,1,0,0,0
18,52,2,16,6,10,0.86,2.0,0.2641112047177759,-0.2779461497237263,1,1,0,0
38,31,1,14,9,9,0.63,1.0,0.2733843537414966,-0.0011673103813624576,0,0,1,0
24,164,2,15,19,10,0.86,1.0,0.2641112047177759,0.3992848298930017,1,0,0,0
35,32,1,11,6,15,0.94,2.0,0.2770060128550695,0.33515975828359174,1,0,1,1
46,146,4,14,8,12,0.59,2.0,0.2719186785260483,1.1470349084323546,0,0,0,0
37,4,1,12,4,9,0.77,2.0,0.27391304347826084,-0.5637000351117106,1,0,1,0
38,140,2,14,10,13,0.68,3.0,0.2767747230201067,0.4904397587763877,1,0,1,1
46,19,1,17,7,8,0.66,3.0,0.2719186785260483,-0.5990889435071055,1,0,1,0
28,89,3,14,1,7,0.76,1.0,0.2627646326276463,-0.3175361435021775,0,1,0,0
54,65,1,13,6,10,0.68,1.0,0.2765167148163434,-0.08909442586193089,1,1,0,1
31,117,2,10,11,9,0.82,1.0,0.2765167148163434,-0.6352971251516888,0,0,1,1
31,105,1,13,14,11,0.54,2.0,0.265988987717069,0.036630138167661495,1,1,0,0
33,5,1,19,5,9,0.61,1.0,0.2770060128550695,0.9517953172065862,0,0,1,0
45,177,1,13,14,14,0.87,1.0,0.27391304347826084,0.1318691133985056,1,0,1,1
32,71,2,17,9,14,0.54,2.0,0.2765167148163434,-0.6075219140194285,0,1,0,1
39,114,1,21,14,7,0.75,3.0,0.2723334021043945,-0.20154429927497397,0,0,0,1
45,33,1,16,6,10,1.0,1.0,0.2770060128550695,0.3595223575357739,1,0,1,1
33,92,3,16,4,12,0.7,3.0,0.2765167148163434,-0.4043544681191827,1,0,1,0
35,154,1,22,3,14,0.68,3.0,0.27391304347826084,-0.2868965559723788,1,0,1,0
31,11,2,9,8,10,0.7,3.0,0.27391304347826084,1.4606317643942615,0,1,0,1
40,106,1,20,10,6,0.67,1.0,0.2765167148163434,0.6225891498654051,1,1,0,0
30,73,3,7,9,15,0.85,1.0,0.2767747230201067,-0.5285267249397865,1,0,1,0
50,41,4,16,7,8,0.98,2.0,0.27391304347826084,1.2560044105236572,0,0,1,0
33,14,3,13,10,4,0.52,2.0,0.265988987717069,-0.44491157392863084,1,0,1,0
33,91,1,19,7,6,0.68,3.0,0.2723334021043945,1.5498894289111058,0,1,0,0
44,6,4,10,8,14,0.75,1.0,0.265988987717069,1.0333468852216658,1,0,1,0
39,147,1,14,5,7,0.77,3.0,0.2770060128550695,0.4159043729479669,0,1,0,0
56,175,2,11,9,10,0.58,2.0,0.2767747230201067,1.283249866021104,0,0,1,0
31,174,1,16,12,10,0.74,3.0,0.2719186785260483,-0.4938523706564658,0,0,0,0
40,94,3,16,12,16,0.96,2.0,0.2719186785260483,2.1388455639125517,1,1,0,0
35,22,1,16,7,9,0.66,1.0,0.27474402730375425,0.1247112523792804,1,1,0,0
57,11,1,15,12,5,0.71,2.0,0.2765167148163434,-0.34624150696998257,1,1,0,0
32,25,1,16,12,11,0.79,3.0,0.27474402730375425,-0.17619610814406889,0,1,0,1
62,115,2,13,9,9,0.71,2.0,0.27474402730375425,2.035687665933633,0,0,1,0
39,15,4,15,7,16,0.76,1.0,0.2770060128550695,0.7941991757987914,1,0,1,1
35,77,1,19,10,10,0.67,2.0,0.2767747230201067,0.9972434227141969,0,0,1,1
30,145,4,16,7,12,0.62,1.0,0.2770060128550695,2.1388455639125517,1,1,0,0
28,32,1,16,6,8,0.56,2.0,0.27621483375959077,-0.36016915220618584,1,0,1,0
35,66,2,18,9,16,0.92,3.0,0.265988987717069,0.10754963379101756,0,0,1,0
30,42,3,26,6,13,0.67,3.0,0.2765167148163434,1.1707630329126089,0,1,0,0
40,72,2,29,6,13,0.51,3.0,0.2770060128550695,-0.6008137292948706,1,1,0,1
46,15,2,11,8,15,0.92,3.0,0.26641414141414144,-0.4454228497157183,0,1,0,0
35,108,4,20,9,10,0.57,1.0,0.2770060128550695,0.544234595506933,0,0,1,0
37,61,4,13,7,10,0.51,3.0,0.2723334021043945,1.7061550212826246,0,0,1,1
39,78,2,16,13,10,0.5,3.0,0.2733843537414966,-0.45167519819636687,1,0,1,0
22,123,3,15,10,8,0.99,2.0,0.2765167148163434,-0.5292166392548925,1,1,0,0
38,14,1,21,7,14,0.9,1.0,0.2765167148163434,-0.3723104121622038,0,0,1,1
37,136,2,14,6,5,0.61,2.0,0.2770060128550695,0.36768429028144806,1,1,0,0
45,101,1,15,9,9,0.83,3.0,0.27391304347826084,0.3568858992601901,0,1,0,0
40,76,3,14,14,9,0.85,3.0,0.2641112047177759,0.008657808659656645,0,1,0,0
29,37,4,11,8,10,0.98,3.0,0.2641112047177759,-0.5634043575480938,0,0,1,0
45,70,4,13,6,8,0.78,3.0,0.2641112047177759,2.1388455639125517,1,1,0,0
31,8,2,14,7,9,0.9,3.0,0.2770060128550695,-0.5784962331910385,1,0,1,1
23,111,3,20,11,8,0.61,1.0,0.27391304347826084,0.6572696640979678,0,0,1,0
49,22,4,15,4,14,0.85,3.0,0.26641414141414144,-0.5558584197266214,1,1,0,1
41,58,3,13,6,16,0.64,2.0,0.2767747230201067,-0.4029992792859387,1,0,0,0
45,3,1,23,11,5,0.57,2.0,0.27812113720642767,2.1388455639125517,1,1,0,0
36,59,1,12,8,11,0.57,1.0,0.2733843537414966,-0.398373157405183,0,0,1,1
30,151,2,15,9,11,0.57,2.0,0.2723334021043945,-0.33375528985641156,1,1,0,0
68,63,4,12,3,9,0.78,3.0,0.265988987717069,0.839296164199607,0,0,1,0
25,162,1,16,10,9,0.56,2.0,0.2733843537414966,-0.44517029179679557,1,1,0,0
23,119,3,17,10,8,0.92,2.0,0.2723334021043945,-0.6122650749357825,0,1,0,0
48,148,1,16,13,12,0.81,2.0,0.2765167148163434,-0.3373157405182981,1,0,1,0
33,174,4,13,6,8,0.54,1.0,0.2655860349127182,0.06895755178977325,0,0,1,1
43,78,1,14,5,10,0.8,2.0,0.2765167148163434,0.06157177264859338,1,1,0,0
21,8,1,13,9,8,0.73,2.0,0.265988987717069,-0.048869957311551755,1,0,0,1
18,155,1,18,10,12,0.67,2.0,0.2765167148163434,-0.25135364884593353,0,0,1,0
31,3,1,18,6,13,0.57,3.0,0.2767747230201067,-0.04930731370773505,1,0,1,0
27,134,2,13,6,12,0.62,2.0,0.2770060128550695,-0.3091894122792428,0,0,1,0
38,13,1,14,6,10,0.59,1.0,0.2719186785260483,-0.3432785713845718,0,0,1,1
34,128,2,14,6,5,0.67,3.0,0.2641112047177759,-0.1787586470287485,1,0,1,0
34,60,2,16,3,13,0.64,3.0,0.2767747230201067,-0.12757562877681888,1,1,0,0
30,104,1,15,11,11,0.89,1.0,0.27474402730375425,0.19630218247001643,0,1,0,0
37,174,2,17,11,5,0.59,2.0,0.27391304347826084,2.1388455639125517,0,0,1,0
45,124,4,13,8,5,0.58,1.0,0.27391304347826084,0.03135722161649388,1,0,1,0
43,84,2,20,2,4,0.58,3.0,0.27812113720642767,0.7843432570115623,1,0,1,0
35,86,3,14,14,9,0.57,3.0,0.27391304347826084,2.1388455639125517,0,0,0,0
47,107,2,11,3,7,0.86,2.0,0.2723334021043945,0.1868405004342764,0,1,0,0
30,59,1,13,6,10,0.61,1.0,0.2719186785260483,-0.2556409735183782,1,1,0,1
44,169,2,13,14,7,0.69,2.0,0.2723334021043945,-0.3135691361903178,0,1,0,1
41,48,1,18,4,10,0.81,1.0,0.27391304347826084,0.21603249989220089,1,0,1,0
31,56,2,16,7,8,0.62,2.0,0.2719186785260483,1.589799740050142,0,0,0,0
35,35,2,10,5,11,0.72,1.0,0.2767747230201067,-0.6044665791953874,0,1,0,0
41,29,1,18,8,11,0.64,1.0,0.2765167148163434,-0.5206543098084871,1,1,0,0
32,125,2,19,4,16,0.61,2.0,0.2765167148163434,-0.3324185808708936,0,0,1,0
37,123,2,13,12,11,0.82,2.0,0.27474402730375425,-0.17617762829634284,1,0,1,0
40,156,1,13,6,11,0.63,3.0,0.2723334021043945,-0.16213910397378326,1,1,0,1
39,150,3,11,12,12,0.79,2.0,0.2719186785260483,-0.18324925002617978,0,0,1,1
43,129,1,20,7,14,0.56,3.0,0.2770060128550695,1.035071671009431,0,1,0,0
31,140,4,9,7,11,0.9,2.0,0.265988987717069,-0.4378091524525838,0,1,0,0
30,87,1,7,10,12,0.65,2.0,0.2770060128550695,-0.482105347451937,1,1,0,0
45,89,3,17,8,9,0.89,1.0,0.2770060128550695,-0.3752856676460986,0,1,0,0
36,104,1,15,7,10,0.59,2.0,0.2723334021043945,-0.07905986854668318,1,1,0,1
21,18,2,14,6,8,0.63,1.0,0.26641414141414144,-0.07402719001595427,0,0,1,0
19,167,3,16,13,14,0.83,3.0,0.2770060128550695,0.01737413683711246,1,0,1,0
18,128,2,20,10,10,0.68,2.0,0.27391304347826084,1.9593843746727526,1,1,0,0
31,177,2,16,7,8,0.81,1.0,0.2767747230201067,0.27060965017648253,1,0,0,0
34,141,1,24,10,6,0.95,1.0,0.2641112047177759,1.1518088690949186,0,0,1,1
43,14,1,12,9,13,0.89,1.0,0.2719186785260483,0.18922440079093747,1,1,0,0
18,79,3,9,9,14,0.67,1.0,0.2719186785260483,0.8240564497748538,1,0,1,0
22,51,1,13,8,14,0.96,3.0,0.2770060128550695,0.019092762675635554,0,0,1,0
35,77,2,14,6,7,0.86,2.0,0.2765167148163434,0.8267113878981637,0,0,1,0
41,63,3,11,12,7,0.98,1.0,0.27474402730375425,-0.5134594890938099,1,0,1,1
19,66,1,13,9,12,0.95,2.0,0.27621483375959077,-0.5364237798680539,0,0,0,1
34,32,4,23,3,15,0.98,2.0,0.26641414141414144,0.020066034655874435,0,0,1,0
39,164,3,20,7,10,0.89,2.0,0.27391304347826084,0.8013262370718065,0,1,0,1
26,166,1,20,10,13,0.7,1.0,0.27621483375959077,-0.13976000837753097,0,1,0,0
23,9,3,18,2,9,0.94,1.0,0.2723334021043945,0.43243151676430186,1,1,0,1
45,92,2,13,3,10,0.62,1.0,0.27391304347826084,1.7324764843937686,1,0,1,0
51,158,2,23,11,8,0.63,1.0,0.2733843537414966,-0.5756749764381941,1,0,1,0
34,127,1,12,7,8,0.85,3.0,0.2723334021043945,-0.5686218345560833,1,1,0,0
25,85,2,8,10,14,0.86,3.0,0.2767747230201067,1.4305527322454863,1,1,0,0
18,88,1,17,7,6,0.85,2.0,0.27621483375959077,0.7234644786526959,1,0,1,0
43,119,1,17,7,7,0.86,1.0,0.2770060128550695,-0.33198738442395237,1,0,0,0
33,126,3,15,11,6,0.57,2.0,0.2719186785260483,-0.10103240749296226,0,0,1,0
55,22,1,16,5,8,0.91,1.0,0.2765167148163434,2.0127172152101465,0,1,0,1
36,112,1,12,7,15,0.95,2.0,0.2767747230201067,0.5394421549966428,1,0,1,0
34,140,1,7,10,10,0.54,1.0,0.2723334021043945,0.0002125182488496295,1,1,0,0
59,3,1,17,12,9,1.0,2.0,0.265988987717069,-0.024710636384356194,0,1,0,1
53,156,1,13,14,10,0.73,3.0,0.2767747230201067,0.26625456606237563,0,1,0,0
33,45,1,14,6,11,0.86,2.0,0.2723334021043945,-0.3520256993082377,1,0,1,1
27,146,3,20,12,9,0.74,1.0,0.2723334021043945,0.7952771669161446,1,0,1,0
46,32,1,16,12,17,0.9,2.0,0.2733843537414966,0.8474457770467971,0,1,0,0
23,56,2,16,9,6,0.57,1.0,0.2770060128550695,0.2287651149754526,1,1,0,0
43,123,1,12,9,14,0.8,2.0,0.2723334021043945,1.1616771077806318,1,1,0,1
51,91,1,17,8,8,0.67,3.0,0.27391304347826084,1.604977854982475,1,0,1,0
39,108,3,14,6,11,0.56,2.0,0.2723334021043945,-0.5716402096846722,0,0,1,1
36,170,2,9,11,16,0.92,2.0,0.2770060128550695,1.1842348419049027,1,1,0,1
36,84,3,19,13,11,0.92,2.0,0.2723334021043945,0.3477198947880669,1,1,0,0
37,20,1,12,9,10,0.82,1.0,0.27391304347826084,-0.05236880848101812,1,0,1,0
44,122,1,13,6,8,0.61,3.0,0.2765167148163434,-0.08623620941363443,1,1,0,1
40,45,4,19,2,13,0.97,2.0,0.2767747230201067,1.2303667017783773,1,1,0,1
26,91,2,13,4,5,0.87,2.0,0.2723334021043945,1.863597163959369,1,0,1,1
51,36,3,12,8,9,0.87,1.0,0.2770060128550695,0.03066114735214582,0,0,0,0
37,61,4,16,11,6,0.95,2.0,0.2767747230201067,2.09211280099052,1,0,1,0
53,160,2,15,10,11,0.98,3.0,0.265988987717069,0.24484874244636223,1,1,0,0
40,81,3,11,4,6,0.72,2.0,0.2765167148163434,-0.27094228743555154,1,1,0,0
41,83,2,12,7,8,0.67,2.0,0.2733843537414966,-0.6013804446251363,1,0,0,1
48,162,2,18,7,13,0.71,2.0,0.2719186785260483,-0.5612853350088395,1,0,0,0
35,55,2,12,2,9,0.8,1.0,0.2719186785260483,0.7267354117002076,1,1,0,0
28,154,1,15,6,11,0.65,1.0,0.2641112047177759,-0.29114076100012937,1,0,1,0
39,162,4,22,5,11,0.73,1.0,0.27391304347826084,0.09891338495370798,1,1,0,1
41,17,4,18,10,13,0.54,2.0,0.27474402730375425,0.8185248153555215,0,0,1,0
39,173,2,16,11,14,0.89,1.0,0.2627646326276463,-0.3642100789089498,0,1,0,1
36,97,2,17,6,13,0.88,2.0,0.2767747230201067,-0.6068135198565964,1,1,0,0
29,123,2,13,4,7,0.71,1.0,0.2767747230201067,-0.1902099926696604,0,0,0,0
28,145,1,18,7,7,0.79,1.0,0.2641112047177759,-0.6085321456951195,1,0,1,0
21,10,1,19,7,11,0.84,1.0,0.27391304347826084,0.6446540880503144,1,1,0,0
26,152,1,24,11,6,0.83,3.0,0.2765167148163434,1.870699585435416,0,1,0,1
31,135,4,17,4,6,0.98,2.0,0.26641414141414144,0.2570208021485903,1,0,1,0
43,20,1,21,8,7,0.74,2.0,0.27474402730375425,-0.38955211009061286,1,1,0,1
46,144,4,15,6,16,0.79,2.0,0.27391304347826084,2.0120211409457984,0,1,0,0
33,124,3,13,10,7,0.73,1.0,0.2765167148163434,-0.2931489044530273,0,1,0,1
33,134,3,14,4,9,0.61,3.0,0.2723334021043945,0.11518181090187816,0,0,1,0
19,103,2,7,11,11,0.55,2.0,0.265988987717069,-0.032749370145190006,0,1,0,0
47,15,2,11,6,10,0.86,2.0,0.2765167148163434,1.4103111390362144,0,1,0,1
45,100,1,12,11,8,0.85,1.0,0.2655860349127182,0.15212302650626158,0,0,1,0
24,63,3,21,9,11,0.81,3.0,0.2770060128550695,0.8899617467152071,0,1,0,0
35,52,1,16,7,11,0.66,3.0,0.27391304347826084,-0.3459519893556077,0,0,1,0
24,44,3,20,12,5,0.88,3.0,0.2767747230201067,0.09688676165308398,0,0,1,0
48,113,3,17,9,13,0.79,1.0,0.2767747230201067,0.5347113139787728,1,0,1,0
34,78,1,19,8,8,0.6,2.0,0.2723334021043945,-0.4422381559575949,0,1,0,0
24,5,2,10,5,12,0.74,3.0,0.2770060128550695,-0.4489525006313948,0,1,0,0
42,30,1,11,12,7,0.86,1.0,0.2765167148163434,2.1388455639125517,1,0,1,1
34,131,2,17,10,19,0.62,3.0,0.2723334021043945,-0.4998028816242554,1,1,0,1
37,69,1,14,10,12,0.55,2.0,0.265988987717069,2.0839323883971197,0,0,1,1
22,123,3,22,11,13,0.62,1.0,0.26641414141414144,-0.2941960958241704,0,1,0,0
38,129,1,18,7,5,0.93,1.0,0.2765167148163434,0.17075071301412476,0,0,1,0
36,119,1,19,9,10,0.56,3.0,0.2641112047177759,0.6867573411195091,1,0,1,0
27,98,3,19,12,4,0.86,2.0,0.2765167148163434,-0.4466178798686699,0,1,0,0
34,1,2,11,5,10,0.67,2.0,0.2770060128550695,0.01242769759577181,1,0,1,0
31,123,2,16,9,8,0.62,3.0,0.27474402730375425,1.9298966976512113,0,0,1,0
34,111,2,21,7,10,0.67,1.0,0.2770060128550695,-0.6101398924472863,0,1,0,0
39,130,1,25,12,11,0.72,1.0,0.2723334021043945,-0.3296034840672913,1,1,0,1
53,68,4,10,9,10,0.69,2.0,0.2767747230201067,-0.520247753158514,0,1,0,0
44,175,3,15,13,7,0.64,2.0,0.27391304347826084,-0.4159105328972089,0,1,0,0
34,11,4,20,11,11,0.8,2.0,0.27391304347826084,1.0798914616943556,0,0,1,0
22,105,4,21,4,8,0.75,1.0,0.2765167148163434,-0.07844387362248136,1,0,1,0
18,117,1,9,10,8,0.68,2.0,0.2641112047177759,1.96999796721675,0,1,0,1
39,75,2,14,5,9,0.7,1.0,0.2770060128550695,-0.40788411903485916,0,0,1,0
45,177,1,19,5,12,0.79,2.0,0.2733843537414966,-0.3591589205304948,1,1,0,0
63,51,3,16,8,9,0.73,2.0,0.2767747230201067,-0.0063231878969317295,1,0,1,0
43,172,2,16,10,5,0.87,1.0,0.265988987717069,-0.34991283671822543,1,0,1,0
38,11,1,18,5,12,0.88,3.0,0.2767747230201067,-0.5561848970364485,1,0,1,0
35,90,1,13,7,9,0.91,2.0,0.27391304347826084,0.905829775962646,1,1,0,0
34,54,2,19,7,6,0.9,1.0,0.2641112047177759,-0.00895348622327352,1,0,1,1
36,23,3,15,13,8,0.97,1.0,0.27621483375959077,0.01078299114815294,0,0,1,0
31,156,2,15,6,6,0.66,2.0,0.2765167148163434,-0.24369683193810482,1,1,0,0
39,177,2,14,7,7,0.65,1.0,0.2765167148163434,0.4383081083411873,1,0,1,0
19,169,2,17,8,10,0.96,3.0,0.2765167148163434,-0.178598488348456,1,0,1,0
28,41,2,16,4,11,0.86,1.0,0.26641414141414144,0.5080818534055279,0,1,0,0
32,158,3,20,5,13,0.7,3.0,0.2733843537414966,-0.3945847886213418,0,1,0,0
36,160,2,19,2,14,0.61,2.0,0.2719186785260483,0.14856257584437504,1,0,1,0
44,131,1,14,4,8,0.98,2.0,0.2723334021043945,-0.6020518790925162,0,0,1,0
26,21,3,11,4,11,0.65,2.0,0.27391304347826084,-0.49673522690173033,1,1,0,0
41,73,1,9,9,14,0.69,3.0,0.27391304347826084,0.25049125595205096,1,1,0,0
39,33,1,20,10,8,0.68,2.0,0.2719186785260483,0.1899389549030116,1,1,0,1
47,134,1,10,6,10,0.6,1.0,0.2719186785260483,-0.47188599165942874,0,0,0,1
35,113,1,16,9,12,0.69,2.0,0.26641414141414144,-0.23836231589451704,0,1,0,0
47,135,1,16,7,4,0.96,1.0,0.2767747230201067,-0.4573608313467497,1,0,0,0
33,96,2,9,7,10,0.68,2.0,0.26641414141414144,0.36774588977386824,1,1,0,0
42,169,2,25,11,10,0.94,2.0,0.27391304347826084,-0.2929086664325886,1,1,0,0
44,112,1,21,9,19,0.59,3.0,0.2719186785260483,0.32455232568883635,1,1,0,0
26,27,2,21,7,6,0.83,2.0,0.2767747230201067,0.3321845027996969,0,0,1,0
18,32,3,16,5,14,0.99,2.0,0.27391304347826084,-0.6316319553526879,0,0,1,0
32,71,1,15,8,9,0.97,1.0,0.2655860349127182,2.1388455639125517,0,0,1,1
38,165,1,11,6,12,0.75,3.0,0.2655860349127182,0.490550637862744,0,1,0,1
33,122,2,16,6,4,0.81,1.0,0.2723334021043945,-0.5735189942034877,0,1,0,1
31,165,2,11,7,12,0.97,1.0,0.2765167148163434,-0.3942213516160627,0,1,0,0
18,49,1,8,6,15,0.55,1.0,0.2723334021043945,-0.4576565089103666,1,0,1,1
18,60,4,10,9,7,0.73,1.0,0.2767747230201067,0.22439155101361966,0,1,0,0
21,25,1,16,13,11,0.88,2.0,0.27391304347826084,0.38815996156191673,0,0,1,0
24,121,2,14,9,11,0.61,2.0,0.2767747230201067,-0.493581332889817,0,0,1,0
22,162,2,13,6,7,0.78,2.0,0.2733843537414966,-0.03498543172004263,1,0,1,0
34,126,2,14,5,9,0.57,1.0,0.2765167148163434,-0.31401881248498514,0,0,0,1
37,162,1,29,9,14,0.77,3.0,0.2723334021043945,-0.14999784401776528,0,0,1,0
47,14,1,17,6,12,0.78,2.0,0.2723334021043945,-0.054832788177825414,0,1,0,1
51,122,1,14,7,14,0.69,1.0,0.2770060128550695,0.7283985979955525,1,1,0,0
37,149,3,17,11,9,0.63,1.0,0.2719186785260483,-0.21743696831938106,0,1,0,0
39,72,3,13,7,14,0.56,3.0,0.2765167148163434,2.0366054983706934,1,1,0,0
61,101,2,20,14,9,0.53,3.0,0.2723334021043945,0.3478923733668435,0,1,0,0
32,83,3,18,4,12,0.9,2.0,0.2767747230201067,0.07387935123414584,0,0,1,0
22,102,2,12,6,11,0.88,2.0,0.2765167148163434,0.043510801470995876,0,1,0,0
33,179,3,14,8,10,0.99,1.0,0.2723334021043945,1.7713026444662097,1,1,0,0
46,14,2,17,5,5,0.97,2.0,0.2765167148163434,0.7110891406254812,0,1,0,0
59,102,1,12,12,7,0.75,3.0,0.2765167148163434,1.9869932671754784,1,0,1,0
19,149,4,20,10,13,0.55,1.0,0.2767747230201067,0.8439777256235409,1,0,0,0
34,100,3,15,11,13,0.75,2.0,0.27391304347826084,-0.06717116650958796,1,0,1,1
24,19,2,16,8,7,0.67,1.0,0.2641112047177759,0.06270520330912473,0,0,1,0
31,107,1,17,5,11,0.99,1.0,0.27391304347826084,-0.22736064654827245,1,1,0,1
27,16,3,13,6,8,0.92,2.0,0.2767747230201067,-0.45821706429139025,0,0,1,0
43,55,4,19,15,10,0.63,1.0,0.27474402730375425,-0.0498986688349688,1,1,0,1
33,112,1,13,11,10,0.67,2.0,0.2767747230201067,-0.40930706730976535,1,1,0,1
19,140,2,14,6,7,0.65,2.0,0.2770060128550695,-0.39019890476102476,1,1,0,0
51,68,2,16,8,18,0.8,3.0,0.2641112047177759,2.1166786785676885,0,1,0,0
32,158,1,15,10,8,0.88,2.0,0.2723334021043945,-0.628613580224099,0,1,0,0
34,155,2,15,5,13,0.85,3.0,0.2641112047177759,-0.507065461780595,1,1,0,0
28,170,3,18,9,8,0.58,2.0,0.2767747230201067,-0.17171166509587962,0,1,0,0
31,147,1,17,14,18,0.6,1.0,0.2719186785260483,-0.3647213546960373,1,1,0,0
34,108,3,17,11,17,0.58,1.0,0.2723334021043945,0.689073482034508,1,1,0,0
30,94,3,17,8,13,0.99,3.0,0.2765167148163434,1.7911561608732345,0,1,0,0
30,34,4,14,9,13,0.9,1.0,0.2767747230201067,0.7245855894147433,0,0,1,1
20,103,2,21,9,18,1.0,2.0,0.265988987717069,0.16287829788282546,1,0,1,0
48,111,1,18,9,6,0.95,2.0,0.27474402730375425,2.1388455639125517,0,0,1,1
36,123,3,24,6,23,0.67,2.0,0.2770060128550695,0.06383247402041407,1,1,0,1
39,47,2,15,2,11,0.71,3.0,0.2767747230201067,-0.05549190274672137,1,0,1,1
51,52,1,16,10,14,0.62,1.0,0.2770060128550695,-0.3138709737031767,1,0,1,0
20,86,4,5,6,9,0.54,3.0,0.27474402730375425,-0.44967321469271093,1,0,1,0
42,45,2,17,9,9,0.53,1.0,0.2641112047177759,0.6924306543714079,0,0,0,0
51,14,3,16,9,8,0.51,1.0,0.2767747230201067,1.0399257110121412,0,0,0,0
36,58,2,13,5,11,0.96,2.0,0.2765167148163434,0.13714202994967323,1,1,0,1
46,81,2,8,5,16,0.65,2.0,0.2723334021043945,0.1879554512470817,0,0,1,1
42,35,3,20,2,11,0.96,1.0,0.27621483375959077,0.554688029370638,0,1,0,0
35,106,3,13,12,8,0.71,1.0,0.2723334021043945,-0.2544829030608788,1,0,1,0
38,176,1,11,7,10,0.92,2.0,0.2765167148163434,1.569213189683317,0,0,1,0
21,154,1,17,5,11,0.91,2.0,0.2723334021043945,-0.5212087052402689,1,0,0,0
34,108,2,17,5,8,0.91,3.0,0.2767747230201067,0.9293299823209457,1,0,1,0
39,170,1,10,4,5,0.64,2.0,0.2655860349127182,0.4260929289942651,1,1,0,1
34,35,1,9,9,19,0.97,1.0,0.2655860349127182,-0.5249416344809319,0,1,0,0
24,2,2,11,5,10,0.87,1.0,0.2767747230201067,0.3569474987526103,0,0,1,1
32,178,1,16,5,6,0.98,2.0,0.26641414141414144,-0.47205847023820524,1,1,0,1
43,167,1,18,5,8,0.83,2.0,0.27621483375959077,0.5059751507647577,1,1,0,0
37,173,1,14,9,21,0.62,3.0,0.2770060128550695,0.03873684080843174,1,0,1,0
27,78,1,10,11,12,0.51,2.0,0.2723334021043945,-0.5343909966181879,0,1,0,0
22,15,1,25,10,10,0.61,1.0,0.2765167148163434,0.6568631074479946,1,0,1,0
31,135,1,14,4,13,0.96,1.0,0.2765167148163434,0.8413905469418932,1,1,0,0
49,35,2,19,5,7,0.76,3.0,0.2765167148163434,-0.06519998275214212,0,1,0,1
29,78,4,13,7,11,0.97,3.0,0.2767747230201067,2.121920795372646,1,1,0,1
38,114,1,6,6,13,0.9,2.0,0.2719186785260483,-0.5648765854169362,0,0,0,0
39,29,3,14,7,7,0.9,2.0,0.27474402730375425,-0.5016323865491349,0,1,0,1
59,124,3,15,10,4,0.6,3.0,0.2719186785260483,1.9886810932677914,0,0,1,0
31,28,2,14,9,14,0.52,2.0,0.2770060128550695,-0.45269158982129987,1,1,0,1
43,29,1,9,8,15,0.74,1.0,0.27621483375959077,-0.4749290065849857,0,0,1,0
36,100,1,7,8,9,0.56,1.0,0.2767747230201067,-0.19857520374032117,1,0,1,1
20,125,1,13,5,10,0.72,2.0,0.27391304347826084,0.4487492223064082,1,0,1,0
32,82,3,21,7,10,0.61,2.0,0.2641112047177759,0.1928094912497921,1,0,1,0
30,46,2,16,7,11,0.53,2.0,0.27391304347826084,-0.6271536722537406,0,0,0,0
45,104,3,15,8,12,0.84,2.0,0.2767747230201067,0.2967155150641559,0,1,0,1
34,105,4,20,6,6,0.88,3.0,0.2765167148163434,-0.2799912528720763,1,1,0,0
50,55,1,14,9,10,0.78,2.0,0.2770060128550695,0.40905450939084265,1,1,0,1
47,105,2,21,4,11,0.81,3.0,0.2770060128550695,0.016456304400051743,1,1,0,0
37,90,1,11,6,6,0.5,3.0,0.27391304347826084,0.5214058236160134,1,0,1,1
42,139,4,14,8,13,0.7,3.0,0.2723334021043945,0.35960243687592014,1,0,1,1
43,89,2,12,10,7,0.88,3.0,0.2723334021043945,-0.12921417527519574,0,0,1,0
41,107,2,14,10,8,0.94,3.0,0.27391304347826084,1.0578573232556563,0,0,0,0
42,47,2,7,9,8,0.81,2.0,0.2733843537414966,-0.1192781771478203,0,0,1,0
35,116,1,19,12,8,0.54,3.0,0.2770060128550695,-0.01892644404610106,0,1,0,0
38,123,2,15,6,15,0.52,2.0,0.2723334021043945,0.048974676448666064,0,1,0,0
38,58,3,10,7,16,0.89,3.0,0.27474402730375425,0.6579657383623159,0,0,1,0
35,34,1,16,3,15,0.78,1.0,0.2765167148163434,-0.3817351345024917,1,1,0,0
32,30,2,15,8,11,0.71,2.0,0.2765167148163434,2.1388455639125517,0,1,0,0
24,168,1,11,7,11,0.88,3.0,0.27391304347826084,-0.6188131009800479,0,0,1,0
26,87,1,17,7,10,0.75,2.0,0.2733843537414966,-0.2572979998644811,0,0,1,0
28,165,2,14,8,9,0.97,1.0,0.2767747230201067,-0.08458534301677355,1,0,1,0
43,153,2,11,8,11,0.8,3.0,0.2767747230201067,0.36722845403753873,1,1,0,1
38,26,1,22,10,10,0.77,2.0,0.27474402730375425,-0.07598605387491607,0,1,0,0
53,119,2,10,9,6,0.56,2.0,0.2765167148163434,-0.13469037015134996,0,0,1,0
56,63,1,18,10,12,0.63,2.0,0.27391304347826084,-0.2101990279600096,1,1,0,0
24,17,3,23,9,16,0.87,3.0,0.2770060128550695,0.19251381368617523,1,0,1,1
32,138,1,11,7,13,0.85,3.0,0.2770060128550695,0.4639889367311613,1,1,0,0
39,107,2,20,3,8,0.95,2.0,0.2767747230201067,1.7301603434787698,0,1,0,0
55,29,2,17,10,6,0.83,2.0,0.2723334021043945,0.005596313886373576,0,1,0,0
18,77,1,16,10,7,0.51,1.0,0.2641112047177759,2.1388455639125517,1,0,1,0
47,165,4,9,3,13,0.99,1.0,0.27391304347826084,2.1388455639125517,0,1,0,0
35,167,1,10,9,14,0.89,1.0,0.2767747230201067,1.5411115012412298,1,0,1,0
56,160,3,12,9,8,0.96,3.0,0.2733843537414966,-0.30410745415457774,1,0,1,1
35,179,1,10,9,10,0.89,2.0,0.2767747230201067,0.897372165653355,1,1,0,0
25,147,4,19,7,14,0.63,3.0,0.2770060128550695,0.22997246502688817,1,0,1,0
30,44,4,5,5,11,0.57,1.0,0.2627646326276463,1.9273279988172898,0,1,0,0
45,15,4,14,7,17,0.58,2.0,0.2723334021043945,0.21304492450982204,0,0,1,1
40,71,2,8,8,17,0.71,2.0,0.2719186785260483,-0.5591539925711012,1,1,0,0
33,153,2,13,10,8,0.5,2.0,0.2770060128550695,2.1388455639125517,0,1,0,0
32,103,1,25,7,11,0.96,3.0,0.2770060128550695,0.9332969896328054,1,1,0,0
46,110,4,13,5,8,0.54,2.0,0.2770060128550695,-0.3301517195498309,1,1,0,0
34,12,1,11,10,11,0.75,1.0,0.2719186785260483,-0.2728888313960293,1,0,0,0
26,81,2,17,8,10,0.91,2.0,0.27621483375959077,1.2256235408620233,0,1,0,1
48,18,1,14,2,9,0.89,2.0,0.2770060128550695,-0.01053659317847221,0,1,0,0
36,3,1,12,9,5,0.96,1.0,0.27391304347826084,0.8641145996956985,1,1,0,0
34,2,2,20,8,7,0.55,2.0,0.2719186785260483,2.1388455639125517,0,1,0,1
38,150,2,16,9,9,0.52,1.0,0.265988987717069,0.5856232944640536,1,1,0,0
51,62,1,10,11,10,0.78,3.0,0.2767747230201067,-0.2577599960576325,1,0,1,1
18,86,2,11,6,12,0.7,1.0,0.27812113720642767,-0.41943402386364337,1,1,0,0
32,90,2,21,8,7,1.0,2.0,0.2723334021043945,-0.23119829492604982,0,1,0,0
46,4,1,11,8,14,0.82,1.0,0.2765167148163434,-0.4320495999112967,1,0,1,0
36,112,2,21,8,13,0.82,1.0,0.2627646326276463,-0.020546510696751858,0,0,1,1
38,129,4,19,8,11,0.53,1.0,0.2770060128550695,0.49229390349823515,0,1,0,1
35,95,1,9,14,10,0.87,1.0,0.2767747230201067,-0.20920727613204468,0,0,1,0
66,98,3,16,8,11,0.9,1.0,0.27474402730375425,-0.5962553668557771,0,0,1,0
21,175,1,14,9,9,0.99,2.0,0.27391304347826084,-0.32080091660044724,1,1,0,0
24,162,2,14,9,10,0.92,2.0,0.265988987717069,-0.2868349564799586,0,0,1,0
39,71,1,13,7,13,0.69,2.0,0.2765167148163434,0.5302268709305835,1,0,1,0
31,112,1,11,5,8,0.85,1.0,0.2641112047177759,0.7962997184903197,0,1,0,0
37,42,3,15,5,13,0.84,3.0,0.26641414141414144,-0.06344439721816693,1,0,0,0
23,59,1,14,8,9,0.74,3.0,0.2733843537414966,-0.13431461324758684,1,0,1,0
39,18,3,20,10,13,0.97,2.0,0.2655860349127182,-0.447326274031502,0,1,0,0
33,140,4,16,10,11,0.85,1.0,0.2627646326276463,-0.5945983405096742,0,1,0,1
18,167,1,15,3,11,0.58,2.0,0.2767747230201067,-0.1700546387497767,1,1,0,0
33,105,3,14,7,7,0.57,3.0,0.2723334021043945,-0.06144857366375301,1,1,0,1
34,73,2,13,9,10,0.85,3.0,0.2765167148163434,0.004610722007650657,0,1,0,1
19,42,4,10,10,13,0.67,3.0,0.27391304347826084,0.43108248788029985,1,0,1,1
46,114,1,19,6,12,0.87,2.0,0.2655860349127182,-0.5079832942176556,0,1,0,0
37,72,2,11,8,8,0.76,1.0,0.2723334021043945,-0.5067266645722839,1,1,0,0
33,124,3,13,5,4,0.99,2.0,0.2733843537414966,-0.5807384547151332,1,0,1,1
44,140,2,13,6,9,0.54,2.0,0.27391304347826084,2.1388455639125517,0,0,1,0
34,28,1,15,7,9,0.91,3.0,0.2767747230201067,2.1388455639125517,1,0,1,1
25,153,2,16,14,5,0.84,1.0,0.2719186785260483,0.6074479946285243,0,0,0,0
46,123,1,12,5,11,0.87,1.0,0.2767747230201067,0.1538170125478166,0,0,1,0
40,47,4,18,9,8,0.9,1.0,0.2723334021043945,-0.6206980454481055,0,1,0,1
25,34,1,20,4,9,0.94,2.0,0.2723334021043945,0.0037052094690739746,0,0,0,0
41,53,1,14,9,10,0.57,1.0,0.2733843537414966,1.6979499688922564,1,1,0,0
40,91,3,10,13,8,0.95,2.0,0.2770060128550695,-0.5460579404825704,0,1,0,0
35,3,2,16,3,13,0.87,3.0,0.2765167148163434,-0.42842754975699,1,1,0,1
59,86,1,20,8,17,0.7,2.0,0.2765167148163434,-0.4735614978532577,0,1,0,1
45,84,1,14,11,9,0.58,1.0,0.2627646326276463,0.036968935375972505,0,1,0,0
58,83,3,12,8,10,0.64,2.0,0.27621483375959077,0.87068110558769,1,1,0,0
51,161,1,14,7,10,0.91,3.0,0.27474402730375425,-0.579352466135679,0,1,0,0
30,115,1,19,6,8,0.8,2.0,0.27391304347826084,0.22516154466887192,0,1,0,0
36,81,1,7,7,10,0.99,3.0,0.27391304347826084,0.5800670202477531,1,1,0,0
27,120,3,14,7,10,0.82,2.0,0.2723334021043945,-0.3537258452990347,0,1,0,0
37,113,3,18,15,14,0.71,1.0,0.2641112047177759,0.054149033811961386,0,1,0,0
33,112,1,13,8,14,0.89,1.0,0.2627646326276463,0.10534437196237503,0,0,1,1
39,102,1,21,8,10,0.6,1.0,0.2765167148163434,1.2885166226230296,1,1,0,0
32,174,1,18,9,11,0.78,2.0,0.2770060128550695,-0.4208692920370336,1,1,0,0
31,75,2,15,4,8,0.64,2.0,0.2765167148163434,0.5430950048971597,1,0,1,0
31,67,4,12,8,17,0.72,3.0,0.2770060128550695,-0.129984168930448,1,0,1,0
26,21,1,8,7,12,0.78,2.0,0.2767747230201067,2.1388455639125517,1,0,1,0
23,8,2,10,11,7,0.63,2.0,0.2765167148163434,0.27605504530642666,1,0,1,1
18,116,1,17,8,12,0.89,2.0,0.265988987717069,-0.2944856134385453,0,1,0,1
43,98,1,16,10,10,0.83,2.0,0.2733843537414966,-0.2054743468913816,1,0,1,1
46,25,1,16,2,13,0.6,3.0,0.2767747230201067,-0.4569234749505664,0,0,1,1
36,52,1,17,12,8,0.51,2.0,0.2723334021043945,-0.02486463511540665,0,0,1,1
34,125,2,14,6,10,0.71,3.0,0.2765167148163434,0.7172614097659835,0,1,0,1
42,114,1,23,10,11,0.7,1.0,0.2723334021043945,0.0027935369812552746,1,1,0,0
29,41,4,17,14,8,0.97,1.0,0.2733843537414966,0.4015455312648224,1,0,1,0
43,84,2,12,8,11,0.9,3.0,0.2765167148163434,-0.5925532373613241,0,0,0,0
40,72,1,15,10,13,0.98,3.0,0.2770060128550695,-0.26375362667011626,0,1,0,0
18,96,1,17,6,15,0.66,2.0,0.2770060128550695,1.0272854951675199,1,1,0,0
39,66,1,21,10,10,0.7,3.0,0.2767747230201067,-0.42736187853812085,1,1,0,0
29,148,1,8,8,13,0.73,1.0,0.2767747230201067,1.249493344174844,0,1,0,1
26,143,1,15,7,14,0.92,3.0,0.2765167148163434,0.40053529958913137,1,1,0,0
43,149,3,9,3,7,0.76,3.0,0.2767747230201067,-0.06518150290441607,0,1,0,0
40,55,1,19,7,10,0.63,2.0,0.26641414141414144,0.8103936823560574,0,1,0,0
47,87,3,15,7,4,0.58,2.0,0.26641414141414144,-0.5324567725561942,0,1,0,1
52,44,1,24,4,9,0.98,1.0,0.2641112047177759,-0.12274006862183455,0,0,1,1
40,92,1,14,15,7,0.67,2.0,0.2733843537414966,0.29265610851366586,1,0,0,0
24,89,2,8,8,12,0.86,2.0,0.2765167148163434,-0.5256253888467959,0,1,0,0
42,55,2,14,6,13,0.59,2.0,0.265988987717069,1.8927090840771472,0,0,1,0
35,105,3,18,3,12,0.85,1.0,0.2765167148163434,-0.5409328627132113,0,0,1,0
26,175,2,14,10,12,0.55,1.0,0.27391304347826084,0.13158575573337275,0,0,1,0
34,87,1,13,10,10,0.98,2.0,0.27391304347826084,-0.4053400599979056,1,0,1,0
29,110,1,23,11,6,0.83,2.0,0.2719186785260483,-0.2116466160318839,1,0,0,0
26,147,1,13,13,10,0.71,1.0,0.2719186785260483,0.7084157226544453,1,1,0,0
24,145,1,20,10,4,0.82,2.0,0.26641414141414144,0.7397452244993501,1,0,1,0
34,135,1,13,7,7,0.65,2.0,0.2733843537414966,2.0589537942207357,0,0,1,0
20,70,2,24,12,6,0.78,2.0,0.2765167148163434,0.35718157682380697,1,0,1,0
18,143,1,22,6,9,0.82,2.0,0.2723334021043945,0.34313073260276333,1,0,1,0
45,56,3,17,10,12,0.85,1.0,0.2765167148163434,0.04319048411041093,1,0,1,0
34,53,3,11,5,9,0.8,2.0,0.2767747230201067,-0.1370373108125589,0,0,1,0
37,21,2,19,9,3,0.62,1.0,0.2770060128550695,-0.12066416572727441,1,0,1,0
53,90,1,18,7,9,0.85,1.0,0.2719186785260483,-0.6116121203161285,0,0,1,1
24,67,4,11,14,8,0.98,2.0,0.2770060128550695,0.34265641651112794,0,1,0,0
55,166,1,12,4,10,0.96,1.0,0.2767747230201067,-0.05291704396355774,0,1,0,1
40,79,3,14,10,11,0.89,1.0,0.27391304347826084,-0.46807298307861944,0,0,1,1
35,118,1,19,10,12,0.55,2.0,0.2770060128550695,0.20028150968036024,0,1,0,0
48,97,4,16,11,6,0.82,3.0,0.2723334021043945,-0.19508251252009684,0,1,0,1
33,40,3,24,10,10,0.93,1.0,0.27391304347826084,-0.29620423927706835,1,0,1,0
25,118,3,18,10,14,0.8,1.0,0.27391304347826084,-0.18339708880798822,0,0,1,1
26,11,3,9,7,13,0.74,1.0,0.2719186785260483,-0.05805444163140096,1,0,0,0
31,45,2,7,15,12,0.51,1.0,0.2765167148163434,-0.3018898724274512,1,0,0,1
19,129,1,18,7,11,0.64,1.0,0.2719186785260483,0.42428806386635376,0,1,0,1
28,26,1,20,10,12,0.55,2.0,0.2770060128550695,-0.18342172860495629,1,1,0,1
39,175,2,23,7,9,0.6,3.0,0.27621483375959077,1.4428726307295228,1,0,1,0
24,2,2,13,7,11,0.79,3.0,0.2767747230201067,0.032219614510376436,1,1,0,0
41,108,1,9,7,13,0.69,1.0,0.2627646326276463,-0.032016336185389835,1,0,1,0
34,62,3,11,7,9,0.85,1.0,0.2765167148163434,0.6536352940451771,0,1,0,0
30,7,4,15,6,18,0.93,2.0,0.27391304347826084,0.048223162641139836,0,1,0,1
23,83,4,16,16,9,0.79,2.0,0.2719186785260483,-0.5318284577335083,0,1,0,1
46,9,4,12,9,8,0.68,3.0,0.265988987717069,-0.514506680464953,1,1,0,0
32,87,1,12,7,10,0.52,2.0,0.2723334021043945,-0.2100943088228953,1,0,1,0
43,128,2,18,9,6,0.94,2.0,0.2765167148163434,-0.34661110392450367,0,1,0,0
25,150,3,15,7,5,0.97,3.0,0.27474402730375425,0.7820517558935315,1,1,0,0
32,140,1,18,15,12,0.5,1.0,0.2641112047177759,1.098192670892392,0,1,0,0
43,175,2,9,6,16,0.63,2.0,0.27391304347826084,-0.5884999907600761,1,1,0,0
48,154,1,14,7,9,0.81,3.0,0.2765167148163434,0.20128558140680922,1,1,0,1
37,36,2,15,8,15,0.7,3.0,0.2655860349127182,0.3532453692581573,1,0,1,0
19,135,1,15,9,10,0.86,1.0,0.2641112047177759,0.24941942478393977,0,0,1,0
31,57,3,13,5,8,0.53,1.0,0.2733843537414966,0.2047228330838554,0,1,0,0
27,154,4,16,5,10,0.62,2.0,0.27474402730375425,1.1915097419597263,1,0,0,0
32,38,2,18,4,10,0.51,1.0,0.265988987717069,-0.49096951441120124,0,0,1,0
31,68,1,15,3,9,0.72,1.0,0.2770060128550695,0.8791017562015289,0,0,1,0
62,27,2,13,8,11,0.82,1.0,0.27391304347826084,2.1388455639125517,1,0,1,0
36,141,1,15,9,11,0.88,1.0,0.2641112047177759,0.2881100659730564,0,1,0,0
27,66,1,15,6,13,0.71,3.0,0.2765167148163434,-0.4335218277801391,1,1,0,0
34,150,2,15,10,12,0.71,2.0,0.2770060128550695,0.344023925242856,0,1,0,0
28,132,1,14,5,10,0.69,2.0,0.2733843537414966,-0.5558029801834433,0,0,0,1
45,137,2,16,8,11,0.62,1.0,0.2770060128550695,0.12041776775759368,0,1,0,1
37,118,1,11,9,11,0.95,2.0,0.2770060128550695,0.565141463234343,0,1,0,0
23,69,1,10,7,7,0.87,3.0,0.2765167148163434,-0.061867450212210254,1,0,1,0
37,110,3,22,3,8,0.9,2.0,0.27621483375959077,0.37449103419387825,1,1,0,1
33,148,1,16,6,8,0.64,2.0,0.27621483375959077,1.795806922550958,1,1,0,0
31,169,1,19,9,11,0.88,2.0,0.27474402730375425,1.568868232525764,0,1,0,0
41,28,3,17,10,10,0.69,1.0,0.2770060128550695,0.9127104392659805,1,1,0,1
40,56,2,15,6,11,0.63,3.0,0.2767747230201067,-0.2415593295511245,0,1,0,0
42,83,2,6,13,11,0.75,2.0,0.2655860349127182,-0.12559828507013102,0,0,1,1
31,142,1,12,3,12,0.65,3.0,0.2719186785260483,2.0666290909762903,1,1,0,0
36,109,1,24,9,9,0.87,1.0,0.2719186785260483,-0.25102717153610654,1,0,0,0
18,98,2,18,6,13,0.56,1.0,0.27391304347826084,-0.12128632060071826,1,1,0,0
34,21,1,19,7,6,0.51,2.0,0.26641414141414144,-0.4867314693326927,0,0,1,1
30,68,2,12,6,9,0.9,2.0,0.2723334021043945,-0.26669808240780096,0,0,1,0
37,5,1,14,10,14,0.59,2.0,0.2770060128550695,2.1388455639125517,1,0,1,1
24,6,3,14,10,8,0.84,2.0,0.2765167148163434,0.781910077060965,0,0,1,1
25,104,2,20,9,11,1.0,1.0,0.265988987717069,-0.29039540714184514,0,0,1,0
41,126,1,14,6,6,0.74,3.0,0.2733843537414966,1.204599634099015,1,1,0,0
30,54,1,21,11,10,0.93,1.0,0.2733843537414966,0.8275676208428042,1,0,1,0
27,177,2,19,6,5,1.0,3.0,0.2723334021043945,-0.611716839453243,0,0,1,1
36,87,2,12,2,6,0.64,2.0,0.2767747230201067,-0.3184231761930282,1,1,0,0
33,38,1,16,11,7,0.95,1.0,0.27812113720642767,-0.1595519252921356,0,0,1,0
31,36,2,15,12,7,0.97,1.0,0.2770060128550695,0.7503156973986534,0,1,0,1
29,33,1,14,12,11,0.92,2.0,0.2733843537414966,-0.4944067660882474,1,0,1,1
37,88,3,12,5,11,0.62,2.0,0.265988987717069,-0.22034446436161367,0,0,1,0
42,35,4,18,5,7,0.57,3.0,0.265988987717069,1.0522948890901138,1,0,1,1
29,50,1,7,9,10,0.94,1.0,0.2765167148163434,-0.3745218339400883,0,1,0,1
18,63,1,12,3,9,0.64,1.0,0.2627646326276463,0.20857896130935882,1,1,0,0
27,8,1,15,11,12,0.97,1.0,0.2719186785260483,-0.5338982006788264,0,0,1,0
23,53,1,18,13,14,0.88,3.0,0.2723334021043945,0.0331867265413733,0,0,1,0
41,151,1,13,6,12,0.63,2.0,0.2767747230201067,-0.3068178318210658,1,0,1,0
42,8,4,19,12,7,0.63,2.0,0.2723334021043945,-0.21799136375116268,1,1,0,0
44,87,1,11,14,7,0.89,3.0,0.2767747230201067,0.29043852678653925,1,1,0,0
35,21,1,9,6,13,0.84,2.0,0.2719186785260483,0.7486833108495186,0,1,0,0
18,10,1,12,3,14,0.84,2.0,0.2770060128550695,-0.2544829030608788,1,0,1,0
25,161,1,17,4,10,0.64,1.0,0.2767747230201067,-0.3943630304486291,0,1,0,0
35,34,2,15,6,10,0.98,1.0,0.2767747230201067,0.6001238149797645,0,1,0,0
30,155,2,14,16,15,0.74,2.0,0.2723334021043945,-0.06097425757211761,1,1,0,0
51,89,2,13,7,7,0.79,2.0,0.27474402730375425,-0.20677409618144746,0,1,0,0
18,86,1,12,10,6,0.94,1.0,0.2765167148163434,0.44902642002229903,0,1,0,1
21,2,1,16,7,11,0.76,2.0,0.27474402730375425,-0.5842681056308096,0,1,0,1
22,73,4,15,9,17,0.93,2.0,0.27391304347826084,0.33091555325584115,1,1,0,0
34,51,1,21,8,18,0.88,2.0,0.27474402730375425,-0.1950085931291926,0,0,1,0
40,158,1,12,3,9,0.81,2.0,0.2733843537414966,0.8852617054435471,0,0,1,0
34,46,1,11,14,17,0.99,2.0,0.2719186785260483,-0.30586303968855294,0,1,0,1
21,86,3,14,7,9,0.56,3.0,0.2765167148163434,-0.2918429952137194,1,1,0,0
18,44,1,16,7,7,0.87,1.0,0.265988987717069,1.774511978021301,0,0,1,0
27,144,4,10,5,7,0.81,2.0,0.2767747230201067,-0.2768743185556151,0,1,0,1
22,7,1,14,11,17,0.57,3.0,0.2627646326276463,0.3886527575012782,0,1,0,0
18,81,1,7,9,8,0.53,2.0,0.2765167148163434,-0.6346072108365827,1,0,1,1
32,27,4,6,9,11,0.76,1.0,0.2770060128550695,0.08432046519936676,1,1,0,1
26,175,3,16,11,8,0.73,2.0,0.2765167148163434,1.194842274499658,1,0,0,0
36,86,3,12,6,5,0.69,1.0,0.27812113720642767,1.442626232759842,1,1,0,0
36,7,1,15,5,4,0.59,2.0,0.2767747230201067,0.4590917770837568,0,1,0,0
25,57,4,22,11,7,0.64,2.0,0.265988987717069,0.2847097739914623,0,1,0,0
38,4,3,8,16,7,0.88,2.0,0.265988987717069,-0.37519942835671033,0,0,1,1
33,23,1,17,5,13,0.55,2.0,0.2765167148163434,-0.5081988924411263,0,1,0,0
45,3,1,17,9,11,0.8,2.0,0.2723334021043945,0.11736859288279465,0,0,1,1
40,43,2,13,10,11,0.6,1.0,0.2767747230201067,-0.3217002691897819,1,0,1,0
31,105,2,17,9,6,0.52,2.0,0.27391304347826084,0.050342185180394114,0,1,0,0
37,135,3,14,3,5,0.68,1.0,0.27391304347826084,0.2489882283369985,0,0,1,1
33,87,1,19,6,9,0.71,2.0,0.2770060128550695,1.5471728912953757,0,0,1,1
30,69,3,12,10,12,0.87,1.0,0.27474402730375425,-0.547271450483248,1,1,0,1
18,180,4,17,2,8,0.78,1.0,0.2765167148163434,-0.49316861629060177,1,1,0,0
49,77,3,17,3,11,0.93,3.0,0.2765167148163434,1.5050080387337608,1,0,1,0
32,118,1,13,7,9,0.97,1.0,0.27391304347826084,1.0074504586082211,0,0,1,1
49,60,2,13,7,5,0.94,3.0,0.2765167148163434,0.8333764529780274,1,0,1,0
52,128,1,12,8,10,0.65,1.0,0.2765167148163434,0.7132389629109456,0,1,0,0
22,95,1,13,7,9,0.61,1.0,0.2767747230201067,1.2274961654315968,0,0,1,1
41,65,1,15,5,13,0.83,2.0,0.2723334021043945,0.09194648236098535,1,0,0,0
32,90,3,11,9,11,0.6,2.0,0.27391304347826084,0.2318635694441878,0,0,0,1
49,136,2,15,7,13,0.82,1.0,0.2767747230201067,0.8052316448912461,0,0,1,0
32,21,1,18,11,9,0.95,1.0,0.27474402730375425,-0.060826418790309165,1,0,0,0
37,171,1,15,3,13,0.88,2.0,0.27474402730375425,0.8138678937285557,0,0,1,0
35,13,1,15,8,9,0.58,3.0,0.2770060128550695,2.1388455639125517,1,0,0,1
41,179,4,14,8,4,0.63,1.0,0.2765167148163434,0.14023432446916637,0,0,0,0
18,36,3,11,5,13,0.99,1.0,0.2767747230201067,-0.016228386278097067,1,0,1,1
35,101,1,20,5,8,0.96,2.0,0.27391304347826084,-0.561790450846685,0,0,0,0
36,110,4,13,8,10,0.72,3.0,0.265988987717069,-0.3829732843001374,0,1,0,0
51,157,4,17,7,5,0.92,2.0,0.2641112047177759,-0.020220033386924893,0,1,0,0
37,83,1,13,4,14,0.83,2.0,0.2767747230201067,-0.3190145313202619,0,1,0,0
33,39,2,13,6,12,0.66,1.0,0.2765167148163434,-0.28404449947332433,0,0,1,1
38,158,3,14,7,11,0.53,2.0,0.2723334021043945,-0.33007164020968466,1,1,0,0
33,104,2,9,6,15,0.94,1.0,0.27391304347826084,-0.6304184453520103,1,0,1,0
27,102,2,13,7,6,0.95,2.0,0.2770060128550695,-0.5743813870973703,1,1,0,0
42,66,2,17,5,12,0.73,3.0,0.2765167148163434,0.7633932696394582,1,0,1,0
26,160,2,18,9,8,0.77,1.0,0.2770060128550695,1.725183104491219,1,0,1,0
27,142,1,19,9,8,0.97,3.0,0.2770060128550695,-0.005374555713660919,0,1,0,0
39,128,2,17,9,11,0.69,2.0,0.27391304347826084,-0.1609009541761376,0,0,0,0
37,148,4,18,9,11,0.83,3.0,0.2770060128550695,0.6338741768767825,1,1,0,0
35,141,4,15,7,18,0.81,2.0,0.2767747230201067,0.4750830053160362,0,1,0,0
32,29,3,21,11,12,0.66,2.0,0.2770060128550695,0.2976395074504586,0,1,0,0
30,119,1,11,9,9,0.6,2.0,0.2767747230201067,0.27568544835190556,1,1,0,0
43,69,2,10,8,13,0.94,2.0,0.2765167148163434,2.1388455639125517,1,1,0,0
29,80,1,13,11,7,0.98,3.0,0.2770060128550695,0.19755881211538817,0,0,0,1
29,34,1,12,8,4,0.54,2.0,0.2719186785260483,-0.35788997098663905,0,0,1,1
30,49,4,13,6,16,0.77,3.0,0.2770060128550695,-0.6008568489395647,0,1,0,0
31,97,3,12,6,13,0.61,2.0,0.2641112047177759,0.22392955482046828,0,0,0,0
40,161,1,15,8,8,0.69,2.0,0.2719186785260483,0.6444692895730539,1,0,0,0
43,53,1,12,7,12,0.75,2.0,0.27391304347826084,-0.19943143668496172,0,1,0,0
27,76,2,15,4,9,0.63,1.0,0.27391304347826084,-0.03257073161717147,0,0,1,0
28,149,1,15,11,17,0.54,1.0,0.2770060128550695,0.17983047819685966,1,0,1,0
34,83,1,9,6,11,0.66,3.0,0.27474402730375425,0.07761228047480889,0,0,1,1
38,164,1,11,5,11,0.94,2.0,0.2719186785260483,-0.06567429884377753,1,0,1,0
36,49,2,19,6,8,0.54,1.0,0.2641112047177759,1.160050881180739,1,0,1,1
36,173,2,11,9,8,0.59,2.0,0.2641112047177759,1.6608547545568224,0,1,0,0
34,62,4,18,9,13,0.81,1.0,0.2723334021043945,-0.05571366091943403,1,0,1,0
18,56,1,17,7,8,0.75,3.0,0.2765167148163434,-0.5593203112006357,1,1,0,0
47,115,3,18,5,5,0.55,1.0,0.2765167148163434,0.925079617343953,1,1,0,0
46,170,2,12,9,8,0.6,2.0,0.2767747230201067,0.5624064457708868,0,1,0,0
28,172,4,18,6,6,0.96,2.0,0.2733843537414966,-0.16565643499097568,0,1,0,0
51,4,1,9,7,8,0.68,1.0,0.2723334021043945,0.9464546412137564,1,0,1,1
37,158,3,14,12,11,0.91,1.0,0.265988987717069,-0.5028520564990544,0,0,0,0
40,17,1,10,4,12,0.89,3.0,0.2723334021043945,0.5496738306876351,0,0,1,1
39,118,3,15,6,13,0.88,2.0,0.27391304347826084,0.7973961894553989,1,0,0,0
27,106,1,14,9,12,0.96,1.0,0.27391304347826084,-0.4737031766858241,0,1,0,1
45,3,1,10,10,8,0.65,3.0,0.2770060128550695,0.4586174609921214,1,1,0,0
43,35,1,10,8,8,0.76,2.0,0.2627646326276463,-0.586454887611726,0,1,0,1
42,135,2,13,16,7,0.73,2.0,0.27391304347826084,-0.4849019644078133,0,0,1,0
31,23,1,22,9,8,0.96,2.0,0.27391304347826084,-0.3148565655818996,1,1,0,1
51,26,1,8,13,5,0.52,1.0,0.27474402730375425,-0.5976413554352312,1,1,0,1
32,128,2,9,6,11,0.5,1.0,0.2733843537414966,2.1388455639125517,1,1,0,0
41,5,1,20,11,10,0.6,1.0,0.27391304347826084,-0.536097302558227,1,1,0,0
28,97,1,18,9,10,0.75,1.0,0.2719186785260483,-0.012181299626091081,0,1,0,0
33,86,2,20,3,3,0.6,1.0,0.27391304347826084,-0.0980756318567935,1,1,0,0
28,1,2,16,6,12,0.87,2.0,0.26641414141414144,0.7340534313997252,0,0,1,1
35,146,3,19,11,15,0.54,1.0,0.2723334021043945,-0.37969003135414164,1,0,1,1
23,79,1,10,5,13,0.62,1.0,0.2770060128550695,-0.5520700509427803,1,0,1,0
28,140,2,14,14,12,0.58,2.0,0.27391304347826084,2.1155883675518514,1,1,0,1
35,116,3,19,9,7,0.91,1.0,0.2770060128550695,1.83091247328122,1,1,0,1
22,41,2,26,3,5,0.74,2.0,0.27474402730375425,-0.10777139196373021,1,0,1,0
46,105,1,19,8,9,0.52,1.0,0.2767747230201067,0.19636378196243662,1,0,1,1
43,92,4,14,8,8,0.96,2.0,0.2733843537414966,0.0976382754606102,1,0,1,0
20,165,3,12,8,8,0.69,1.0,0.2765167148163434,-0.5450045891621853,0,1,0,0
36,142,3,17,11,9,0.92,2.0,0.27621483375959077,-0.17481011956461479,1,1,0,0
33,135,1,13,6,11,0.58,2.0,0.265988987717069,-0.08652572702800929,1,1,0,0
18,124,3,16,10,9,0.66,1.0,0.2723334021043945,-0.6006966902592723,0,1,0,1
38,121,3,16,11,6,0.94,3.0,0.2641112047177759,-0.19133726338094975,0,0,1,0
25,162,4,20,6,17,0.87,1.0,0.27391304347826084,-0.3310387522406815,0,0,1,0
18,61,1,12,10,8,0.89,1.0,0.27474402730375425,-0.2854551278497465,1,0,1,1
33,59,3,16,12,11,0.84,3.0,0.2767747230201067,-0.24517521975618922,0,1,0,0
31,85,2,17,6,10,0.63,1.0,0.2733843537414966,-0.3273797423909227,0,0,1,0
23,147,2,11,15,6,0.58,1.0,0.2723334021043945,-0.4386161058032882,1,1,0,0
34,27,1,14,8,12,0.54,1.0,0.2733843537414966,-0.10342862774810735,1,0,1,0
41,140,1,18,11,12,0.81,1.0,0.2770060128550695,0.6080023900603059,0,0,1,1
40,61,2,6,7,5,0.6,1.0,0.27391304347826084,0.42284663574372144,1,1,0,0
30,66,4,21,7,11,0.59,2.0,0.265988987717069,-0.31728974553249684,1,0,1,0
21,40,4,13,8,5,0.76,2.0,0.2770060128550695,-0.3483050899660587,0,1,0,0
45,92,2,20,4,20,0.83,2.0,0.2770060128550695,1.4011636144118171,1,1,0,0
24,111,3,12,7,8,0.91,1.0,0.27391304347826084,-0.308573417355041,0,1,0,0
29,100,1,20,6,9,0.57,3.0,0.2733843537414966,0.8860994585404617,1,1,0,0
25,77,4,11,16,12,0.97,1.0,0.2719186785260483,2.1388455639125517,0,0,1,0
49,100,1,14,3,15,0.75,3.0,0.2641112047177759,1.2108889422751157,0,1,0,0
20,60,2,14,8,8,0.78,1.0,0.27391304347826084,-0.6141315395561141,0,0,1,0
45,105,2,16,5,14,0.64,3.0,0.2733843537414966,-0.515516912140644,0,0,1,0
48,124,1,13,7,7,0.84,2.0,0.265988987717069,-0.40127449349817357,1,0,0,0
39,23,2,20,4,12,0.51,1.0,0.2733843537414966,-0.2561460893562237,0,1,0,1
39,79,1,22,7,9,0.56,2.0,0.2655860349127182,-0.6354018442888031,0,1,0,0
26,150,2,11,8,7,0.95,2.0,0.2770060128550695,-0.20694041481098197,1,1,0,0
30,49,2,13,14,9,0.6,2.0,0.2723334021043945,1.5019157442142677,1,1,0,0
43,104,1,10,12,7,0.6,1.0,0.27474402730375425,-0.47506452546831013,0,0,1,0
33,151,1,14,2,8,0.63,2.0,0.2770060128550695,-0.5767221678093373,0,0,0,0
52,27,2,16,13,13,0.64,1.0,0.27474402730375425,2.1388455639125517,0,1,0,0
38,44,2,11,8,9,0.92,2.0,0.26641414141414144,0.1324727884242234,0,1,0,0
31,88,1,19,11,10,0.63,2.0,0.27391304347826084,1.8358589125225608,0,0,1,0
38,145,3,15,5,9,0.51,3.0,0.27474402730375425,1.591783243706072,0,0,1,1
42,128,3,11,13,8,0.59,3.0,0.27621483375959077,0.5397686323064698,1,0,1,0
50,99,1,13,10,6,0.6,3.0,0.265988987717069,-0.5323458934698378,1,1,0,0
30,143,2,17,7,12,0.7,2.0,0.2723334021043945,-0.4172102821872748,0,0,1,0
33,18,4,12,7,8,0.96,2.0,0.2770060128550695,-0.2226914050228226,1,0,1,0
38,131,4,14,14,10,1.0,3.0,0.2765167148163434,-0.5721884451672118,1,0,1,0
28,38,3,12,2,11,0.85,2.0,0.2723334021043945,0.29414681623023425,1,1,0,1
36,165,2,15,8,11,0.9,2.0,0.2719186785260483,-0.4539605393651556,1,1,0,0
32,146,1,13,10,18,0.79,2.0,0.2765167148163434,-0.411555448783102,1,0,0,0
48,178,4,20,8,3,0.57,3.0,0.2767747230201067,1.5619506095269775,0,0,1,0
34,24,1,15,12,6,0.61,3.0,0.2723334021043945,-0.4639827767819193,0,0,1,1
20,166,1,16,7,11,0.54,2.0,0.2641112047177759,0.5078970549282674,0,0,0,0
54,20,2,14,7,9,0.76,1.0,0.27391304347826084,0.34825581037212255,0,1,0,0
21,142,1,13,9,9,0.97,3.0,0.2765167148163434,0.5136073278756184,1,1,0,0
22,21,2,17,6,8,0.62,1.0,0.2627646326276463,0.879816310313603,0,1,0,0
38,161,1,17,6,13,0.72,2.0,0.2765167148163434,2.1388455639125517,0,0,1,0
33,60,1,13,5,10,0.65,1.0,0.2655860349127182,-0.03236745329218487,1,1,0,1
25,133,1,17,11,10,0.56,1.0,0.2719186785260483,-0.28546128779898855,1,1,0,0
35,133,1,21,8,11,0.62,1.0,0.2719186785260483,1.4514842397698644,1,0,1,0
32,13,1,12,6,11,0.96,2.0,0.2641112047177759,-0.5599732658202896,0,1,0,1
18,73,4,21,9,15,0.67,2.0,0.2770060128550695,-0.47190447150715475,1,1,0,0
38,136,1,12,9,9,0.94,3.0,0.265988987717069,0.3136984951244002,1,0,1,0
48,15,2,13,11,12,0.63,1.0,0.2767747230201067,-0.4827521421223489,1,0,0,0
43,60,1,22,8,10,0.63,3.0,0.2767747230201067,-0.511488305336364,0,0,0,1
44,89,4,14,4,8,0.97,2.0,0.2641112047177759,-0.5859990513678167,0,1,0,0
40,145,1,11,3,8,0.57,1.0,0.27391304347826084,-0.4494329766722722,0,1,0,0
34,111,1,14,11,10,0.53,2.0,0.265988987717069,-0.21102446115844006,1,0,1,1
22,152,2,15,10,10,0.86,2.0,0.2765167148163434,0.6153512095060337,1,1,0,0
25,17,2,8,6,10,0.77,1.0,0.27474402730375425,-0.10853522566974048,1,1,0,1
36,155,1,15,7,7,0.95,3.0,0.2770060128550695,0.7010361034625074,0,1,0,0
35,166,2,17,6,12,0.64,2.0,0.265988987717069,0.7257190200752746,1,0,1,0
30,160,2,16,8,4,0.59,1.0,0.2765167148163434,1.1389284152298584,0,1,0,0
52,118,1,11,11,14,0.67,2.0,0.2767747230201067,-0.3462168671730145,1,0,1,0
47,151,1,23,17,10,0.6,1.0,0.27621483375959077,1.5440189972834624,1,1,0,0
39,43,1,17,9,17,0.67,1.0,0.2723334021043945,0.09940618089306943,1,0,0,1
19,152,3,15,4,14,0.91,3.0,0.2767747230201067,-0.49604531258662427,0,0,1,0
22,47,1,14,8,10,0.6,3.0,0.265988987717069,-0.32062227807242866,0,0,1,0
43,17,3,14,6,19,0.9,2.0,0.2719186785260483,0.6761868682202059,1,1,0,0
36,117,1,16,7,6,0.76,1.0,0.2770060128550695,0.36720381424057064,1,0,0,1
25,108,1,11,7,10,0.66,1.0,0.2765167148163434,1.578034236997887,1,0,1,0
39,101,1,14,6,14,0.94,2.0,0.27474402730375425,-0.5377050493103936,0,0,1,1
38,105,2,21,10,12,0.71,2.0,0.2765167148163434,-0.6051749733582196,0,1,0,1
35,134,1,22,8,6,0.89,2.0,0.2767747230201067,0.10790691084705462,1,0,0,1
39,167,1,17,11,4,0.79,2.0,0.2767747230201067,0.08589125225608141,1,1,0,0
27,122,2,18,8,11,0.69,1.0,0.2770060128550695,-0.5416843765207374,0,0,1,0
30,147,1,19,10,10,0.54,2.0,0.2770060128550695,0.258622388951515,0,0,1,0
32,23,2,18,4,8,0.95,1.0,0.26641414141414144,0.32452768589186826,1,1,0,0
39,13,1,10,5,10,0.65,2.0,0.2723334021043945,1.1567614682855014,1,1,0,0
38,30,1,8,5,11,0.9,3.0,0.265988987717069,-0.12416917684598279,1,0,1,0
18,144,3,15,8,6,0.79,1.0,0.2767747230201067,0.10413702191093946,0,1,0,0
35,82,4,22,10,7,0.51,1.0,0.27474402730375425,-0.3022594693819723,1,0,1,0
39,123,2,11,10,11,0.67,2.0,0.27474402730375425,0.9198251806405116,0,1,0,0
41,21,2,20,10,13,0.95,1.0,0.2767747230201067,-0.22912855198073168,0,0,1,1
54,131,3,13,5,13,0.86,1.0,0.265988987717069,-0.2451382600607371,1,1,0,1
39,137,1,12,6,7,0.86,1.0,0.265988987717069,-0.12756330887833484,1,0,1,0
18,132,4,16,7,11,0.9,2.0,0.2719186785260483,0.4861154744084909,0,1,0,0
19,58,1,18,5,9,0.8,1.0,0.2765167148163434,-0.3516807421506847,1,1,0,1
53,44,2,17,7,13,0.69,2.0,0.2733843537414966,-0.018624606533242168,1,1,0,1
43,136,4,14,3,10,0.82,2.0,0.2723334021043945,0.21579226187176218,1,1,0,0
26,125,1,12,6,5,0.9,2.0,0.27812113720642767,-0.5721638053702437,1,0,1,1
28,134,1,16,12,11,0.58,3.0,0.2627646326276463,-0.03494847202459052,0,0,0,1
46,106,2,14,5,14,0.63,1.0,0.27391304347826084,0.789332815897597,0,0,0,1
38,146,1,19,4,9,0.87,1.0,0.2767747230201067,0.30653447415593293,1,1,0,0
36,74,1,18,10,13,0.77,2.0,0.2767747230201067,-0.554688029370638,1,0,0,0
48,77,1,18,7,9,0.52,1.0,0.2770060128550695,0.6124929930577372,0,0,1,0
30,50,1,11,7,10,0.97,2.0,0.2733843537414966,0.20687881531856178,1,0,1,1
44,100,2,24,5,8,0.63,3.0,0.2719186785260483,1.3773122909467226,1,0,1,0
25,26,1,14,8,6,0.68,1.0,0.265988987717069,-0.2999987680101516,1,1,0,0
37,87,2,12,10,8,0.68,1.0,0.2770060128550695,0.8153894011913342,0,1,0,1
25,111,2,15,6,7,0.94,1.0,0.27474402730375425,-0.5991259032025577,1,0,1,1
23,109,3,10,8,11,0.86,2.0,0.27391304347826084,-0.39946962837026223,0,0,1,0
48,127,2,17,8,13,0.67,2.0,0.2719186785260483,1.2610062893081762,1,1,0,0
34,167,1,19,4,10,0.86,3.0,0.2733843537414966,1.4677095460733403,1,1,0,1
53,31,2,18,6,14,0.97,2.0,0.27621483375959077,0.7767418796469117,1,1,0,0
29,10,1,14,8,10,1.0,1.0,0.27621483375959077,0.6275232692082617,0,0,1,1
20,131,2,18,12,16,0.73,3.0,0.2765167148163434,-0.23799271893999593,0,1,0,0
26,48,1,24,11,11,0.51,2.0,0.265988987717069,0.30386105618489706,0,0,0,1
22,147,4,9,7,10,0.55,3.0,0.2770060128550695,-0.6285704605794048,1,1,0,0
38,86,2,13,9,8,0.62,1.0,0.27391304347826084,0.01601278805462643,0,1,0,1
46,127,2,13,10,13,0.58,2.0,0.2723334021043945,-0.511149508128053,1,1,0,1
38,98,2,16,6,8,0.84,3.0,0.2733843537414966,-0.45153967931304245,1,0,0,1
24,77,2,19,6,8,0.75,2.0,0.2767747230201067,-0.34083307153549053,0,0,1,0
19,26,1,10,7,10,0.86,2.0,0.2770060128550695,-0.498312173907687,0,1,0,1
32,64,2,21,4,4,0.71,1.0,0.2765167148163434,-0.5345080356537862,1,1,0,0
39,55,1,15,3,11,0.76,1.0,0.27474402730375425,0.46170359556237256,0,1,0,0
52,80,2,15,8,11,0.8,2.0,0.2765167148163434,0.22773024350279353,0,1,0,1
18,108,4,14,8,10,0.61,2.0,0.265988987717069,0.13222023050530063,1,1,0,0
38,50,1,12,11,14,0.91,1.0,0.27391304347826084,-0.14461404838024133,0,0,1,0
35,6,4,13,14,6,1.0,2.0,0.27474402730375425,1.3768687746012973,1,1,0,0
33,57,3,22,7,7,0.99,2.0,0.2723334021043945,-0.52633994295887,1,1,0,1
21,22,2,17,11,8,0.68,1.0,0.2655860349127182,-0.5996186991419191,1,0,1,0
31,2,3,20,8,11,0.9,1.0,0.2767747230201067,-0.31388329360166073,0,0,0,0
34,83,1,13,11,5,0.79,2.0,0.27474402730375425,0.1342961333998608,1,1,0,1
47,107,2,16,7,11,0.98,1.0,0.2770060128550695,-0.018144130492364744,0,0,1,0
20,133,1,15,7,8,0.91,3.0,0.2765167148163434,0.04441015406033054,1,0,1,0
29,176,2,15,7,11,0.53,1.0,0.2767747230201067,0.7805856879739311,1,0,1,0
33,157,1,15,7,4,0.94,3.0,0.2723334021043945,0.8327481381553417,1,0,1,0
23,169,2,9,12,4,0.63,3.0,0.2770060128550695,1.3874577273483266,0,0,1,0
21,179,3,15,6,9,0.98,3.0,0.2770060128550695,1.450356969058575,1,1,0,0
29,179,1,14,6,10,0.9,1.0,0.2641112047177759,1.5665952112554593,1,0,1,0
34,34,3,12,6,14,0.84,1.0,0.2767747230201067,0.4945607648192979,1,0,1,0
32,153,3,17,8,8,0.52,2.0,0.2641112047177759,0.26560777139196373,1,1,0,0
37,70,4,21,8,5,0.81,2.0,0.2770060128550695,-0.39919243065437143,1,1,0,0
50,9,4,24,12,12,0.57,2.0,0.2627646326276463,1.9229667547539409,1,0,1,0
53,30,2,18,3,9,0.92,2.0,0.2641112047177759,0.25726720011827103,0,0,1,1
26,53,3,18,11,6,0.91,2.0,0.27391304347826084,1.0372461330918634,1,1,0,1
28,42,1,17,8,10,0.89,2.0,0.26641414141414144,0.3001034871472659,1,1,0,0
34,124,4,12,12,10,0.68,1.0,0.2719186785260483,2.1388455639125517,0,0,1,0
51,140,1,9,8,8,0.57,2.0,0.2765167148163434,-0.3763451789157257,0,0,1,0
41,65,2,9,9,19,0.5,1.0,0.2765167148163434,-0.5130098127991425,1,1,0,0
35,112,1,9,10,7,0.87,1.0,0.2765167148163434,-0.35321456951194724,0,0,1,0
27,43,1,17,8,13,0.62,1.0,0.2723334021043945,1.6331534628154665,0,0,1,1
51,81,1,16,9,6,0.97,2.0,0.2723334021043945,1.0676639624489495,0,0,1,0
26,59,1,12,4,7,0.55,2.0,0.2765167148163434,0.3498635571242893,0,0,1,0
31,134,1,9,11,8,0.9,2.0,0.2770060128550695,1.0952358952562231,1,1,0,0
23,154,4,12,8,12,1.0,2.0,0.2770060128550695,0.04849420040778864,1,1,0,0
36,118,1,19,14,10,0.82,2.0,0.2723334021043945,-0.6132506668145055,0,0,1,0
56,161,1,18,7,11,0.91,1.0,0.27391304347826084,-0.23856559421950363,1,1,0,0
47,62,2,13,9,8,0.53,1.0,0.265988987717069,-0.3205914783262186,0,1,0,0
37,138,1,16,8,10,0.96,2.0,0.2723334021043945,-0.45002433179950596,0,0,1,0
36,37,1,13,9,8,0.89,2.0,0.2767747230201067,-0.28279402977719464,1,0,1,0
21,14,2,16,11,14,0.93,2.0,0.2655860349127182,-0.3314021892459606,1,1,0,0
37,137,1,13,7,10,0.5,3.0,0.2767747230201067,-0.21476971029758715,0,0,1,0
48,82,1,9,7,7,0.5,1.0,0.26641414141414144,-0.3542432810353643,1,1,0,1
40,79,2,19,7,11,0.86,1.0,0.27391304347826084,0.36038475042965645,0,1,0,1
33,40,3,11,14,9,0.93,1.0,0.2765167148163434,-0.2267076919286185,1,0,1,0
42,103,1,13,9,9,0.83,2.0,0.2733843537414966,-0.19605578450033573,1,0,1,0
34,27,2,14,5,5,0.61,1.0,0.2765167148163434,0.19772513074492265,1,0,1,0
35,54,1,12,8,8,0.52,3.0,0.2767747230201067,2.1388455639125517,0,1,0,1
40,132,4,16,12,11,0.64,2.0,0.2719186785260483,0.34757821595550054,0,0,1,0
24,113,1,19,5,10,0.82,1.0,0.27474402730375425,1.1179784278577545,0,1,0,1
37,164,4,20,7,8,0.5,1.0,0.2767747230201067,-0.19514411201251702,1,0,1,1
20,162,3,20,12,7,0.75,3.0,0.2770060128550695,1.0603829024448839,1,0,1,0
61,160,4,15,6,17,0.5,2.0,0.2770060128550695,2.1388455639125517,0,1,0,0
36,39,3,15,14,16,0.55,3.0,0.2767747230201067,-0.5427315678918806,0,0,1,1
21,23,1,20,10,5,0.54,1.0,0.2767747230201067,0.4132063151799629,0,1,0,0
18,110,3,17,6,14,0.52,2.0,0.27391304347826084,1.2313769334540683,0,1,0,0
26,33,1,11,6,10,0.86,3.0,0.2767747230201067,0.215398025120273,1,1,0,0
29,154,3,19,8,12,0.74,2.0,0.2765167148163434,0.8490535237989639,0,1,0,0
26,76,3,20,10,12,0.79,1.0,0.2641112047177759,0.4126519197481813,0,1,0,0
46,33,2,19,8,11,0.93,2.0,0.265988987717069,0.387568606434683,1,1,0,0
29,77,2,11,7,15,1.0,3.0,0.265988987717069,-0.12725531141623392,1,1,0,0
25,106,2,11,6,14,0.65,3.0,0.2770060128550695,-0.23429058944554296,0,1,0,0
42,82,3,16,11,8,0.85,1.0,0.2767747230201067,0.46471581074171947,0,0,1,0
48,44,2,18,6,8,0.77,2.0,0.2723334021043945,0.8158637172829696,0,1,0,0
51,93,3,13,5,15,0.5,2.0,0.27391304347826084,1.2290238328436174,0,1,0,1
38,119,2,15,6,9,0.89,2.0,0.2765167148163434,0.815648119059499,1,0,1,0
44,70,1,22,6,8,0.65,2.0,0.2627646326276463,-0.5490331959664653,1,0,1,0
45,98,2,8,13,9,0.69,2.0,0.27391304347826084,-0.6354018442888031,1,1,0,0
26,81,1,12,14,8,0.98,1.0,0.265988987717069,1.566915528616044,0,0,1,0
29,135,1,11,5,17,0.75,2.0,0.2723334021043945,-0.3261970321364552,0,0,0,1
33,56,4,15,9,18,0.89,3.0,0.27474402730375425,-0.2027762891233776,1,1,0,1
36,77,3,23,8,6,0.74,3.0,0.2765167148163434,-0.3339277684351881,1,1,0,0
30,157,1,22,7,9,0.99,2.0,0.2767747230201067,-0.014115523688084811,0,0,1,0
46,108,1,11,10,10,0.75,3.0,0.2719186785260483,1.328494693203728,1,0,1,0
24,33,1,18,11,10,0.84,3.0,0.27391304347826084,2.1388455639125517,1,1,0,0
22,57,2,20,2,11,0.88,2.0,0.2770060128550695,1.0261828642531985,0,0,1,0
46,52,2,8,8,11,0.65,3.0,0.2765167148163434,-0.5222990162561061,0,0,1,0
26,117,4,10,11,9,0.58,1.0,0.27391304347826084,1.831232790641805,0,1,0,1
37,92,4,11,5,16,0.51,3.0,0.2765167148163434,-0.4254830940193053,0,1,0,1
32,152,2,9,6,10,0.67,1.0,0.2770060128550695,-0.4550570103302349,0,1,0,0
43,146,2,13,7,12,0.77,1.0,0.2719186785260483,-0.017515815669678882,1,0,0,0
29,179,3,10,7,9,0.56,3.0,0.27474402730375425,-0.5950356969058574,0,0,0,0
25,110,1,17,6,10,0.59,3.0,0.2767747230201067,0.2270095294414774,0,0,1,1
39,113,2,17,4,10,0.52,1.0,0.2767747230201067,-0.6034994671643905,1,0,0,0
36,108,2,15,10,7,0.57,1.0,0.2765167148163434,-0.4356901299133295,1,0,1,1
50,107,2,12,9,12,0.53,1.0,0.26641414141414144,0.2682011100228534,1,0,0,0
31,57,2,18,3,10,0.57,1.0,0.2723334021043945,0.9276729559748428,1,0,1,1
42,127,2,19,8,9,0.94,2.0,0.2770060128550695,-0.06492894498549331,1,1,0,1
27,70,1,11,6,7,0.62,2.0,0.2765167148163434,-0.601281885437264,0,1,0,1
30,172,1,14,3,10,0.82,1.0,0.2765167148163434,-0.5038869279717135,0,1,0,0
27,171,3,9,4,18,0.96,2.0,0.265988987717069,2.1388455639125517,0,0,1,0
41,98,2,15,8,9,0.53,2.0,0.265988987717069,0.605988086658166,1,1,0,1
26,156,2,13,13,11,0.71,1.0,0.27474402730375425,2.1388455639125517,0,0,1,1
45,54,1,18,8,11,0.85,2.0,0.27474402730375425,0.7986774588977387,0,0,1,0
18,169,3,19,7,7,0.56,1.0,0.2770060128550695,-0.09533445444409538,1,1,0,0
19,33,4,15,8,16,0.68,2.0,0.27812113720642767,-0.20375572105285852,0,1,0,0
43,79,3,17,7,6,0.58,3.0,0.2719186785260483,-0.40887587086282406,1,0,1,1
25,96,1,13,8,14,0.65,2.0,0.2719186785260483,-0.40909146908629473,0,0,1,0
18,112,4,16,9,9,0.79,2.0,0.2655860349127182,-0.4040587905555658,0,0,1,1
61,100,1,15,13,14,0.55,1.0,0.27474402730375425,-0.039057158169016684,0,0,1,0
33,157,3,14,5,13,0.52,3.0,0.265988987717069,-0.5793955857803732,0,1,0,0
42,151,2,24,6,10,0.59,1.0,0.2641112047177759,1.1611535120950602,1,1,0,0
23,152,2,13,7,13,0.65,2.0,0.2655860349127182,-0.36168449971972233,0,0,1,1
49,63,2,15,8,13,0.66,2.0,0.2767747230201067,0.13294094456661676,1,1,0,0
40,74,1,10,13,13,0.92,3.0,0.2723334021043945,0.6615015492272344,0,1,0,0
31,62,1,21,4,8,0.55,1.0,0.27391304347826084,0.030544108316547473,1,0,1,1
18,125,2,14,8,17,0.72,1.0,0.2767747230201067,1.0200968344020844,1,1,0,1
27,10,3,9,6,6,0.95,2.0,0.2655860349127182,-0.2789255816532072,0,1,0,0
32,103,3,8,10,7,0.68,3.0,0.2765167148163434,0.44269399220150424,0,1,0,0
26,13,3,14,9,9,0.7,2.0,0.26641414141414144,0.3448678382890125,1,1,0,0
40,15,2,13,11,11,0.54,2.0,0.2765167148163434,-0.3070519098922625,1,0,1,1
18,153,3,14,7,9,0.97,3.0,0.2767747230201067,-0.5905635737561522,1,1,0,1
36,59,3,22,7,9,0.6,2.0,0.27474402730375425,-0.18273797423909227,1,1,0,0
27,86,1,17,6,6,0.63,3.0,0.2733843537414966,0.5630717202890249,1,0,1,1
35,6,4,24,8,8,0.94,2.0,0.2767747230201067,-0.18372356611781518,0,0,1,0
27,140,2,17,12,6,0.74,2.0,0.2641112047177759,0.18445044012837333,0,1,0,0
38,5,4,7,6,10,0.68,2.0,0.2767747230201067,2.1388455639125517,0,0,0,1
48,166,2,13,7,9,0.8,2.0,0.2719186785260483,0.24820591478326218,0,1,0,0
44,25,3,12,8,17,0.76,2.0,0.27391304347826084,0.6778746943125189,0,1,0,0
22,163,3,15,12,9,0.9,2.0,0.27391304347826084,-0.0508103413227875,0,0,1,0
36,174,1,12,8,10,0.75,1.0,0.2723334021043945,-0.5345942749431745,1,1,0,0
38,46,2,17,9,13,0.54,3.0,0.2770060128550695,-0.6244309746887685,1,0,1,1
36,18,2,20,4,7,0.78,3.0,0.2627646326276463,0.3843654328288335,0,1,0,0
48,120,1,19,7,9,0.97,1.0,0.2733843537414966,-0.46564596307726425,1,0,1,1
28,2,3,19,10,6,0.73,2.0,0.2655860349127182,-0.5409082229162432,1,0,1,1
31,156,3,16,12,11,0.86,1.0,0.2767747230201067,0.5764511300426884,1,0,1,0
31,165,4,15,6,17,0.68,2.0,0.2765167148163434,0.7514368081607008,1,1,0,0
37,10,1,18,8,5,0.56,1.0,0.2733843537414966,-0.5802456587757717,1,1,0,1
31,154,1,8,8,11,0.98,1.0,0.27812113720642767,-0.514857797571748,1,1,0,0
55,29,2,16,10,14,0.88,1.0,0.2767747230201067,-0.5155969914807902,1,1,0,0
51,136,2,9,3,11,0.61,2.0,0.2765167148163434,1.060087224881267,1,1,0,0
41,131,2,17,10,12,0.54,1.0,0.27621483375959077,0.6972477346786663,0,0,1,0
32,67,2,9,11,7,0.87,1.0,0.2723334021043945,-0.6335969791608917,1,0,1,0
33,116,2,15,7,14,0.9,1.0,0.2627646326276463,0.11606268364348678,0,0,1,0
26,121,1,23,8,7,0.98,3.0,0.2641112047177759,0.6549412032844849,0,1,0,0
27,48,1,13,7,13,0.56,3.0,0.2723334021043945,-0.25491409950782007,0,1,0,1
47,33,1,16,11,6,0.6,1.0,0.2765167148163434,-0.16064223630797284,1,0,1,0
43,114,2,9,11,10,0.85,2.0,0.2770060128550695,0.10207959886410536,0,0,1,0
18,44,1,20,10,4,0.72,1.0,0.2733843537414966,0.5485527199255879,0,0,1,0
39,115,1,14,8,8,0.73,2.0,0.2765167148163434,-0.4904828784210818,1,1,0,1
56,104,2,18,12,14,0.6,1.0,0.26641414141414144,-0.16977744103388587,0,1,0,1
32,37,1,8,11,4,0.85,3.0,0.2627646326276463,0.5716340497354302,1,1,0,1
37,54,4,14,7,6,0.6,2.0,0.2770060128550695,0.8593467989823764,1,1,0,0
40,150,1,6,5,12,0.94,2.0,0.26641414141414144,2.1388455639125517,1,0,0,0
34,139,1,11,8,6,0.85,1.0,0.2723334021043945,-0.191768459827891,0,1,0,0
27,166,2,12,5,15,0.6,3.0,0.2767747230201067,-0.44659940002094384,0,0,1,0
27,83,1,11,10,9,0.61,1.0,0.2767747230201067,-0.5982265506132229,1,1,0,1
38,82,4,14,5,8,0.96,1.0,0.27391304347826084,0.21027910730015584,1,0,1,0
24,135,1,8,9,8,0.99,3.0,0.2765167148163434,1.484162770498771,1,0,1,0
41,107,4,17,11,2,0.99,2.0,0.2733843537414966,0.5470312124628093,0,0,1,0
42,48,3,16,5,9,0.78,1.0,0.27391304347826084,-0.20193237607722112,1,0,0,1
37,146,1,10,6,8,0.58,1.0,0.2767747230201067,-0.04200161390670141,1,1,0,0
42,176,2,10,9,12,0.68,2.0,0.2655860349127182,-0.3600521131705875,0,0,0,0
59,34,2,14,9,9,0.97,3.0,0.2767747230201067,-0.5558953794220736,0,0,1,0
39,174,4,16,7,11,0.93,3.0,0.2627646326276463,0.10042873246724447,0,0,1,0
31,64,1,7,5,8,0.97,2.0,0.2770060128550695,1.2873523922162882,1,0,1,0
29,25,1,19,14,9,0.95,2.0,0.27812113720642767,-0.3461860674268044,0,1,0,0
54,6,2,11,3,11,0.65,2.0,0.265988987717069,-0.4661818786613198,0,1,0,1
33,145,4,13,8,7,0.93,3.0,0.2719186785260483,-0.5311878230123384,0,1,0,1
38,159,1,15,3,12,0.6,3.0,0.27391304347826084,-0.2293071905087502,0,1,0,1
29,93,3,13,6,6,0.78,3.0,0.2723334021043945,0.7938603785904804,0,0,1,0
25,137,1,17,5,10,0.76,3.0,0.27621483375959077,0.5845761030929105,1,1,0,0
29,132,1,21,10,4,0.88,3.0,0.2723334021043945,-0.5066219454351696,0,0,1,0
38,129,1,13,9,12,0.52,2.0,0.2770060128550695,1.5230813298098425,1,0,1,0
28,81,2,16,9,8,0.57,2.0,0.2641112047177759,0.8522197377093613,0,1,0,1
37,143,2,14,6,8,0.54,3.0,0.2641112047177759,-0.3676103708905439,0,0,1,0
26,145,2,16,6,13,0.63,2.0,0.2719186785260483,-0.2850424112505313,0,1,0,0
41,19,2,12,10,10,0.77,1.0,0.2765167148163434,-0.492564941264884,1,1,0,0
34,16,3,16,4,12,0.56,2.0,0.2767747230201067,1.3658855851027787,1,0,1,0
42,135,4,10,8,6,0.95,2.0,0.2723334021043945,0.14684395000585196,0,1,0,0
37,20,2,9,14,11,0.52,3.0,0.27474402730375425,2.1388455639125517,0,0,1,0
36,142,3,11,7,11,0.91,2.0,0.2765167148163434,-0.3965190126833355,1,0,1,0
48,92,1,11,4,11,0.69,2.0,0.2765167148163434,0.5065480260442654,1,1,0,1
21,48,2,11,5,8,0.89,2.0,0.2770060128550695,1.3547545568224517,0,1,0,0
54,148,1,14,10,6,0.62,2.0,0.27474402730375425,-0.6240921774804575,0,0,1,0
38,165,1,12,6,7,0.81,1.0,0.2770060128550695,0.09655412439401499,1,1,0,1
36,45,1,14,6,10,0.58,2.0,0.27474402730375425,-0.5573491274431899,1,0,1,1
33,144,1,22,8,10,0.92,1.0,0.27391304347826084,0.4133110343170772,1,0,1,0
44,20,1,15,8,12,0.67,1.0,0.2641112047177759,0.15126063361237904,0,1,0,0
46,118,2,18,4,9,0.69,2.0,0.2767747230201067,-0.36396368093926906,0,1,0,1
20,116,1,17,7,7,0.83,1.0,0.2770060128550695,0.14036368340324876,1,0,1,0
26,117,1,13,7,10,0.98,2.0,0.2767747230201067,1.7528289566893969,0,1,0,1
24,18,3,8,11,13,0.71,2.0,0.2770060128550695,-0.5355059474309932,1,1,0,0
30,120,4,16,11,4,0.59,1.0,0.265988987717069,0.5536346780502529,1,0,1,0
45,34,3,16,5,12,0.81,3.0,0.2767747230201067,1.2490190280832085,0,0,1,0
29,154,1,15,10,9,0.57,3.0,0.27474402730375425,-0.55469418931988,0,0,1,0
51,98,3,10,6,11,0.77,2.0,0.27391304347826084,-0.3402417164082568,1,1,0,0
30,130,2,13,7,11,0.59,2.0,0.2641112047177759,-0.09481701870776585,0,0,1,0
42,14,1,16,6,11,0.82,1.0,0.2767747230201067,2.1388455639125517,1,0,1,0
18,54,3,9,6,11,0.98,1.0,0.2767747230201067,1.38594237983479,0,0,1,1
35,92,2,17,8,8,0.66,2.0,0.2767747230201067,-0.3698649123131225,1,0,1,0
31,16,1,12,9,10,0.56,1.0,0.2641112047177759,0.07500662194543517,0,1,0,0
45,30,1,10,8,10,0.61,1.0,0.2719186785260483,0.5150179562520405,1,1,0,1
24,118,3,17,8,6,0.62,1.0,0.2770060128550695,-0.43611516641102877,1,1,0,0
30,165,3,12,9,4,0.71,1.0,0.27391304347826084,1.1879739310948079,0,1,0,1
35,35,1,20,10,10,0.79,2.0,0.2723334021043945,2.1388455639125517,1,1,0,0
29,62,1,11,8,10,0.9,1.0,0.27391304347826084,-0.377102852672494,1,0,1,1
21,70,1,18,8,13,0.7,1.0,0.2723334021043945,0.014657599221382416,0,1,0,1
30,179,2,18,6,10,0.98,1.0,0.2627646326276463,-0.22775488329976162,0,1,0,1
43,90,2,17,8,8,0.67,1.0,0.2723334021043945,2.1388455639125517,1,0,1,0
56,5,2,11,9,12,0.51,2.0,0.2719186785260483,0.16752905956054923,1,0,1,1
37,154,2,15,8,11,0.74,2.0,0.27391304347826084,1.283613303026383,1,0,1,0
19,64,1,15,5,16,0.54,2.0,0.2723334021043945,0.20319516567183488,1,1,0,0
21,142,1,19,10,11,0.63,3.0,0.265988987717069,0.796410597576676,0,0,0,0
31,97,2,15,7,9,0.57,1.0,0.2655860349127182,-0.2754390503822248,0,1,0,0
35,22,3,22,10,17,0.54,2.0,0.265988987717069,2.1388455639125517,1,1,0,1
31,31,2,18,2,8,0.88,2.0,0.2765167148163434,-0.2167840136997271,1,0,1,0
34,93,1,14,12,11,0.79,3.0,0.2719186785260483,-0.1580365777785991,0,1,0,1
57,119,1,11,11,2,0.51,1.0,0.2767747230201067,0.22038142405706576,0,0,0,0
24,158,2,12,13,8,0.69,2.0,0.2770060128550695,0.3714048996236271,1,1,0,0
26,14,2,19,10,13,0.69,2.0,0.2770060128550695,2.1388455639125517,1,1,0,1
43,40,4,13,6,10,0.53,1.0,0.27391304347826084,2.1388455639125517,0,0,1,1
39,114,3,17,9,10,0.98,3.0,0.2641112047177759,0.5087224881266978,1,0,0,0
38,6,1,13,3,11,0.71,2.0,0.27474402730375425,-0.10608972582065923,0,1,0,0
59,148,1,18,6,10,0.53,2.0,0.2723334021043945,0.820027842970574,1,0,1,0
29,41,1,15,10,9,0.59,2.0,0.27391304347826084,-0.5107429514780798,1,0,1,1
50,40,1,15,9,16,0.89,2.0,0.2770060128550695,0.8061433173790647,0,0,0,1
20,44,1,25,5,10,0.89,2.0,0.2770060128550695,-0.15358293447661991,1,1,0,0
29,89,2,15,13,12,0.84,2.0,0.2719186785260483,-0.18902112246595087,0,0,1,0
43,37,2,13,1,9,0.61,2.0,0.2767747230201067,0.03555830699955032,0,1,0,1
35,136,1,14,14,11,0.63,2.0,0.2767747230201067,0.3962479749166867,1,1,0,0
41,23,1,22,10,7,0.5,1.0,0.2770060128550695,-0.5024208600521132,0,0,1,1
42,76,2,13,9,6,0.87,1.0,0.26641414141414144,0.41372991086553446,1,1,0,0
42,138,1,18,9,7,0.98,2.0,0.2641112047177759,0.006058310079524945,0,0,1,0
28,61,3,13,7,15,0.76,2.0,0.27391304347826084,-0.6004872519850436,1,0,1,1
33,32,2,16,7,16,0.74,1.0,0.2719186785260483,0.5637616346041309,0,1,0,0
40,27,1,13,7,9,0.8,1.0,0.27391304347826084,-0.44363646443553306,0,1,0,1
43,41,1,9,8,17,0.96,3.0,0.2719186785260483,0.819726005457715,0,0,1,0
68,143,2,15,7,11,0.69,2.0,0.2723334021043945,0.9314982844541361,0,0,1,0
41,176,1,22,7,6,0.71,2.0,0.2723334021043945,-0.37776196724138994,0,1,0,0
28,48,2,13,3,8,0.82,1.0,0.27391304347826084,-0.6305478042860927,1,0,1,1
36,73,2,15,11,14,0.6,1.0,0.2719186785260483,0.885538903159438,0,1,0,0
22,143,4,17,7,9,0.63,3.0,0.2723334021043945,-0.18629226495173679,1,0,1,1
42,108,1,22,6,8,0.57,2.0,0.2723334021043945,0.4017241697928409,0,0,1,0
38,84,3,6,8,9,0.81,1.0,0.2641112047177759,0.0349423120753485,0,0,1,0
40,144,3,15,8,11,0.93,1.0,0.2733843537414966,-0.5322473342819655,0,0,1,0
46,2,2,9,8,8,0.8,1.0,0.2767747230201067,0.20835720313664616,1,1,0,1
38,85,3,12,8,10,0.58,2.0,0.26641414141414144,-0.20421155729676788,0,1,0,0
46,171,2,18,13,14,0.68,1.0,0.2765167148163434,-0.2434873936638762,0,0,0,0
34,150,3,16,13,13,0.68,1.0,0.2770060128550695,-0.5559200192190417,1,0,1,0
22,95,3,11,4,5,0.5,2.0,0.2767747230201067,-0.2884858228768195,1,1,0,0
38,43,3,15,7,16,0.92,1.0,0.2719186785260483,0.5326292511349706,0,0,1,1
43,170,4,10,2,11,0.58,1.0,0.2655860349127182,-0.27973869495315357,1,1,0,0
52,7,1,12,10,16,0.8,2.0,0.27391304347826084,-0.4258280511768583,1,0,1,0
26,82,1,17,9,7,0.59,2.0,0.27391304347826084,-0.5987070266541004,1,0,1,1
29,71,1,20,9,11,0.69,3.0,0.2770060128550695,0.9154762564756467,0,1,0,0
24,12,4,19,8,9,0.64,3.0,0.2770060128550695,-0.43681124067537686,1,1,0,0
22,87,2,16,6,10,0.64,2.0,0.27812113720642767,0.691420422695717,1,0,1,0
29,135,2,12,8,10,0.75,2.0,0.2719186785260483,0.5233585275257332,0,0,1,0
18,117,1,13,10,6,0.86,2.0,0.2770060128550695,-0.6354018442888031,0,0,0,1
39,135,4,19,5,6,0.79,3.0,0.2770060128550695,0.2899765305933879,0,0,1,0
35,161,3,16,8,16,0.54,2.0,0.27621483375959077,-0.36807236708369523,0,0,1,0
28,158,1,17,6,11,0.68,1.0,0.2767747230201067,-0.6339912159123808,0,1,0,0
42,110,3,15,9,10,0.75,2.0,0.2723334021043945,0.5532958808419418,1,0,1,0
39,22,1,7,8,7,0.92,2.0,0.2723334021043945,1.2273298468020624,1,0,1,0
33,83,1,18,11,11,0.71,1.0,0.2627646326276463,-0.5172232180806831,1,0,1,1
46,52,2,20,9,12,0.53,1.0,0.2733843537414966,1.018255009578721,1,1,0,0
44,166,2,21,12,8,0.64,2.0,0.2765167148163434,-0.14128767578955148,0,0,1,0
24,35,1,22,6,13,0.52,3.0,0.2641112047177759,0.5265678610808247,0,0,0,1
42,14,3,11,6,8,0.95,1.0,0.2723334021043945,0.1613136707753528,0,0,0,0
18,106,4,11,11,15,0.79,2.0,0.2767747230201067,0.4944991653268777,0,1,0,0
24,14,2,19,9,15,0.81,2.0,0.2765167148163434,0.4618144746487289,1,1,0,1
44,101,1,19,10,13,0.79,2.0,0.2723334021043945,-0.01176242307763384,0,0,1,0
35,87,1,11,6,6,0.65,1.0,0.27474402730375425,-0.11109160460517806,1,1,0,0
26,85,3,12,8,8,0.85,1.0,0.2770060128550695,-0.540169029007201,1,1,0,0
43,17,1,19,5,12,0.64,2.0,0.2719186785260483,-0.394332230702419,0,1,0,0
35,25,1,15,9,9,0.83,2.0,0.2765167148163434,2.1388455639125517,1,0,1,1
20,109,1,18,10,5,0.6,2.0,0.2723334021043945,0.039630033448524386,0,1,0,0
44,118,3,15,12,10,0.65,2.0,0.2770060128550695,2.1388455639125517,0,1,0,0
48,34,3,16,7,7,0.61,2.0,0.2765167148163434,-0.049522911931205685,0,1,0,1
51,77,3,22,4,6,0.81,1.0,0.27391304347826084,0.18552227129648452,1,1,0,0
56,156,1,13,12,9,0.92,1.0,0.27474402730375425,0.7510980109523897,0,1,0,0
46,86,2,19,7,8,0.6,2.0,0.27391304347826084,-0.1277173076093853,1,1,0,0
50,75,2,12,12,6,0.69,2.0,0.2767747230201067,-0.0871355620029691,0,1,0,1
32,19,2,14,6,16,0.9,1.0,0.2767747230201067,-0.41912602640154245,1,0,0,0
50,114,1,12,6,12,0.58,2.0,0.2770060128550695,-0.6301843672808136,0,0,1,0
25,147,2,13,7,9,0.67,1.0,0.2723334021043945,-0.039907231164415205,0,1,0,1
53,75,2,10,9,10,0.87,2.0,0.27391304347826084,-0.24475018325848996,1,1,0,0
31,23,3,15,5,9,0.96,3.0,0.2723334021043945,1.7657771699961193,0,0,1,0
22,57,4,14,9,10,0.71,1.0,0.2719186785260483,-0.6183572647361386,0,1,0,0
26,80,1,17,12,15,0.78,3.0,0.2733843537414966,-0.06384479391889811,0,0,1,0
34,85,4,21,6,15,0.67,1.0,0.2641112047177759,1.030082112123396,0,1,0,1
18,29,1,16,6,11,0.79,1.0,0.2770060128550695,1.1676645784438737,1,1,0,1
42,54,3,10,6,10,0.54,2.0,0.265988987717069,2.1388455639125517,1,0,0,0
47,91,1,15,4,10,0.87,2.0,0.2765167148163434,-0.5220587782356674,0,1,0,0
19,83,1,24,7,10,0.91,1.0,0.2770060128550695,-0.2795169367804409,1,1,0,0
53,62,2,13,8,13,0.88,2.0,0.2767747230201067,0.07713180443393146,0,1,0,0
50,1,2,15,8,7,0.69,1.0,0.2719186785260483,0.6800676362426774,1,0,1,0
39,82,1,19,6,12,0.78,2.0,0.27474402730375425,0.15478412457881346,1,0,1,0
26,65,3,17,10,11,0.93,2.0,0.27391304347826084,0.8087859356038907,0,0,1,1
30,87,2,13,9,15,0.62,3.0,0.27391304347826084,0.11523109049581431,1,1,0,0
38,116,2,18,9,12,0.57,3.0,0.27391304347826084,-0.32459544533353046,1,0,1,0
44,87,3,16,7,7,0.71,2.0,0.27391304347826084,-0.07647884981427754,1,0,0,0
28,131,3,9,9,9,0.8,3.0,0.2641112047177759,-0.5024578197475653,0,0,1,1
33,36,1,23,9,8,0.95,1.0,0.2770060128550695,0.5401135894640228,0,0,1,1
41,53,2,10,9,7,0.89,1.0,0.27621483375959077,0.5355244272787192,0,1,0,0
38,165,1,15,9,10,0.57,2.0,0.2723334021043945,-0.6207658048897677,0,1,0,1
33,28,1,19,6,7,0.67,1.0,0.2723334021043945,-0.49227542365050914,1,0,1,0
30,71,3,11,9,8,0.56,3.0,0.2627646326276463,-0.0009393922594077825,1,0,1,1
26,20,2,11,8,14,0.62,1.0,0.27474402730375425,-0.1839330043920438,0,0,0,0
25,121,3,12,10,9,0.52,2.0,0.2770060128550695,0.3408946710279107,1,0,1,0
41,83,2,21,4,9,0.87,3.0,0.27391304347826084,-0.19424475942318234,1,1,0,0
38,173,3,17,8,12,0.52,2.0,0.2641112047177759,1.8881568815872958,0,1,0,0
26,118,2,14,10,6,0.76,3.0,0.2770060128550695,2.1388455639125517,0,0,1,0
49,93,2,22,5,9,1.0,2.0,0.2723334021043945,-0.3621526558621157,1,1,0,0
18,121,1,16,7,8,0.82,2.0,0.265988987717069,-0.461839114445697,1,0,1,1
31,120,3,15,7,9,0.77,1.0,0.2723334021043945,2.1388455639125517,0,1,0,0
37,141,3,21,13,11,0.82,1.0,0.27474402730375425,0.23440762848114133,1,1,0,0
18,127,1,14,7,8,0.72,2.0,0.2765167148163434,-0.18182014180203154,1,0,1,0
30,127,2,17,7,9,0.58,2.0,0.2655860349127182,0.8537350852228978,1,0,1,0
30,42,4,17,7,5,0.68,3.0,0.2770060128550695,0.9662835178238132,0,0,1,1
19,138,2,13,5,14,0.75,2.0,0.27812113720642767,0.2632793105784808,0,0,1,0
42,119,2,20,10,10,0.5,2.0,0.2723334021043945,-0.25885646702271176,1,0,1,0
32,57,1,22,7,18,0.68,2.0,0.27391304347826084,-0.45559292591429046,0,1,0,0
34,125,1,20,8,11,0.51,3.0,0.2770060128550695,-0.5343786767197038,0,0,1,0
32,175,3,6,5,16,0.85,1.0,0.2765167148163434,-0.2813341218068363,1,0,1,0
34,113,2,15,7,9,0.93,1.0,0.27474402730375425,0.3831272830311878,0,1,0,0
29,120,1,18,7,16,0.73,2.0,0.2770060128550695,-0.0969606810439882,0,0,1,1
30,106,4,19,6,12,0.92,3.0,0.27621483375959077,-0.5964463252822797,0,1,0,1
31,24,2,17,4,11,0.67,2.0,0.2719186785260483,2.1388455639125517,0,1,0,0
45,162,3,15,3,10,0.59,2.0,0.2767747230201067,-0.60532897208927,1,0,1,0
21,78,3,13,8,7,0.58,2.0,0.2765167148163434,0.6864739834543764,1,0,1,0
42,79,3,10,12,12,0.88,2.0,0.2770060128550695,0.4791300919680422,0,0,1,0
34,161,2,24,10,9,0.68,2.0,0.265988987717069,-0.16813889453550904,1,1,0,1
19,135,1,22,7,14,1.0,2.0,0.2765167148163434,-0.1562809922446239,1,0,0,0
25,178,2,14,8,10,0.9,1.0,0.265988987717069,-0.12133560019465439,0,0,1,0
35,47,2,21,7,15,0.69,2.0,0.2765167148163434,-0.14693634924448223,0,1,0,0
36,114,4,8,6,7,0.55,3.0,0.2641112047177759,-0.16168942767911593,1,1,0,1
31,20,4,15,5,17,0.87,1.0,0.2723334021043945,1.2715644423089953,1,1,0,0
31,150,1,20,6,10,0.58,2.0,0.2733843537414966,0.5569117710470066,1,0,1,0
22,8,2,19,3,12,0.75,1.0,0.2765167148163434,-0.24110965325645717,0,1,0,0
29,5,1,13,9,12,0.55,1.0,0.2765167148163434,-0.050902740561417775,1,1,0,1
23,159,2,20,17,11,0.62,2.0,0.26641414141414144,-0.3317348265050296,0,0,0,0
49,11,2,15,13,5,0.64,2.0,0.27621483375959077,-0.1016545623664061,1,1,0,0
18,174,3,10,13,5,0.54,1.0,0.27391304347826084,-0.5398918312913101,1,0,1,1
18,43,2,21,3,6,0.87,3.0,0.2770060128550695,-0.47364773714264596,0,0,1,0
18,120,2,19,3,8,0.53,1.0,0.265988987717069,1.1003116934316461,1,1,0,0
34,77,1,16,7,12,0.88,2.0,0.2719186785260483,-0.44180695951065363,1,1,0,0
35,108,1,13,6,5,0.91,3.0,0.2767747230201067,0.29774422658757294,1,0,1,0
29,97,1,6,6,14,0.65,2.0,0.2770060128550695,0.5534375596745083,1,0,1,0
41,21,1,19,7,15,0.93,3.0,0.2770060128550695,-0.5744121868435804,1,0,1,1
22,63,2,13,11,9,0.96,2.0,0.2767747230201067,1.6854144721847493,1,1,0,0
34,177,3,19,7,9,0.65,3.0,0.2765167148163434,-0.4056665373077326,0,1,0,0
34,146,3,20,14,9,0.75,2.0,0.2770060128550695,0.2246810686279945,1,1,0,0
28,120,2,23,7,11,0.97,1.0,0.2767747230201067,1.0191974818127498,0,0,1,0
37,130,1,14,4,9,0.58,3.0,0.2723334021043945,0.08414798662059024,1,1,0,1
43,1,1,17,3,10,0.54,3.0,0.2733843537414966,-0.3168400692378295,1,1,0,0
30,139,3,14,6,12,0.82,1.0,0.2641112047177759,-0.0883182722574366,0,0,1,1
28,51,2,13,9,12,0.68,1.0,0.27391304347826084,-0.35503791448758465,1,1,0,1
54,18,2,16,6,10,0.54,2.0,0.2641112047177759,1.8657469862448333,1,0,1,1
33,8,1,19,8,13,0.96,2.0,0.2719186785260483,-0.27213115763926105,1,1,0,1
18,34,2,9,9,12,0.76,2.0,0.2723334021043945,0.20758720948139386,1,0,1,1
41,34,1,26,10,11,0.58,1.0,0.2641112047177759,-0.41976050117347036,0,1,0,0
43,132,1,19,10,13,0.6,2.0,0.2770060128550695,0.9843752887476207,0,0,1,0
33,14,1,14,13,8,0.86,1.0,0.2767747230201067,0.005239036830336518,1,1,0,0
49,91,1,14,3,14,0.9,3.0,0.2765167148163434,-0.4700749665822754,0,1,0,1
30,141,1,15,4,14,0.6,2.0,0.2770060128550695,0.11749179186763502,0,1,0,0
36,29,3,13,9,17,0.92,1.0,0.2733843537414966,0.2540948262586316,1,0,1,0
25,54,3,12,7,10,0.52,3.0,0.265988987717069,2.1321586310128806,1,1,0,0
32,45,2,21,4,7,0.82,1.0,0.2719186785260483,0.2159339407043286,1,1,0,1
26,5,1,20,9,10,0.99,2.0,0.2770060128550695,-0.5176482545783823,1,0,1,0
18,102,4,12,6,9,0.91,2.0,0.27812113720642767,-0.2833299453612502,1,0,1,0
35,28,1,19,18,18,0.52,3.0,0.2770060128550695,0.9675463074184268,1,1,0,0
19,54,1,18,4,15,0.78,1.0,0.2723334021043945,0.4282304313812454,1,0,1,1
34,167,2,18,6,7,0.94,1.0,0.27812113720642767,-0.003742169164526084,1,1,0,0
46,140,2,16,4,10,0.83,3.0,0.2723334021043945,2.1388455639125517,0,0,1,1
30,176,1,18,5,10,0.92,1.0,0.265988987717069,0.9926049809349571,1,0,1,0
18,5,2,12,8,8,0.51,2.0,0.2627646326276463,1.5575955254128706,0,1,0,1
33,54,3,12,7,14,0.57,3.0,0.27391304347826084,0.8613426225367903,0,0,1,1
32,159,1,16,13,10,0.88,1.0,0.2765167148163434,-0.38547422369239676,1,0,0,0
27,106,4,15,7,13,0.54,2.0,0.2767747230201067,-0.13280542568329237,0,1,0,0
28,28,3,13,7,7,0.96,3.0,0.2641112047177759,-0.2801452516031268,0,0,1,0
51,79,1,15,12,10,0.77,2.0,0.2719186785260483,2.1388455639125517,1,0,0,0
30,4,3,13,8,6,0.85,2.0,0.2770060128550695,-0.16467700306149477,1,0,1,0
36,161,4,21,4,12,0.8,2.0,0.2723334021043945,-0.5658128977017229,0,0,1,0
33,100,2,14,11,15,0.84,3.0,0.27812113720642767,-0.4667177942453754,1,0,1,0
29,151,3,17,5,8,0.59,1.0,0.265988987717069,-0.34279193539445235,0,0,1,0
26,136,2,13,10,9,0.83,1.0,0.2770060128550695,1.8785658406174732,1,0,1,1
27,176,3,18,15,10,0.9,1.0,0.2641112047177759,0.8934975575801255,0,1,0,0
27,83,2,24,10,9,0.53,1.0,0.2767747230201067,1.4504986478911415,1,0,0,1
38,67,3,16,7,10,0.72,2.0,0.2767747230201067,0.0511491385310985,1,1,0,0
31,83,1,10,5,11,0.61,2.0,0.27812113720642767,-0.1516918300593203,0,1,0,0
33,67,4,11,6,14,0.79,2.0,0.265988987717069,-0.40001786385280186,1,1,0,1
35,14,1,17,8,9,0.87,2.0,0.265988987717069,0.24920382656046913,0,0,1,1
34,23,1,17,3,16,0.81,2.0,0.2765167148163434,-0.34283505503914646,0,0,1,1
23,50,4,14,2,7,0.8,3.0,0.2765167148163434,0.029127319990883273,0,0,1,1
28,20,1,15,12,9,0.97,2.0,0.2770060128550695,0.3477814942804871,1,1,0,0
34,21,3,19,9,9,0.52,2.0,0.2641112047177759,0.05586149970124246,1,0,1,0
27,99,1,20,4,11,0.69,2.0,0.2723334021043945,0.04121314040372307,0,1,0,1
32,47,1,16,9,9,0.59,2.0,0.2719186785260483,0.6891597213238962,0,1,0,0
60,141,2,15,5,5,0.8,3.0,0.2627646326276463,-0.410194100000616,1,1,0,0
18,175,2,14,9,15,0.71,2.0,0.2723334021043945,-0.3599658738811992,1,1,0,0
36,8,1,17,6,10,0.57,2.0,0.2733843537414966,-0.3285254929499381,1,1,0,0
34,131,1,20,12,11,0.69,3.0,0.265988987717069,-0.3024565877577169,1,1,0,1
29,13,2,16,7,12,0.9,1.0,0.2723334021043945,-0.4755573214076716,0,1,0,0
28,148,1,16,8,12,0.92,3.0,0.2767747230201067,0.5723670836952304,1,0,1,0
35,110,2,17,9,6,0.78,2.0,0.2770060128550695,-0.6354018442888031,0,0,1,0
39,164,1,19,7,4,0.58,3.0,0.2719186785260483,-0.23716112579232349,0,1,0,0
33,11,2,16,6,13,0.56,2.0,0.27391304347826084,0.023755844251843364,0,1,0,0
43,167,1,9,7,8,0.82,2.0,0.27391304347826084,1.4174135605122613,1,1,0,0
39,27,3,11,4,11,0.52,2.0,0.2733843537414966,0.7443220667861696,0,1,0,1
28,132,3,15,16,9,0.96,2.0,0.2765167148163434,0.27757039281996315,0,1,0,0
42,159,1,15,4,10,0.99,2.0,0.27391304347826084,0.697173815287762,0,1,0,0
37,87,1,14,5,7,0.89,2.0,0.27812113720642767,-0.027125336487227345,1,1,0,1
31,60,2,9,9,13,0.62,2.0,0.27391304347826084,-0.372033214446313,1,1,0,0
38,46,2,15,4,9,0.86,1.0,0.2655860349127182,2.1388455639125517,0,0,1,0
31,169,2,15,13,14,0.74,3.0,0.26641414141414144,-0.13815842157460623,0,0,0,0
22,48,2,21,7,8,0.58,2.0,0.27812113720642767,-0.48931248806509836,1,0,1,0
34,17,3,10,7,8,0.77,2.0,0.2770060128550695,0.3195750867012856,0,1,0,0
37,65,3,12,7,7,0.58,1.0,0.27474402730375425,1.0460856602541595,0,1,0,0
30,98,3,17,7,12,0.58,1.0,0.2770060128550695,-0.4328442333635171,1,0,1,0
41,69,1,8,10,10,0.54,2.0,0.2767747230201067,0.36040939022662455,0,0,1,0
30,168,2,20,3,11,0.92,3.0,0.2641112047177759,-0.49030423989306327,1,0,0,0
23,49,2,19,8,8,0.75,2.0,0.2765167148163434,-0.036371420299496734,1,0,1,0
26,51,1,16,11,9,0.99,1.0,0.27391304347826084,-0.5664781722198609,0,0,1,0
46,142,4,9,6,8,0.9,2.0,0.27391304347826084,-0.5711474137453108,0,0,0,0
30,167,1,9,11,11,0.77,2.0,0.2719186785260483,0.502691897818762,0,1,0,0
49,105,1,21,5,6,0.59,2.0,0.27391304347826084,0.18576866926616525,1,1,0,0
28,63,4,11,14,8,0.6,2.0,0.2723334021043945,-0.6354018442888031,1,1,0,0
40,76,4,12,14,6,0.98,1.0,0.2765167148163434,-0.47611171683945325,1,0,1,0
18,140,3,21,4,10,0.54,2.0,0.2767747230201067,0.316692230456021,0,0,1,0
37,90,3,16,14,4,0.56,2.0,0.27391304347826084,-0.130988240656897,0,1,0,1
53,12,3,10,8,10,0.62,2.0,0.2770060128550695,-0.28134028175607834,1,0,1,0
53,128,4,10,6,7,0.62,2.0,0.27391304347826084,-0.36554062794522574,1,0,1,0
35,144,1,20,7,9,0.61,2.0,0.2770060128550695,-0.22137317588503072,0,1,0,0
50,43,1,19,10,8,0.88,1.0,0.2767747230201067,0.4590548173883047,0,0,1,1
39,164,2,11,7,14,0.84,3.0,0.2627646326276463,-0.23701328701051502,0,1,0,0
55,37,2,12,6,12,0.72,2.0,0.2765167148163434,1.6936996039152636,0,1,0,0
34,72,3,21,9,12,0.98,2.0,0.265988987717069,-0.14448468944615897,1,0,1,1
33,135,2,16,4,12,0.57,3.0,0.2770060128550695,-0.37904939663297177,1,0,1,0
18,167,3,17,7,8,0.89,2.0,0.2767747230201067,-0.18238069718305522,1,1,0,1
24,39,3,16,7,10,0.74,2.0,0.2767747230201067,0.22537714289234256,1,0,1,1
30,20,3,14,10,14,0.88,3.0,0.2770060128550695,-0.399722186289185,0,1,0,0
33,57,2,20,11,12,0.9,3.0,0.27621483375959077,-0.2312229347230179,0,1,0,0
47,126,2,9,6,12,0.78,2.0,0.2723334021043945,2.1388455639125517,1,1,0,0
42,44,3,13,6,11,0.54,3.0,0.2733843537414966,-0.4428110312371026,0,0,1,0
37,120,2,10,7,6,0.57,3.0,0.2719186785260483,-0.509098245030461,1,1,0,1
20,174,1,17,10,12,0.84,3.0,0.2767747230201067,-0.4552726085537055,0,1,0,0
45,143,1,12,6,13,0.85,1.0,0.2770060128550695,1.1018332008944247,1,0,1,0
53,155,2,16,15,13,0.94,2.0,0.265988987717069,-0.33118659102249,0,0,1,0
32,96,2,11,4,8,0.86,2.0,0.2765167148163434,0.2622567590043058,1,1,0,0
44,118,3,15,8,9,0.79,2.0,0.2641112047177759,-0.548928476829351,0,1,0,1
34,4,4,17,6,9,0.87,3.0,0.2767747230201067,2.1388455639125517,0,1,0,1
24,119,3,17,7,8,0.94,2.0,0.265988987717069,0.6728851354264841,0,0,1,1
47,154,2,19,9,7,0.69,1.0,0.2765167148163434,-0.5147777182316018,1,0,1,0
50,29,3,13,8,11,0.86,3.0,0.2765167148163434,-0.3747805518082531,1,1,0,1
32,116,3,19,9,11,0.95,2.0,0.2765167148163434,-0.21410443577944918,1,0,1,1
43,28,3,17,12,11,0.85,3.0,0.2641112047177759,-0.5873296004040927,1,1,0,0
19,87,4,14,7,10,0.87,1.0,0.2641112047177759,0.7489235488699573,1,0,1,0
32,177,4,15,10,10,0.78,1.0,0.2723334021043945,0.8399983984131971,1,1,0,0
31,126,4,16,10,4,0.99,1.0,0.2723334021043945,0.4430512692575413,1,0,0,0
37,147,1,17,7,10,0.6,1.0,0.27474402730375425,-0.36193705763864503,0,0,0,0
29,18,2,12,11,8,0.73,1.0,0.27474402730375425,1.5722746844566,1,0,1,1
31,28,2,18,6,10,0.93,2.0,0.2723334021043945,-0.40181040908222915,1,1,0,0
36,18,2,18,6,10,0.82,2.0,0.2767747230201067,0.7374968430260135,0,1,0,0
25,37,3,20,12,13,0.62,1.0,0.27621483375959077,-0.2840568193718084,0,1,0,1
25,114,2,11,13,23,0.78,2.0,0.2641112047177759,0.38991554709589193,1,1,0,1
43,179,2,13,8,6,0.9,3.0,0.2719186785260483,-0.6190471790512446,0,1,0,0
25,130,4,16,11,7,0.53,1.0,0.2641112047177759,0.39310640080325737,1,0,1,0
46,134,1,8,10,8,0.51,2.0,0.265988987717069,-0.4193970641681913,1,0,1,0
20,14,4,19,6,10,0.63,1.0,0.27812113720642767,0.7765694010681352,1,1,0,0
33,40,1,19,9,6,0.89,1.0,0.2719186785260483,2.1388455639125517,1,1,0,0
18,85,2,12,7,8,0.84,3.0,0.2770060128550695,-0.10100776769599419,0,0,1,0
37,74,2,25,10,8,0.82,2.0,0.2767747230201067,-0.2500846993020778,0,0,0,0
37,84,2,12,8,6,0.74,3.0,0.2765167148163434,-0.4207152933059832,0,1,0,1
41,24,1,17,7,7,0.59,1.0,0.2770060128550695,-0.5002710377666488,1,0,1,0
18,121,4,21,11,9,0.78,3.0,0.2655860349127182,-0.17600514971756634,1,0,0,0
32,33,1,23,4,11,0.98,1.0,0.2767747230201067,0.762999032887969,1,0,0,0
20,122,2,17,7,11,0.6,1.0,0.2770060128550695,-0.14701026863538644,1,0,0,0
44,33,3,22,7,9,0.84,2.0,0.27621483375959077,-0.39377783527063737,1,0,1,1
46,171,3,13,7,5,0.97,1.0,0.2723334021043945,0.06446078884309993,0,0,1,1
39,130,3,16,6,10,0.89,2.0,0.2767747230201067,1.6211415617935307,1,1,0,0
36,20,1,8,8,11,0.76,2.0,0.2641112047177759,-0.1344008525369751,0,0,1,0
52,167,3,14,12,10,0.89,2.0,0.2655860349127182,-0.5946907397483044,1,1,0,0
38,107,2,14,9,8,0.78,3.0,0.2765167148163434,0.3675426114488817,1,0,1,0
41,172,3,19,3,17,0.87,2.0,0.27391304347826084,0.021501302829264688,1,1,0,0
44,172,1,19,12,9,0.69,3.0,0.2723334021043945,-0.6183203050406865,0,0,1,1
31,73,1,11,10,15,0.57,2.0,0.2767747230201067,1.341972662145264,1,0,1,1
30,149,2,17,10,7,0.6,1.0,0.2770060128550695,0.206958894658708,0,0,0,1
22,91,3,8,3,11,0.9,2.0,0.2770060128550695,0.03939595537732769,1,0,0,0
35,142,2,9,9,10,0.96,2.0,0.2723334021043945,-0.46135247845557753,0,0,1,1
41,7,2,13,10,8,0.9,2.0,0.2627646326276463,-0.48081175811111315,0,0,1,0
30,171,1,18,12,7,0.59,2.0,0.2765167148163434,-0.31572511842502415,0,0,1,0
39,130,2,13,6,15,0.61,2.0,0.27391304347826084,-0.12779738694953155,1,1,0,0
36,95,1,9,11,5,0.67,1.0,0.27391304347826084,0.6390177344938678,0,1,0,0
39,34,3,16,10,11,0.96,1.0,0.27391304347826084,1.623568581794886,0,1,0,1
28,72,1,17,6,11,0.8,3.0,0.2767747230201067,0.4059745347698335,1,1,0,1
31,175,2,16,9,9,0.63,1.0,0.27391304347826084,-0.4914684702998047,0,1,0,0
31,57,3,14,6,11,0.83,2.0,0.2765167148163434,1.5643653096298487,1,0,1,0
35,179,3,16,9,9,0.7,1.0,0.2719186785260483,-0.6158748051916052,1,1,0,0
39,105,1,21,5,4,0.9,3.0,0.27391304347826084,-0.36675413794590334,1,0,1,1
32,25,2,12,8,6,0.63,1.0,0.2770060128550695,0.08570029382957885,1,1,0,0
18,8,1,21,12,12,0.99,2.0,0.2767747230201067,0.15483340417274963,0,1,0,0
29,37,1,9,8,7,0.55,3.0,0.2767747230201067,1.4730563820154121,1,0,1,1
23,154,3,16,7,12,0.77,2.0,0.27474402730375425,-0.19303740937174677,0,0,1,0
28,179,1,16,8,9,0.71,2.0,0.27474402730375425,-0.39607549633791017,1,0,1,1
38,55,1,20,4,8,0.72,1.0,0.2723334021043945,-0.5950788165505516,0,0,1,1
38,42,4,12,7,14,0.85,2.0,0.265988987717069,-0.528378886157978,0,1,0,1
50,19,2,15,2,8,0.72,1.0,0.27391304347826084,-0.6354018442888031,1,1,0,0
33,174,2,16,5,13,0.91,2.0,0.2770060128550695,2.1388455639125517,0,0,1,0
29,59,2,14,7,14,0.6,2.0,0.2641112047177759,0.5926517965491964,0,1,0,1
35,96,3,15,8,7,0.7,3.0,0.27474402730375425,-0.11469517491175872,0,0,1,0
27,169,2,15,8,11,0.71,2.0,0.2770060128550695,-0.5591170328756491,0,1,0,0
41,162,4,11,6,12,0.85,2.0,0.2733843537414966,1.7971929111304124,1,0,1,0
38,149,2,12,6,11,0.59,3.0,0.27474402730375425,0.2898718114562736,1,1,0,0
37,44,1,18,10,15,0.72,3.0,0.27474402730375425,-0.49289757852395294,0,0,1,0
45,62,3,16,11,9,0.76,2.0,0.2770060128550695,-0.061577932597835394,1,0,1,0
51,125,1,16,7,12,0.79,3.0,0.27391304347826084,0.44850898428596947,1,0,1,0
31,87,1,13,11,8,0.84,2.0,0.2723334021043945,-0.3424284983891733,1,1,0,0
47,74,2,13,12,8,0.84,2.0,0.2770060128550695,-0.5640819519647158,0,1,0,0
37,159,2,12,9,16,0.51,1.0,0.2765167148163434,0.2895391741972046,0,0,1,1
51,46,1,11,11,8,0.7,1.0,0.2767747230201067,-0.07803115702326613,1,1,0,0
51,31,3,15,7,9,0.72,2.0,0.27391304347826084,0.24066613691103186,0,0,1,0
44,164,2,14,13,13,0.93,2.0,0.27474402730375425,1.5926764363461645,0,1,0,0
52,56,3,11,8,12,0.88,2.0,0.2627646326276463,-0.24648112899549707,1,0,0,0
34,162,4,29,8,16,0.81,2.0,0.27474402730375425,-0.4702720849580199,0,0,1,0
22,103,1,14,8,15,0.63,2.0,0.2767747230201067,-0.07137841184188642,1,1,0,0
20,159,3,17,8,13,0.66,2.0,0.2770060128550695,-0.2726424334263486,1,1,0,0
37,110,4,19,9,12,0.79,2.0,0.265988987717069,2.1388455639125517,0,0,1,1
33,65,1,17,8,11,0.94,1.0,0.2770060128550695,-0.5005975150764758,0,1,0,0
35,130,1,11,8,8,0.64,3.0,0.27391304347826084,0.988527094536741,0,0,1,0
25,59,1,20,5,9,0.71,2.0,0.2719186785260483,0.22321500070839417,0,1,0,1
37,56,4,13,8,7,0.9,2.0,0.27621483375959077,2.1388455639125517,0,1,0,1
42,134,4,7,2,8,0.53,1.0,0.2765167148163434,-0.620180609711776,0,1,0,0
35,2,1,13,13,7,0.87,1.0,0.2723334021043945,0.08934082383161163,0,0,0,0
30,35,3,15,9,11,0.8,2.0,0.2767747230201067,0.6440873727200488,0,0,1,1
33,132,1,17,7,10,0.71,2.0,0.27391304347826084,-0.43167384300753364,1,0,1,0
27,111,1,21,7,10,0.51,3.0,0.26641414141414144,-0.25440282372073253,1,0,1,0
36,149,2,11,5,5,0.76,1.0,0.27474402730375425,-0.5443454745932893,0,0,1,0
24,174,1,13,8,11,0.99,2.0,0.265988987717069,-0.6111501241229772,0,0,1,0
38,175,2,21,7,12,0.62,2.0,0.2723334021043945,1.6383463000264877,1,0,1,0
43,14,4,18,8,11,0.69,1.0,0.2723334021043945,-0.14306174117125275,1,1,0,0
24,78,1,23,15,13,0.76,2.0,0.2767747230201067,-0.43425486173993927,0,0,1,1
51,85,2,15,8,7,0.9,3.0,0.2733843537414966,-0.327484461528037,0,1,0,0
33,108,1,16,9,6,0.86,1.0,0.2655860349127182,-0.19345628592020403,0,0,0,0
43,68,2,14,5,16,0.65,1.0,0.27391304347826084,0.8786028003129254,1,0,1,0
20,43,2,12,6,11,0.65,1.0,0.2733843537414966,-0.009538681401265254,1,1,0,1
42,133,3,7,8,11,0.64,1.0,0.2770060128550695,0.2130695643067901,0,0,1,0
39,171,3,17,9,11,0.73,2.0,0.27621483375959077,-0.5372615329649684,1,1,0,0
40,168,1,21,9,8,0.88,2.0,0.2723334021043945,-0.06019194401838129,0,0,1,0
53,4,3,16,7,11,0.7,1.0,0.27391304347826084,-0.30879517552775365,1,1,0,0
42,58,1,11,12,9,0.87,1.0,0.265988987717069,-0.46480205003110775,0,1,0,1
36,179,4,14,10,6,0.78,2.0,0.27391304347826084,-0.09657876419098306,1,0,1,0
39,124,3,15,11,16,0.9,1.0,0.2765167148163434,0.2719894788066946,1,1,0,0
40,61,3,21,12,11,0.65,1.0,0.2770060128550695,-0.5651045035388909,0,1,0,1
26,119,1,18,14,9,0.55,2.0,0.2655860349127182,0.2636119478375498,0,0,0,1
38,41,2,15,7,10,1.0,2.0,0.2770060128550695,2.1388455639125517,1,1,0,0
30,104,1,16,10,9,0.96,1.0,0.265988987717069,-0.21153573694552757,0,0,1,0
22,178,1,18,5,9,0.62,2.0,0.2767747230201067,0.945961845274395,1,0,1,0
34,153,3,15,9,9,0.85,2.0,0.27812113720642767,-0.15538163965528923,0,0,1,0
20,101,3,11,6,8,0.6,1.0,0.2641112047177759,-0.5146729990944875,1,1,0,0
31,93,4,24,7,13,0.96,3.0,0.27391304347826084,-0.5917524439598618,0,0,1,1
37,147,2,11,4,10,0.87,2.0,0.2723334021043945,0.15889897067248165,1,1,0,0
50,102,1,11,10,15,0.82,3.0,0.2770060128550695,-0.07063921793284424,0,1,0,1
38,86,1,10,11,5,0.79,2.0,0.27391304347826084,0.7934846216867173,1,0,1,1
32,7,2,15,3,14,0.79,2.0,0.265988987717069,0.2602239757544398,1,1,0,0
27,71,1,11,9,8,0.51,2.0,0.2767747230201067,-0.2837118622142554,0,1,0,0
40,44,1,18,11,8,0.84,3.0,0.2770060128550695,0.47791042201812256,1,1,0,1
32,163,2,16,10,6,0.55,3.0,0.2719186785260483,0.8147118067747122,0,1,0,0
41,107,4,16,2,8,0.99,1.0,0.2767747230201067,-0.412898317717862,0,0,1,0
40,78,3,8,7,8,0.75,3.0,0.2641112047177759,0.514519000363437,1,1,0,0
43,148,1,20,10,18,0.94,2.0,0.2767747230201067,-0.6354018442888031,0,1,0,0
38,16,1,22,7,8,0.71,3.0,0.27621483375959077,1.5236110854446558,0,0,1,1
41,63,1,17,11,13,0.84,2.0,0.265988987717069,-0.14511300426884483,0,1,0,0
25,98,3,21,9,8,0.64,3.0,0.2641112047177759,-0.571239812983941,1,1,0,1
46,87,1,21,6,11,0.81,1.0,0.2767747230201067,0.18928600028335765,0,0,1,0
18,132,1,20,8,13,0.52,2.0,0.2767747230201067,0.7224111273323108,1,0,1,1
18,74,1,17,8,6,0.6,3.0,0.2641112047177759,0.4790931322725901,0,0,0,0
27,85,3,14,11,9,0.54,2.0,0.2765167148163434,-0.4659970801840593,0,0,1,0
36,134,1,18,3,13,0.95,1.0,0.265988987717069,-0.193782763230031,1,0,0,1
46,132,1,11,11,8,0.86,3.0,0.27391304347826084,0.0003357172336899944,1,1,0,1
46,7,1,20,4,10,0.75,2.0,0.2723334021043945,-0.3897122687709053,1,0,1,0
29,159,2,15,10,13,0.69,3.0,0.2770060128550695,0.7696394581708647,1,1,0,0
41,18,1,17,7,7,0.65,1.0,0.2733843537414966,1.0782036356020426,1,1,0,0
40,179,1,11,5,8,0.52,1.0,0.2641112047177759,0.8064821145873758,1,0,0,0
47,94,4,18,10,7,0.65,3.0,0.27621483375959077,0.3676226907890279,0,0,1,1
35,112,4,10,6,12,0.83,1.0,0.2723334021043945,0.7532293533901281,0,1,0,1
40,80,2,20,7,18,0.63,2.0,0.27621483375959077,-0.4361274863095128,1,1,0,0
30,114,3,13,12,11,0.74,2.0,0.2770060128550695,0.24401714929868978,0,1,0,0
18,86,1,10,9,14,0.73,1.0,0.2641112047177759,-0.49409876862614655,0,1,0,0
46,67,1,7,5,8,0.86,2.0,0.2627646326276463,-0.27328306814751846,1,0,1,0
42,42,2,16,4,13,0.51,3.0,0.2765167148163434,1.0549436672641817,1,1,0,0
32,79,1,14,6,12,0.95,1.0,0.2655860349127182,-0.28255995170599796,1,0,1,0
24,56,2,10,6,9,0.6,2.0,0.2733843537414966,-0.6160596036688658,1,0,1,0
20,62,3,17,7,11,0.86,1.0,0.27621483375959077,-0.6282070235741257,0,0,1,0
31,42,3,11,12,5,0.51,1.0,0.27621483375959077,-0.47223710876622377,0,1,0,0
42,161,3,13,5,7,0.91,1.0,0.2719186785260483,0.09641244556144857,1,0,1,0
35,138,2,14,7,7,0.7,2.0,0.27621483375959077,-0.21595242055205466,0,0,1,0
30,45,2,11,6,11,0.58,2.0,0.2723334021043945,0.22911007213300563,0,1,0,0
50,149,1,26,7,4,0.63,3.0,0.2770060128550695,-0.4304172133621619,1,0,1,0
33,88,2,13,6,11,0.69,1.0,0.2733843537414966,2.1388455639125517,1,1,0,0
36,154,1,21,10,11,0.77,2.0,0.2723334021043945,0.9909356346903702,1,0,1,1
29,42,1,13,11,13,0.54,1.0,0.2770060128550695,-0.5842742655800516,0,1,0,1
39,133,1,15,3,7,0.76,2.0,0.2765167148163434,0.8481849709558393,0,0,0,0
42,128,3,13,9,10,0.71,1.0,0.27474402730375425,0.5079340146237195,0,0,1,0
41,67,2,12,4,6,0.79,1.0,0.27474402730375425,0.3758708628240903,1,1,0,0
39,143,1,15,5,4,0.7,1.0,0.2655860349127182,-0.13206007182500817,1,0,1,0
48,141,3,19,4,7,0.56,3.0,0.27391304347826084,1.1606791960034248,0,1,0,0
41,18,2,16,11,9,0.84,3.0,0.2770060128550695,1.518276569401068,0,1,0,1
27,5,3,14,11,9,0.61,1.0,0.2723334021043945,0.01467607906910847,1,0,1,0
28,57,1,15,7,10,0.95,1.0,0.2723334021043945,-0.3860963785658406,0,0,1,0
29,167,4,14,9,8,0.61,1.0,0.2767747230201067,-0.5491502350020636,0,1,0,0
30,164,1,17,10,13,0.67,2.0,0.2723334021043945,1.1447557272128077,0,0,1,0
53,68,4,17,7,4,0.69,2.0,0.2627646326276463,-0.097909313227259,0,1,0,1
29,104,4,17,7,13,0.66,2.0,0.2767747230201067,0.6600909208508122,1,0,0,1
35,65,2,15,11,10,0.59,1.0,0.2767747230201067,1.7501124190736668,0,1,0,0
41,166,2,19,11,9,0.69,2.0,0.27391304347826084,0.2060041025261952,0,0,1,0
32,46,4,12,9,3,0.62,3.0,0.27474402730375425,1.8454499534923832,1,0,1,0
48,135,1,17,8,13,0.54,2.0,0.2723334021043945,0.6755031138543418,1,1,0,1
22,132,1,19,8,11,0.82,3.0,0.2719186785260483,2.1388455639125517,1,1,0,0
47,131,1,18,3,10,0.74,1.0,0.2733843537414966,-0.14602467675666353,0,1,0,0
43,70,3,15,14,14,0.51,2.0,0.265988987717069,1.0668015695550668,1,0,1,0
58,44,3,11,5,8,0.64,1.0,0.2765167148163434,0.4254153345776431,0,0,1,1
34,153,1,16,10,11,0.82,3.0,0.2641112047177759,0.2701230141863631,1,0,1,1
38,73,1,11,5,5,0.66,3.0,0.2733843537414966,-0.39962362710131266,0,0,1,0
50,147,1,12,8,9,0.9,2.0,0.2767747230201067,0.7108489026050425,1,0,0,1
20,156,2,19,7,9,0.69,3.0,0.27391304347826084,0.29343226211816015,1,0,1,0
34,23,2,12,6,11,0.88,3.0,0.2641112047177759,0.6011340466554556,0,1,0,0
35,129,2,12,5,9,0.54,2.0,0.2767747230201067,-0.17622690789027898,1,0,0,0
31,155,1,19,9,10,0.81,3.0,0.265988987717069,2.033852001059511,1,1,0,0
44,54,1,20,4,10,0.6,2.0,0.27391304347826084,0.21547810446041923,1,1,0,0
32,137,2,15,1,14,0.78,1.0,0.2723334021043945,-0.13033528603724306,1,0,1,0
29,121,2,18,8,7,0.91,1.0,0.2767747230201067,0.24718336320908715,1,1,0,0
39,58,2,16,10,11,0.7,2.0,0.2770060128550695,-0.2422738836631986,0,0,1,1
33,70,3,12,7,8,0.6,2.0,0.27391304347826084,-0.5250709934150143,1,0,0,0
38,99,3,12,9,13,0.78,1.0,0.27391304347826084,-0.4769248301393996,0,1,0,0
20,29,3,12,8,11,0.81,2.0,0.2733843537414966,1.8735639618329545,0,0,1,0
36,123,2,16,5,12,0.65,2.0,0.27621483375959077,1.5548050684062362,1,1,0,1
46,141,2,10,7,9,0.71,1.0,0.2723334021043945,-0.22207541009862078,0,0,1,0
27,14,4,13,5,5,0.96,1.0,0.2641112047177759,-0.004204165357677453,1,0,1,0
18,157,1,19,6,11,0.81,1.0,0.2767747230201067,0.19657938018590726,0,1,0,0
41,86,1,17,13,10,0.91,2.0,0.2719186785260483,-0.1543282883349041,1,1,0,0
18,17,4,20,7,10,0.73,2.0,0.27391304347826084,1.9959313535256469,0,0,0,1
32,88,2,15,9,12,0.63,1.0,0.2723334021043945,-0.06277296275078693,1,0,1,1
49,82,2,15,12,17,0.87,2.0,0.2765167148163434,-0.5125724564029592,1,0,1,0
26,174,2,9,14,7,0.62,2.0,0.2767747230201067,-0.36437023758924225,1,1,0,0
22,166,1,19,9,7,0.74,1.0,0.2723334021043945,1.9374611153204098,0,0,1,0
37,130,3,14,9,6,0.59,1.0,0.2770060128550695,-0.19508251252009684,1,0,0,0
39,85,2,12,10,12,0.63,1.0,0.2770060128550695,0.24738664153407375,0,1,0,0
39,24,1,16,6,9,0.84,2.0,0.26641414141414144,2.1388455639125517,1,0,1,0
38,108,2,12,4,14,0.68,2.0,0.265988987717069,-0.11116552399608227,0,0,1,1
49,62,3,15,9,11,0.82,3.0,0.2719186785260483,0.6970752560998897,1,0,1,0
45,155,1,17,6,6,0.73,3.0,0.2723334021043945,-0.2378879998028816,1,1,0,0
44,157,3,6,8,9,0.64,1.0,0.27391304347826084,1.447313954133018,1,0,1,1
29,34,1,13,14,14,0.66,2.0,0.2770060128550695,-0.3368229445789367,0,1,0,0
19,167,4,14,1,13,0.96,1.0,0.2765167148163434,0.015446072724360752,0,1,0,0
34,105,3,13,13,6,0.97,2.0,0.2733843537414966,-0.1321832708098485,1,0,1,1
23,59,1,17,8,8,0.92,1.0,0.2765167148163434,-0.21947591151848908,0,0,0,0
46,168,2,18,10,5,0.78,1.0,0.2765167148163434,-0.3700866704858352,1,1,0,0
29,47,2,16,14,8,0.98,2.0,0.27391304347826084,1.117085235217662,1,0,1,0
36,134,1,21,9,15,0.86,2.0,0.2765167148163434,0.005485434800017248,1,0,0,0
24,118,3,14,7,3,0.75,1.0,0.2723334021043945,0.6996932345277475,0,0,1,1
45,152,2,11,4,15,0.6,1.0,0.2770060128550695,-0.2196853497927177,0,1,0,0
18,149,2,21,4,6,0.55,2.0,0.27812113720642767,-0.03385200105951127,0,1,0,0
47,134,1,14,9,11,0.89,2.0,0.2770060128550695,-0.49555251664726285,1,0,1,0
52,57,1,18,6,9,0.73,1.0,0.2770060128550695,2.1388455639125517,1,0,1,0
18,59,3,17,4,11,0.85,1.0,0.27391304347826084,-0.38567134206814135,0,0,0,0
30,133,1,15,7,4,0.88,1.0,0.2767747230201067,1.520247753158514,1,1,0,0
35,31,2,19,8,7,0.68,2.0,0.2770060128550695,-0.11205871663617492,1,1,0,0
36,96,3,17,12,12,0.59,3.0,0.2765167148163434,0.022690173032974208,0,0,1,0
34,38,2,12,6,13,0.77,1.0,0.2655860349127182,0.22291316319553528,0,1,0,0
30,171,2,25,6,17,0.74,2.0,0.2770060128550695,0.646175595513093,1,1,0,0
27,168,2,21,6,18,0.62,2.0,0.2723334021043945,0.7128816858549085,0,0,1,0
42,108,1,15,5,10,0.82,2.0,0.265988987717069,0.5111556680772951,1,0,1,0
40,18,2,16,2,8,0.83,2.0,0.27391304347826084,1.3776942077997276,0,0,1,1
26,155,1,18,10,10,0.61,1.0,0.2765167148163434,1.8489980842557858,0,0,1,0
48,130,4,17,9,8,0.61,2.0,0.2627646326276463,-0.5457191432742594,0,1,0,0
26,13,4,15,9,8,0.55,3.0,0.2719186785260483,0.8187404135789921,1,1,0,0
32,153,2,15,3,8,0.8,2.0,0.2770060128550695,0.9534893032481412,0,0,1,0
38,146,3,13,6,8,0.54,1.0,0.2767747230201067,0.25235156062314046,0,1,0,0
37,104,2,13,7,15,0.86,3.0,0.2770060128550695,-0.39239184669118327,0,1,0,1
24,54,2,16,6,9,0.84,1.0,0.26641414141414144,-0.5375633704778273,1,0,1,1
30,62,1,16,5,10,0.59,1.0,0.27474402730375425,-0.4375073149397249,1,1,0,0
49,73,2,15,7,10,0.64,1.0,0.2770060128550695,-0.20414379785510567,0,0,0,0
25,8,3,16,7,6,0.62,2.0,0.2770060128550695,0.2981507832375461,0,0,1,0
31,164,1,19,5,9,0.85,1.0,0.2641112047177759,-0.27579632743826193,1,1,0,0
37,47,1,13,6,5,0.76,1.0,0.2719186785260483,0.18761665403877073,0,1,0,1
29,98,2,17,8,4,0.93,3.0,0.2723334021043945,-0.0816347273298468,1,1,0,0
24,75,3,16,5,9,0.94,1.0,0.27391304347826084,-0.3260615132531308,1,0,1,0
32,145,1,9,12,12,0.93,1.0,0.27391304347826084,-0.5404400667738498,1,1,0,0
52,139,3,10,18,7,0.54,2.0,0.2719186785260483,-0.1899389549030116,1,1,0,0
46,163,2,16,6,12,0.69,3.0,0.2770060128550695,0.8647429145183844,1,0,1,0
28,87,1,11,10,10,0.52,2.0,0.2770060128550695,1.0308151460831962,1,1,0,1
46,103,1,11,7,8,0.96,2.0,0.265988987717069,0.46659459526053504,1,0,1,0
38,116,2,16,8,9,0.6,1.0,0.2733843537414966,-0.5071455411207412,1,1,0,0
33,35,1,19,4,11,0.69,2.0,0.2641112047177759,0.15743906270212332,0,0,1,0
23,88,1,16,6,18,1.0,1.0,0.2723334021043945,-0.04299336573466635,0,0,1,0
32,177,1,17,12,5,0.88,2.0,0.27391304347826084,0.06696172823535934,1,1,0,0
46,119,1,13,4,8,0.9,2.0,0.2641112047177759,2.0009332323101656,1,1,0,0
42,24,2,10,7,15,0.69,2.0,0.2641112047177759,0.5827897178127253,1,1,0,1
47,41,3,18,6,15,0.99,1.0,0.2641112047177759,0.40387399207830527,1,1,0,0
28,82,4,13,5,8,0.68,2.0,0.2723334021043945,-0.5035481307634025,0,0,0,1
20,93,2,14,7,10,0.83,2.0,0.265988987717069,-0.5856848939564738,0,1,0,0
26,62,4,14,5,12,0.95,1.0,0.2770060128550695,-0.25588737148805896,0,0,1,1
32,121,2,21,10,10,0.75,1.0,0.2627646326276463,0.759968337860896,0,1,0,0
29,83,1,16,5,9,0.9,2.0,0.27474402730375425,0.10163608251868005,1,1,0,0
35,65,1,17,10,7,0.78,3.0,0.2641112047177759,-0.2129956449158859,0,1,0,0
57,47,2,15,9,8,0.51,3.0,0.27474402730375425,2.1388455639125517,0,1,0,0
18,134,1,18,7,8,0.53,3.0,0.2765167148163434,-0.5891837451259402,1,1,0,0
36,35,3,7,6,7,0.93,1.0,0.2655860349127182,-0.21242276963637818,0,0,1,0
37,115,3,14,5,10,0.97,2.0,0.27391304347826084,-0.48105199613155186,1,0,0,0
30,7,2,16,9,16,0.64,1.0,0.2733843537414966,-0.4498333733730034,0,0,1,0
29,114,2,16,14,8,0.61,2.0,0.2733843537414966,-0.4462852426096009,1,1,0,0
46,93,2,12,10,10,0.51,2.0,0.2765167148163434,-0.02991579349386161,0,1,0,0
37,64,2,16,11,5,0.67,2.0,0.27391304347826084,-0.31074787943747345,0,1,0,1
42,46,4,5,10,7,0.75,1.0,0.2627646326276463,-0.0317021787740469,1,0,1,0
23,14,4,10,8,10,0.65,2.0,0.2641112047177759,-0.5419184545919342,0,0,1,1
18,15,4,13,7,15,0.57,1.0,0.2641112047177759,0.5976844750799254,1,1,0,0
36,157,2,11,15,7,0.79,1.0,0.2719186785260483,-0.20755024978594178,1,1,0,0
30,93,2,12,14,11,0.79,1.0,0.2770060128550695,0.4272448395025225,0,1,0,0
46,16,3,14,10,9,0.8,2.0,0.2767747230201067,-0.6092651796549197,1,1,0,1
38,165,1,13,8,9,0.91,2.0,0.27474402730375425,1.1228324678604649,1,1,0,0
46,47,1,15,7,10,0.65,1.0,0.2719186785260483,0.03414151867388613,0,1,0,0
50,115,2,7,3,9,0.99,2.0,0.2641112047177759,-0.4045947061396214,1,0,1,0
39,154,3,15,8,11,0.84,3.0,0.27812113720642767,0.7787993026937458,1,1,0,0
33,113,4,14,7,11,0.8,2.0,0.265988987717069,-0.3797824305927719,0,0,1,1
20,7,2,20,2,11,0.66,2.0,0.2723334021043945,0.6491077313522936,1,1,0,0
38,94,1,17,8,6,0.54,1.0,0.27621483375959077,1.338252052803085,0,0,0,0
35,85,1,9,7,6,0.56,2.0,0.2723334021043945,-0.6003763728986873,1,0,1,1
18,84,3,28,10,8,0.94,3.0,0.2723334021043945,-0.04177369578474673,0,1,0,0
31,177,3,20,4,11,0.91,3.0,0.2723334021043945,1.056711572696641,0,0,1,1
35,23,1,11,6,15,0.63,2.0,0.27474402730375425,-0.5254529102680194,1,1,0,1
33,44,4,12,4,8,0.87,3.0,0.27391304347826084,-0.3985702757809276,0,0,1,1
36,147,1,14,8,20,0.81,1.0,0.2733843537414966,-0.020799068615674605,0,1,0,0
55,130,3,17,7,15,0.71,1.0,0.265988987717069,2.1388455639125517,0,0,0,0
18,113,2,14,7,6,1.0,2.0,0.2770060128550695,-0.1511189547798126,0,1,0,0
24,117,2,13,7,12,0.59,1.0,0.2765167148163434,-0.6213694799154855,1,1,0,0
44,66,4,10,8,11,0.56,2.0,0.2627646326276463,-0.2709977269787297,1,1,0,0
38,4,1,14,10,14,0.89,3.0,0.2765167148163434,-0.22451474999846002,0,1,0,1
30,34,3,18,5,12,0.73,2.0,0.27391304347826084,2.1388455639125517,0,1,0,0
23,125,1,13,8,16,0.77,1.0,0.2723334021043945,-0.42287743548993156,0,1,0,1
36,28,1,16,8,10,0.65,1.0,0.2770060128550695,-0.4655905235340861,0,1,0,1
33,5,3,23,4,12,0.63,2.0,0.2723334021043945,-0.0778833182414577,0,1,0,1
19,72,1,13,7,11,0.77,2.0,0.2770060128550695,1.4279224339191445,1,0,1,0
26,179,1,22,7,4,0.7,3.0,0.2770060128550695,-0.19819944683655807,1,0,1,0
39,92,1,13,7,15,0.63,2.0,0.2719186785260483,1.1525542229532029,0,0,1,0
40,58,1,24,6,12,0.78,2.0,0.2765167148163434,0.8586260849210603,1,0,1,0
42,56,3,17,8,10,0.96,2.0,0.27474402730375425,0.7895176143748576,0,1,0,0
34,83,1,9,6,16,0.81,2.0,0.2733843537414966,-0.37438631505676395,0,1,0,0
35,113,2,12,8,15,0.82,1.0,0.2655860349127182,-0.13494908801951472,1,1,0,0
37,36,1,24,10,16,0.8,3.0,0.27474402730375425,-0.171508386770893,0,0,0,0
40,7,1,14,8,16,0.69,2.0,0.2770060128550695,1.4994332846697342,0,0,1,1
20,163,3,21,7,12,0.69,1.0,0.2767747230201067,-0.5114082259962178,1,0,0,0
24,108,4,13,4,13,0.79,3.0,0.265988987717069,-0.1661800306765472,1,1,0,1
26,79,2,16,6,9,0.73,2.0,0.2767747230201067,-0.22234028791602758,1,0,1,0
44,126,2,15,11,10,0.59,2.0,0.27391304347826084,0.4666377149052292,1,1,0,1
43,148,1,16,14,7,0.52,2.0,0.265988987717069,-0.3832812817622383,0,0,0,0
43,54,1,19,8,13,0.89,2.0,0.2723334021043945,0.8595192775611529,1,1,0,0
18,156,2,13,6,14,0.74,2.0,0.2770060128550695,-0.5051065979216331,0,0,1,1
23,99,2,24,9,14,0.63,1.0,0.2767747230201067,0.11590252496319431,0,1,0,0
30,175,3,6,9,9,0.88,2.0,0.2719186785260483,0.12033152846820543,0,0,1,0
35,111,1,11,10,12,0.88,2.0,0.27391304347826084,-0.28682263658147455,1,1,0,1
30,33,1,15,12,12,0.65,2.0,0.2767747230201067,-0.6177227899642107,1,1,0,0
37,84,1,27,6,10,0.92,1.0,0.2767747230201067,-0.32108427426558006,1,0,1,0
18,156,2,12,12,8,0.95,1.0,0.27391304347826084,0.05996402589642661,0,1,0,0
33,49,2,17,10,8,0.75,1.0,0.2765167148163434,0.2318389296472197,0,0,1,1
34,28,1,12,6,8,0.8,3.0,0.27391304347826084,0.02854212481289154,0,1,0,1
27,58,3,15,10,9,0.58,1.0,0.2765167148163434,0.6609717935924208,1,1,0,0
46,19,2,18,14,11,0.62,1.0,0.27391304347826084,2.1388455639125517,1,1,0,0
29,34,4,15,11,11,0.93,2.0,0.2719186785260483,2.1388455639125517,0,1,0,0
37,27,3,11,15,4,0.64,1.0,0.27474402730375425,-0.29195387430007574,0,0,1,0
34,165,1,13,4,13,0.83,2.0,0.2770060128550695,1.6194475757519757,1,1,0,0
60,88,2,11,7,8,0.89,2.0,0.2723334021043945,0.08741891966810193,0,0,1,0
18,64,2,15,8,14,0.79,3.0,0.2767747230201067,-0.010345634751969644,0,1,0,0
36,72,2,12,5,10,0.72,2.0,0.27474402730375425,0.6385803780976844,0,0,1,1
50,3,4,14,5,9,0.88,3.0,0.2719186785260483,-0.33128515021036226,0,1,0,1
44,109,3,19,4,17,0.6,2.0,0.2719186785260483,0.971618033867401,0,0,0,0
31,70,1,14,7,18,0.76,2.0,0.2765167148163434,0.4467164390565422,1,0,1,0
39,69,1,14,10,10,0.89,1.0,0.2767747230201067,0.03921115690006714,0,1,0,0
52,150,1,16,8,6,0.56,2.0,0.265988987717069,0.0649227850362513,1,0,1,0
38,111,2,11,16,10,0.77,3.0,0.2767747230201067,-0.2936417003923888,1,0,0,0
36,167,3,10,8,11,0.95,2.0,0.2733843537414966,1.8751162690419432,1,0,1,1
23,15,3,19,10,20,0.5,1.0,0.27474402730375425,-0.5935819488847411,0,0,1,1
32,122,3,12,7,9,0.68,2.0,0.27391304347826084,0.018353568766593362,1,0,1,0
28,74,1,15,8,16,0.57,2.0,0.2733843537414966,0.3814271370403908,0,1,0,0
39,113,2,14,9,14,0.76,3.0,0.265988987717069,-0.4136744713223563,1,1,0,0
45,121,2,19,7,12,0.79,2.0,0.2765167148163434,0.49028576004533725,0,0,0,0
23,44,2,22,7,11,0.9,2.0,0.2765167148163434,2.0879671551506416,0,0,1,0
27,37,4,15,9,10,0.51,1.0,0.2767747230201067,1.5537393971873672,0,0,1,0
18,66,2,6,6,17,0.84,2.0,0.2767747230201067,0.624899130831162,0,1,0,0
47,134,1,15,9,7,0.8,3.0,0.2767747230201067,-0.24394938985702758,1,0,1,0
35,157,2,18,9,7,0.66,2.0,0.2767747230201067,0.5859559317231225,0,1,0,0
28,38,1,20,7,10,0.79,1.0,0.2767747230201067,-0.2699998152015227,0,1,0,1
21,83,1,18,9,10,0.76,1.0,0.2719186785260483,0.27155212241051135,1,0,1,0
36,179,1,19,4,10,0.82,1.0,0.2641112047177759,1.2658603293108865,0,0,1,0
21,63,3,13,6,13,0.95,2.0,0.2765167148163434,-0.16588435311293034,1,1,0,0
24,20,1,18,10,19,0.71,2.0,0.27391304347826084,0.1325405478658856,1,1,0,0
38,161,4,17,4,7,0.63,2.0,0.2765167148163434,1.6249545703743402,1,1,0,0
38,135,2,21,10,11,0.56,3.0,0.2723334021043945,-0.2714042836287029,0,0,1,0
36,17,1,23,5,6,0.8,2.0,0.2767747230201067,2.1388455639125517,0,0,0,1
43,16,1,10,10,5,0.7,3.0,0.2719186785260483,1.000329557284448,1,1,0,0
33,166,1,13,6,9,0.74,2.0,0.2770060128550695,0.12437245517096938,0,1,0,0
37,18,2,7,4,10,0.68,2.0,0.2641112047177759,-0.47637043470761803,0,0,1,0
26,3,3,12,8,13,0.6,3.0,0.2765167148163434,0.08056289616173563,1,1,0,0
23,21,3,8,8,12,0.86,1.0,0.2723334021043945,-0.5907730120303809,0,0,0,1
36,39,1,15,6,12,0.96,1.0,0.2770060128550695,0.05235648858253408,0,1,0,1
24,24,4,15,8,16,0.95,3.0,0.27474402730375425,0.5167119422935955,1,0,1,0
42,64,1,11,5,13,0.5,1.0,0.2765167148163434,-0.1730914937260917,0,1,0,0
18,171,2,11,8,11,0.71,3.0,0.2719186785260483,-0.3089799740050142,1,0,0,0
44,72,3,17,6,14,0.97,2.0,0.2770060128550695,-0.21794824410646857,1,0,1,1
29,84,1,15,7,10,0.54,3.0,0.265988987717069,0.0027935369812552746,0,1,0,1
48,104,3,13,5,11,0.98,2.0,0.2770060128550695,0.4428479909325547,0,1,0,0
29,176,1,16,9,6,0.97,1.0,0.2655860349127182,-0.17687986250993293,1,0,0,0
35,58,1,19,6,5,0.97,3.0,0.2770060128550695,0.35130498524692155,0,1,0,0
24,138,1,23,7,6,0.99,1.0,0.2770060128550695,-0.20757488958290984,0,0,1,1
32,163,3,14,10,8,0.97,2.0,0.2719186785260483,-0.42250783853541046,0,0,1,0
54,47,1,13,14,11,0.87,2.0,0.2723334021043945,0.9728993033097407,0,1,0,0
55,40,3,18,7,10,0.87,1.0,0.2723334021043945,-0.5138783656422671,0,1,0,1
23,96,3,13,6,8,0.94,2.0,0.27391304347826084,-0.5081619327456742,1,0,1,0
35,23,3,23,7,13,0.78,1.0,0.26641414141414144,2.0829221567214287,0,1,0,1
42,176,2,11,13,2,0.94,3.0,0.26641414141414144,-0.5275472930103056,1,1,0,0
36,65,1,14,5,5,0.51,2.0,0.2641112047177759,-0.32101651482391785,0,1,0,1
41,121,1,12,8,9,0.67,1.0,0.2765167148163434,0.11723307399947025,1,1,0,0
29,37,2,24,4,7,0.81,2.0,0.2767747230201067,-0.17325165240638418,1,0,1,1
38,9,1,11,10,10,0.81,2.0,0.2641112047177759,-0.24680144635608203,0,1,0,0
24,120,1,13,7,11,0.8,1.0,0.2767747230201067,-0.4121160041641257,0,0,0,0
37,112,1,9,9,12,0.86,1.0,0.2719186785260483,0.397707882887045,1,1,0,1
38,29,1,12,8,10,0.51,3.0,0.2733843537414966,0.38948435064895065,1,0,1,1
36,70,2,13,5,11,0.95,2.0,0.2765167148163434,1.4086356328423855,0,0,0,0
50,25,3,9,15,10,0.63,2.0,0.2765167148163434,-0.2874078317594663,1,1,0,0
27,116,3,19,10,7,0.53,2.0,0.2770060128550695,1.1013958444982412,1,0,1,1
36,47,3,19,6,12,0.66,1.0,0.2723334021043945,0.10365654587006203,1,1,0,0
25,138,2,13,8,10,0.51,2.0,0.2770060128550695,-0.40946106604081584,1,1,0,0
18,131,1,9,6,8,0.76,2.0,0.2765167148163434,-0.5496491908906671,1,1,0,0
23,21,2,6,6,13,0.54,2.0,0.2719186785260483,2.1388455639125517,0,1,0,0
37,70,1,8,3,13,0.92,3.0,0.2655860349127182,0.9205458947018277,0,1,0,0
29,85,3,18,8,7,0.98,1.0,0.2765167148163434,-0.5933971504074806,1,1,0,0
23,16,3,14,7,9,0.65,2.0,0.2770060128550695,1.2315247722358769,1,1,0,0
49,74,3,15,6,13,0.56,3.0,0.2733843537414966,0.5852536975095325,1,0,1,1
25,146,4,26,5,8,0.82,2.0,0.26641414141414144,-0.5188186449343657,1,0,1,0
26,155,2,26,8,4,0.54,2.0,0.2723334021043945,-0.47941960958241703,0,1,0,0
28,61,3,14,9,10,0.9,2.0,0.27391304347826084,-0.39677773055150023,1,1,0,0
44,143,1,20,7,7,0.85,3.0,0.265988987717069,0.4547120531726819,0,1,0,0
31,11,1,17,6,12,0.75,3.0,0.265988987717069,-0.5086362488373096,0,0,1,1
47,84,2,11,12,9,0.75,2.0,0.2641112047177759,-0.11085136658473935,0,0,1,0
38,76,3,5,15,10,0.7,1.0,0.265988987717069,0.3264434301061359,0,0,0,0
31,19,1,13,3,10,0.79,3.0,0.2723334021043945,2.1388455639125517,0,0,1,1
18,109,3,18,4,10,0.84,3.0,0.26641414141414144,-0.004826320231121296,1,1,0,0
29,51,2,17,9,17,0.87,2.0,0.2765167148163434,-0.3396565212302651,0,0,1,0
20,132,2,14,7,9,0.65,3.0,0.2641112047177759,0.11926585724933626,0,1,0,1
38,62,1,12,6,6,0.87,2.0,0.2641112047177759,-0.40211840654433006,0,1,0,0
31,56,2,13,8,9,0.99,2.0,0.2770060128550695,-0.1105310492241544,0,0,1,1
32,4,2,9,7,9,0.83,2.0,0.2733843537414966,0.4355484510807631,1,0,1,1
24,54,2,15,9,7,0.71,2.0,0.2770060128550695,-0.10750651414632344,1,1,0,0
32,103,1,18,11,8,0.87,1.0,0.27391304347826084,-0.23786336000591354,0,0,1,0
18,143,3,17,7,11,0.57,2.0,0.2767747230201067,-0.5642359506957663,1,1,0,0
47,164,1,19,8,7,0.77,1.0,0.265988987717069,0.9651747269602499,1,0,1,0
27,146,3,17,7,6,0.69,2.0,0.2765167148163434,-0.24488570214181435,1,0,1,0
27,175,1,12,6,6,0.93,1.0,0.2770060128550695,-0.005356075865934865,0,0,1,0
